solid STL file created by Vectorworks 2026 Update 2 (Build 841021)
 facet normal -0.99941702236617 0.03414111018597 0.00000000000000
  outer loop
   vertex -2.26761944299686 0.27376031875610 12.50000000000001
   vertex -2.26761944299686 0.27376031875610 15.50000000000001
   vertex -2.18155594591479 2.79310791816515 15.50000000000001
  endloop
 endfacet
 facet normal -0.99475727885809 0.10226414894203 0.00000000000000
  outer loop
   vertex -2.18155594591479 2.79310791816515 12.50000000000001
   vertex -2.18155594591479 2.79310791816515 15.50000000000001
   vertex -1.92376672242053 5.30070915608722 15.50000000000001
  endloop
 endfacet
 facet normal -0.98545951771720 0.16991038502867 0.00000000000000
  outer loop
   vertex -1.92376672242053 5.30070915608722 12.50000000000001
   vertex -1.92376672242053 5.30070915608722 15.50000000000001
   vertex -1.49545370487439 7.78487243799496 15.50000000000001
  endloop
 endfacet
 facet normal -0.97156708939794 0.23676442046645 0.00000000000000
  outer loop
   vertex -1.49545370487439 7.78487243799496 12.50000000000001
   vertex -1.49545370487439 7.78487243799496 15.50000000000001
   vertex -0.89861388628156 10.23401544793133 15.50000000000001
  endloop
 endfacet
 facet normal -0.95314476681416 0.30251455088108 0.00000000000000
  outer loop
   vertex -0.89861388628156 10.23401544793133 12.50000000000001
   vertex -0.89861388628156 10.23401544793133 15.50000000000001
   vertex -0.13603000938887 12.63671915061325 15.50000000000001
  endloop
 endfacet
 facet normal -0.93027844333783 0.36685421881306 0.00000000000000
  outer loop
   vertex -0.13603000938887 12.63671915061325 12.50000000000001
   vertex -0.13603000938887 12.63671915061325 15.50000000000001
   vertex 0.78874240774645 14.98178103224533 15.50000000000001
  endloop
 endfacet
 facet normal -0.90307473232453 0.42948344303008 0.00000000000000
  outer loop
   vertex 0.78874240774645 14.98178103224533 12.50000000000001
   vertex 0.78874240774645 14.98178103224533 15.50000000000001
   vertex 1.87139164922328 17.25826733181046 15.50000000000001
  endloop
 endfacet
 facet normal -0.87166047003275 0.49011021717802 0.00000000000000
  outer loop
   vertex 1.87139164922328 17.25826733181046 12.50000000000001
   vertex 1.87139164922328 17.25826733181046 15.50000000000001
   vertex 3.10686990450647 19.45556401931093 15.50000000000001
  endloop
 endfacet
 facet normal -0.83618212425471 0.54845187124932 0.00000000000000
  outer loop
   vertex 3.10686990450647 19.45556401931093 12.50000000000001
   vertex 3.10686990450647 19.45556401931093 15.50000000000001
   vertex 4.48941680364976 21.56342628327587 15.50000000000001
  endloop
 endfacet
 facet normal -0.79680511141590 0.60423638952109 0.00000000000000
  outer loop
   vertex 4.48941680364976 21.56342628327587 12.50000000000001
   vertex 4.48941680364976 21.56342628327587 15.50000000000001
   vertex 6.01258627479952 23.57202629680156 15.50000000000001
  endloop
 endfacet
 facet normal -0.75371302532736 0.65720367881797 0.00000000000000
  outer loop
   vertex 6.01258627479952 23.57202629680156 12.50000000000001
   vertex 6.01258627479952 23.57202629680156 15.50000000000001
   vertex 7.66927659875742 25.47199903941721 15.50000000000001
  endloop
 endfacet
 facet normal -0.70710678118655 0.70710678118655 0.00000000000000
  outer loop
   vertex 7.66927659875742 25.47199903941721 12.50000000000001
   vertex 7.66927659875742 25.47199903941721 15.50000000000001
   vertex 9.45176352047355 27.25448596113333 15.50000000000001
  endloop
 endfacet
 facet normal -0.65720367881797 0.75371302532736 0.00000000000000
  outer loop
   vertex 9.45176352047355 27.25448596113333 12.50000000000001
   vertex 9.45176352047355 27.25448596113333 15.50000000000001
   vertex 11.35173626308918 28.91117628509123 15.50000000000001
  endloop
 endfacet
 facet normal -0.60423638952109 0.79680511141590 0.00000000000000
  outer loop
   vertex 11.35173626308918 28.91117628509123 12.50000000000001
   vertex 11.35173626308918 28.91117628509123 15.50000000000001
   vertex 13.36033627661489 30.43434575624099 15.50000000000001
  endloop
 endfacet
 facet normal -0.54845187124932 0.83618212425471 0.00000000000000
  outer loop
   vertex 13.36033627661489 30.43434575624099 12.50000000000001
   vertex 13.36033627661489 30.43434575624099 15.50000000000001
   vertex 15.46819854057982 31.81689265538428 15.50000000000001
  endloop
 endfacet
 facet normal -0.49011021717802 0.87166047003275 0.00000000000000
  outer loop
   vertex 15.46819854057982 31.81689265538428 12.50000000000001
   vertex 15.46819854057982 31.81689265538428 15.50000000000001
   vertex 17.66549522808029 33.05237091066747 15.50000000000001
  endloop
 endfacet
 facet normal -0.42948344303008 0.90307473232453 0.00000000000000
  outer loop
   vertex 17.66549522808029 33.05237091066747 12.50000000000001
   vertex 17.66549522808029 33.05237091066747 15.50000000000001
   vertex 19.94198152764542 34.13502015214429 15.50000000000001
  endloop
 endfacet
 facet normal -0.36685421881306 0.93027844333783 0.00000000000000
  outer loop
   vertex 19.94198152764542 34.13502015214429 12.50000000000001
   vertex 19.94198152764542 34.13502015214429 15.50000000000001
   vertex 22.28704340927750 35.05979256927962 15.50000000000001
  endloop
 endfacet
 facet normal -0.30251455088107 0.95314476681416 0.00000000000000
  outer loop
   vertex 22.28704340927750 35.05979256927962 12.50000000000001
   vertex 22.28704340927750 35.05979256927962 15.50000000000001
   vertex 24.68974711195942 35.82237644617230 15.50000000000001
  endloop
 endfacet
 facet normal -0.23676442046645 0.97156708939794 0.00000000000000
  outer loop
   vertex 24.68974711195942 35.82237644617230 12.50000000000001
   vertex 24.68974711195942 35.82237644617230 15.50000000000001
   vertex 27.13889012189579 36.41921626476513 15.50000000000001
  endloop
 endfacet
 facet normal -0.16991038502867 0.98545951771720 0.00000000000000
  outer loop
   vertex 27.13889012189579 36.41921626476513 12.50000000000001
   vertex 27.13889012189579 36.41921626476513 15.50000000000001
   vertex 29.62305340380352 36.84752928231128 15.50000000000001
  endloop
 endfacet
 facet normal -0.10226414894204 0.99475727885809 0.00000000000000
  outer loop
   vertex 29.62305340380352 36.84752928231128 12.50000000000001
   vertex 29.62305340380352 36.84752928231128 15.50000000000001
   vertex 32.13065464172560 37.10531850580554 15.50000000000001
  endloop
 endfacet
 facet normal -0.03414111018597 0.99941702236617 0.00000000000000
  outer loop
   vertex 32.13065464172560 37.10531850580554 12.50000000000001
   vertex 32.13065464172560 37.10531850580554 15.50000000000001
   vertex 34.65000224113464 37.19138200288760 15.50000000000001
  endloop
 endfacet
 facet normal 0.03414111018597 0.99941702236617 -0.00000000000000
  outer loop
   vertex 34.65000224113464 37.19138200288760 12.50000000000001
   vertex 34.65000224113464 37.19138200288760 15.50000000000001
   vertex 37.16934984054368 37.10531850580553 15.50000000000001
  endloop
 endfacet
 facet normal 0.10226414894203 0.99475727885809 -0.00000000000000
  outer loop
   vertex 37.16934984054368 37.10531850580553 12.50000000000001
   vertex 37.16934984054368 37.10531850580553 15.50000000000001
   vertex 39.67695107846576 36.84752928231128 15.50000000000001
  endloop
 endfacet
 facet normal 0.16991038502867 0.98545951771720 -0.00000000000000
  outer loop
   vertex 39.67695107846576 36.84752928231128 12.50000000000001
   vertex 39.67695107846576 36.84752928231128 15.50000000000001
   vertex 42.16111436037350 36.41921626476513 15.50000000000001
  endloop
 endfacet
 facet normal 0.23676442046645 0.97156708939794 -0.00000000000000
  outer loop
   vertex 42.16111436037350 36.41921626476513 12.50000000000001
   vertex 42.16111436037350 36.41921626476513 15.50000000000001
   vertex 44.61025737030987 35.82237644617230 15.50000000000001
  endloop
 endfacet
 facet normal 0.30251455088108 0.95314476681416 -0.00000000000000
  outer loop
   vertex 44.61025737030987 35.82237644617230 12.50000000000001
   vertex 44.61025737030987 35.82237644617230 15.50000000000001
   vertex 47.01296107299179 35.05979256927961 15.50000000000001
  endloop
 endfacet
 facet normal 0.36685421881306 0.93027844333783 -0.00000000000000
  outer loop
   vertex 47.01296107299179 35.05979256927961 12.50000000000001
   vertex 47.01296107299179 35.05979256927961 15.50000000000001
   vertex 49.35802295462387 34.13502015214429 15.50000000000001
  endloop
 endfacet
 facet normal 0.42948344303008 0.90307473232453 -0.00000000000000
  outer loop
   vertex 49.35802295462387 34.13502015214429 12.50000000000001
   vertex 49.35802295462387 34.13502015214429 15.50000000000001
   vertex 51.63450925418901 33.05237091066746 15.50000000000001
  endloop
 endfacet
 facet normal 0.49011021717802 0.87166047003275 -0.00000000000000
  outer loop
   vertex 51.63450925418901 33.05237091066746 12.50000000000001
   vertex 51.63450925418901 33.05237091066746 15.50000000000001
   vertex 53.83180594168947 31.81689265538427 15.50000000000001
  endloop
 endfacet
 facet normal 0.54845187124932 0.83618212425471 -0.00000000000000
  outer loop
   vertex 53.83180594168947 31.81689265538427 12.50000000000001
   vertex 53.83180594168947 31.81689265538427 15.50000000000001
   vertex 55.93966820565441 30.43434575624099 15.50000000000001
  endloop
 endfacet
 facet normal 0.60423638952110 0.79680511141590 -0.00000000000000
  outer loop
   vertex 55.93966820565441 30.43434575624099 12.50000000000001
   vertex 55.93966820565441 30.43434575624099 15.50000000000001
   vertex 57.94826821918009 28.91117628509123 15.50000000000001
  endloop
 endfacet
 facet normal 0.65720367881797 0.75371302532736 -0.00000000000000
  outer loop
   vertex 57.94826821918009 28.91117628509123 12.50000000000001
   vertex 57.94826821918009 28.91117628509123 15.50000000000001
   vertex 59.84824096179573 27.25448596113333 15.50000000000001
  endloop
 endfacet
 facet normal 0.70710678118655 0.70710678118655 -0.00000000000000
  outer loop
   vertex 59.84824096179573 27.25448596113333 12.50000000000001
   vertex 59.84824096179573 27.25448596113333 15.50000000000001
   vertex 61.63072788351187 25.47199903941719 15.50000000000001
  endloop
 endfacet
 facet normal 0.75371302532736 0.65720367881797 -0.00000000000000
  outer loop
   vertex 61.63072788351187 25.47199903941719 12.50000000000001
   vertex 61.63072788351187 25.47199903941719 15.50000000000001
   vertex 63.28741820746976 23.57202629680156 15.50000000000001
  endloop
 endfacet
 facet normal 0.79680511141590 0.60423638952109 -0.00000000000000
  outer loop
   vertex 63.28741820746976 23.57202629680156 12.50000000000001
   vertex 63.28741820746976 23.57202629680156 15.50000000000001
   vertex 64.81058767861953 21.56342628327585 15.50000000000001
  endloop
 endfacet
 facet normal 0.83618212425471 0.54845187124932 -0.00000000000000
  outer loop
   vertex 64.81058767861953 21.56342628327585 12.50000000000001
   vertex 64.81058767861953 21.56342628327585 15.50000000000001
   vertex 66.19313457776281 19.45556401931092 15.50000000000001
  endloop
 endfacet
 facet normal 0.87166047003275 0.49011021717802 -0.00000000000000
  outer loop
   vertex 66.19313457776281 19.45556401931092 12.50000000000001
   vertex 66.19313457776281 19.45556401931092 15.50000000000001
   vertex 67.42861283304600 17.25826733181045 15.50000000000001
  endloop
 endfacet
 facet normal 0.90307473232453 0.42948344303008 -0.00000000000000
  outer loop
   vertex 67.42861283304600 17.25826733181045 12.50000000000001
   vertex 67.42861283304600 17.25826733181045 15.50000000000001
   vertex 68.51126207452282 14.98178103224533 15.50000000000001
  endloop
 endfacet
 facet normal 0.93027844333783 0.36685421881306 -0.00000000000000
  outer loop
   vertex 68.51126207452282 14.98178103224533 12.50000000000001
   vertex 68.51126207452282 14.98178103224533 15.50000000000001
   vertex 69.43603449165815 12.63671915061324 15.50000000000001
  endloop
 endfacet
 facet normal 0.95314476681416 0.30251455088107 -0.00000000000000
  outer loop
   vertex 69.43603449165815 12.63671915061324 12.50000000000001
   vertex 69.43603449165815 12.63671915061324 15.50000000000001
   vertex 70.19861836855083 10.23401544793133 15.50000000000001
  endloop
 endfacet
 facet normal 0.97156708939794 0.23676442046645 -0.00000000000000
  outer loop
   vertex 70.19861836855083 10.23401544793133 12.50000000000001
   vertex 70.19861836855083 10.23401544793133 15.50000000000001
   vertex 70.79545818714367 7.78487243799495 15.50000000000001
  endloop
 endfacet
 facet normal 0.98545951771720 0.16991038502867 -0.00000000000000
  outer loop
   vertex 70.79545818714367 7.78487243799495 12.50000000000001
   vertex 70.79545818714367 7.78487243799495 15.50000000000001
   vertex 71.22377120468981 5.30070915608721 15.50000000000001
  endloop
 endfacet
 facet normal 0.99475727885809 0.10226414894203 -0.00000000000000
  outer loop
   vertex 71.22377120468981 5.30070915608721 12.50000000000001
   vertex 71.22377120468981 5.30070915608721 15.50000000000001
   vertex 71.48156042818407 2.79310791816514 15.50000000000001
  endloop
 endfacet
 facet normal 0.99941702236617 0.03414111018597 -0.00000000000000
  outer loop
   vertex 71.48156042818407 2.79310791816514 12.50000000000001
   vertex 71.48156042818407 2.79310791816514 15.50000000000001
   vertex 71.56762392526613 0.27376031875611 15.50000000000001
  endloop
 endfacet
 facet normal 0.99941702236617 -0.03414111018597 0.00000000000000
  outer loop
   vertex 71.56762392526613 0.27376031875611 12.50000000000001
   vertex 71.56762392526613 0.27376031875611 15.50000000000001
   vertex 71.48156042818405 -2.24558728065294 15.50000000000001
  endloop
 endfacet
 facet normal 0.99475727885810 -0.10226414894203 0.00000000000000
  outer loop
   vertex 71.48156042818405 -2.24558728065294 12.50000000000001
   vertex 71.48156042818405 -2.24558728065294 15.50000000000001
   vertex 71.22377120468981 -4.75318851857501 15.50000000000001
  endloop
 endfacet
 facet normal 0.98545951771720 -0.16991038502867 0.00000000000000
  outer loop
   vertex 71.22377120468981 -4.75318851857501 12.50000000000001
   vertex 71.22377120468981 -4.75318851857501 15.50000000000001
   vertex 70.79545818714367 -7.23735180048275 15.50000000000001
  endloop
 endfacet
 facet normal 0.97156708939794 -0.23676442046645 0.00000000000000
  outer loop
   vertex 70.79545818714367 -7.23735180048275 12.50000000000001
   vertex 70.79545818714367 -7.23735180048275 15.50000000000001
   vertex 70.19861836855083 -9.68649481041913 15.50000000000001
  endloop
 endfacet
 facet normal 0.95314476681416 -0.30251455088107 0.00000000000000
  outer loop
   vertex 70.19861836855083 -9.68649481041913 12.50000000000001
   vertex 70.19861836855083 -9.68649481041913 15.50000000000001
   vertex 69.43603449165815 -12.08919851310104 15.50000000000001
  endloop
 endfacet
 facet normal 0.93027844333783 -0.36685421881306 0.00000000000000
  outer loop
   vertex 69.43603449165815 -12.08919851310104 12.50000000000001
   vertex 69.43603449165815 -12.08919851310104 15.50000000000001
   vertex 68.51126207452282 -14.43426039473312 15.50000000000001
  endloop
 endfacet
 facet normal 0.90307473232453 -0.42948344303008 0.00000000000000
  outer loop
   vertex 68.51126207452282 -14.43426039473312 12.50000000000001
   vertex 68.51126207452282 -14.43426039473312 15.50000000000001
   vertex 67.42861283304600 -16.71074669429826 15.50000000000001
  endloop
 endfacet
 facet normal 0.87166047003275 -0.49011021717802 0.00000000000000
  outer loop
   vertex 67.42861283304600 -16.71074669429826 12.50000000000001
   vertex 67.42861283304600 -16.71074669429826 15.50000000000001
   vertex 66.19313457776281 -18.90804338179872 15.50000000000001
  endloop
 endfacet
 facet normal 0.83618212425471 -0.54845187124932 0.00000000000000
  outer loop
   vertex 66.19313457776281 -18.90804338179872 12.50000000000001
   vertex 66.19313457776281 -18.90804338179872 15.50000000000001
   vertex 64.81058767861951 -21.01590564576366 15.50000000000001
  endloop
 endfacet
 facet normal 0.79680511141590 -0.60423638952110 0.00000000000000
  outer loop
   vertex 64.81058767861951 -21.01590564576366 12.50000000000001
   vertex 64.81058767861951 -21.01590564576366 15.50000000000001
   vertex 63.28741820746974 -23.02450565928936 15.50000000000001
  endloop
 endfacet
 facet normal 0.75371302532736 -0.65720367881797 0.00000000000000
  outer loop
   vertex 63.28741820746974 -23.02450565928936 12.50000000000001
   vertex 63.28741820746974 -23.02450565928936 15.50000000000001
   vertex 61.63072788351186 -24.92447840190499 15.50000000000001
  endloop
 endfacet
 facet normal 0.70710678118655 -0.70710678118655 0.00000000000000
  outer loop
   vertex 61.63072788351186 -24.92447840190499 12.50000000000001
   vertex 61.63072788351186 -24.92447840190499 15.50000000000001
   vertex 59.84824096179572 -26.70696532362113 15.50000000000001
  endloop
 endfacet
 facet normal 0.65720367881797 -0.75371302532736 0.00000000000000
  outer loop
   vertex 59.84824096179572 -26.70696532362113 12.50000000000001
   vertex 59.84824096179572 -26.70696532362113 15.50000000000001
   vertex 57.94826821918011 -28.36365564757901 15.50000000000001
  endloop
 endfacet
 facet normal 0.60423638952109 -0.79680511141591 0.00000000000000
  outer loop
   vertex 57.94826821918011 -28.36365564757901 12.50000000000001
   vertex 57.94826821918011 -28.36365564757901 15.50000000000001
   vertex 55.93966820565437 -29.88682511872879 15.50000000000001
  endloop
 endfacet
 facet normal 0.54845187124932 -0.83618212425471 0.00000000000000
  outer loop
   vertex 55.93966820565437 -29.88682511872879 12.50000000000001
   vertex 55.93966820565437 -29.88682511872879 15.50000000000001
   vertex 53.83180594168945 -31.26937201787206 15.50000000000001
  endloop
 endfacet
 facet normal 0.49011021717802 -0.87166047003275 0.00000000000000
  outer loop
   vertex 53.83180594168945 -31.26937201787206 12.50000000000001
   vertex 53.83180594168945 -31.26937201787206 15.50000000000001
   vertex 51.63450925418899 -32.50485027315526 15.50000000000001
  endloop
 endfacet
 facet normal 0.42948344303008 -0.90307473232453 0.00000000000000
  outer loop
   vertex 51.63450925418899 -32.50485027315526 12.50000000000001
   vertex 51.63450925418899 -32.50485027315526 15.50000000000001
   vertex 49.35802295462385 -33.58749951463209 15.50000000000001
  endloop
 endfacet
 facet normal 0.36685421881306 -0.93027844333783 0.00000000000000
  outer loop
   vertex 49.35802295462385 -33.58749951463209 12.50000000000001
   vertex 49.35802295462385 -33.58749951463209 15.50000000000001
   vertex 47.01296107299179 -34.51227193176740 15.50000000000001
  endloop
 endfacet
 facet normal 0.30251455088108 -0.95314476681416 0.00000000000000
  outer loop
   vertex 47.01296107299179 -34.51227193176740 12.50000000000001
   vertex 47.01296107299179 -34.51227193176740 15.50000000000001
   vertex 44.61025737030986 -35.27485580866009 15.50000000000001
  endloop
 endfacet
 facet normal 0.23676442046644 -0.97156708939794 0.00000000000000
  outer loop
   vertex 44.61025737030986 -35.27485580866009 12.50000000000001
   vertex 44.61025737030986 -35.27485580866009 15.50000000000001
   vertex 42.16111436037348 -35.87169562725292 15.50000000000001
  endloop
 endfacet
 facet normal 0.16991038502867 -0.98545951771720 0.00000000000000
  outer loop
   vertex 42.16111436037348 -35.87169562725292 12.50000000000001
   vertex 42.16111436037348 -35.87169562725292 15.50000000000001
   vertex 39.67695107846574 -36.30000864479906 15.50000000000001
  endloop
 endfacet
 facet normal 0.10226414894204 -0.99475727885809 0.00000000000000
  outer loop
   vertex 39.67695107846574 -36.30000864479906 12.50000000000001
   vertex 39.67695107846574 -36.30000864479906 15.50000000000001
   vertex 37.16934984054366 -36.55779786829333 15.50000000000001
  endloop
 endfacet
 facet normal 0.03414111018597 -0.99941702236617 0.00000000000000
  outer loop
   vertex 37.16934984054366 -36.55779786829333 12.50000000000001
   vertex 37.16934984054366 -36.55779786829333 15.50000000000001
   vertex 34.65000224113464 -36.64386136537539 15.50000000000001
  endloop
 endfacet
 facet normal -0.03414111018597 -0.99941702236617 0.00000000000000
  outer loop
   vertex 34.65000224113464 -36.64386136537539 12.50000000000001
   vertex 34.65000224113464 -36.64386136537539 15.50000000000001
   vertex 32.13065464172559 -36.55779786829332 15.50000000000001
  endloop
 endfacet
 facet normal -0.10226414894203 -0.99475727885809 0.00000000000000
  outer loop
   vertex 32.13065464172559 -36.55779786829332 12.50000000000001
   vertex 32.13065464172559 -36.55779786829332 15.50000000000001
   vertex 29.62305340380351 -36.30000864479906 15.50000000000001
  endloop
 endfacet
 facet normal -0.16991038502867 -0.98545951771720 0.00000000000000
  outer loop
   vertex 29.62305340380351 -36.30000864479906 12.50000000000001
   vertex 29.62305340380351 -36.30000864479906 15.50000000000001
   vertex 27.13889012189577 -35.87169562725292 15.50000000000001
  endloop
 endfacet
 facet normal -0.23676442046645 -0.97156708939794 0.00000000000000
  outer loop
   vertex 27.13889012189577 -35.87169562725292 12.50000000000001
   vertex 27.13889012189577 -35.87169562725292 15.50000000000001
   vertex 24.68974711195939 -35.27485580866009 15.50000000000001
  endloop
 endfacet
 facet normal -0.30251455088108 -0.95314476681416 0.00000000000000
  outer loop
   vertex 24.68974711195939 -35.27485580866009 12.50000000000001
   vertex 24.68974711195939 -35.27485580866009 15.50000000000001
   vertex 22.28704340927749 -34.51227193176740 15.50000000000001
  endloop
 endfacet
 facet normal -0.36685421881305 -0.93027844333783 0.00000000000000
  outer loop
   vertex 22.28704340927749 -34.51227193176740 12.50000000000001
   vertex 22.28704340927749 -34.51227193176740 15.50000000000001
   vertex 19.94198152764541 -33.58749951463209 15.50000000000001
  endloop
 endfacet
 facet normal -0.42948344303008 -0.90307473232453 0.00000000000000
  outer loop
   vertex 19.94198152764541 -33.58749951463209 12.50000000000001
   vertex 19.94198152764541 -33.58749951463209 15.50000000000001
   vertex 17.66549522808027 -32.50485027315525 15.50000000000001
  endloop
 endfacet
 facet normal -0.49011021717802 -0.87166047003275 0.00000000000000
  outer loop
   vertex 17.66549522808027 -32.50485027315525 12.50000000000001
   vertex 17.66549522808027 -32.50485027315525 15.50000000000001
   vertex 15.46819854057980 -31.26937201787205 15.50000000000001
  endloop
 endfacet
 facet normal -0.54845187124932 -0.83618212425471 0.00000000000000
  outer loop
   vertex 15.46819854057980 -31.26937201787205 12.50000000000001
   vertex 15.46819854057980 -31.26937201787205 15.50000000000001
   vertex 13.36033627661486 -29.88682511872877 15.50000000000001
  endloop
 endfacet
 facet normal -0.60423638952110 -0.79680511141590 0.00000000000000
  outer loop
   vertex 13.36033627661486 -29.88682511872877 12.50000000000001
   vertex 13.36033627661486 -29.88682511872877 15.50000000000001
   vertex 11.35173626308918 -28.36365564757902 15.50000000000001
  endloop
 endfacet
 facet normal -0.65720367881797 -0.75371302532736 0.00000000000000
  outer loop
   vertex 11.35173626308918 -28.36365564757902 12.50000000000001
   vertex 11.35173626308918 -28.36365564757902 15.50000000000001
   vertex 9.45176352047354 -26.70696532362112 15.50000000000001
  endloop
 endfacet
 facet normal -0.70710678118655 -0.70710678118655 0.00000000000000
  outer loop
   vertex 9.45176352047354 -26.70696532362112 12.50000000000001
   vertex 9.45176352047354 -26.70696532362112 15.50000000000001
   vertex 7.66927659875741 -24.92447840190498 15.50000000000001
  endloop
 endfacet
 facet normal -0.75371302532736 -0.65720367881797 0.00000000000000
  outer loop
   vertex 7.66927659875741 -24.92447840190498 12.50000000000001
   vertex 7.66927659875741 -24.92447840190498 15.50000000000001
   vertex 6.01258627479953 -23.02450565928936 15.50000000000001
  endloop
 endfacet
 facet normal -0.79680511141590 -0.60423638952110 0.00000000000000
  outer loop
   vertex 6.01258627479953 -23.02450565928936 12.50000000000001
   vertex 6.01258627479953 -23.02450565928936 15.50000000000001
   vertex 4.48941680364976 -21.01590564576366 15.50000000000001
  endloop
 endfacet
 facet normal -0.83618212425471 -0.54845187124932 0.00000000000000
  outer loop
   vertex 4.48941680364976 -21.01590564576366 12.50000000000001
   vertex 4.48941680364976 -21.01590564576366 15.50000000000001
   vertex 3.10686990450647 -18.90804338179871 15.50000000000001
  endloop
 endfacet
 facet normal -0.87166047003275 -0.49011021717802 0.00000000000000
  outer loop
   vertex 3.10686990450647 -18.90804338179871 12.50000000000001
   vertex 3.10686990450647 -18.90804338179871 15.50000000000001
   vertex 1.87139164922327 -16.71074669429825 15.50000000000001
  endloop
 endfacet
 facet normal -0.90307473232453 -0.42948344303008 0.00000000000000
  outer loop
   vertex 1.87139164922327 -16.71074669429825 12.50000000000001
   vertex 1.87139164922327 -16.71074669429825 15.50000000000001
   vertex 0.78874240774645 -14.43426039473311 15.50000000000001
  endloop
 endfacet
 facet normal -0.93027844333783 -0.36685421881306 0.00000000000000
  outer loop
   vertex 0.78874240774645 -14.43426039473311 12.50000000000001
   vertex 0.78874240774645 -14.43426039473311 15.50000000000001
   vertex -0.13603000938887 -12.08919851310105 15.50000000000001
  endloop
 endfacet
 facet normal -0.95314476681416 -0.30251455088108 0.00000000000000
  outer loop
   vertex -0.13603000938887 -12.08919851310105 12.50000000000001
   vertex -0.13603000938887 -12.08919851310105 15.50000000000001
   vertex -0.89861388628156 -9.68649481041912 15.50000000000001
  endloop
 endfacet
 facet normal -0.97156708939794 -0.23676442046645 0.00000000000000
  outer loop
   vertex -0.89861388628156 -9.68649481041912 12.50000000000001
   vertex -0.89861388628156 -9.68649481041912 15.50000000000001
   vertex -1.49545370487439 -7.23735180048275 15.50000000000001
  endloop
 endfacet
 facet normal -0.98545951771720 -0.16991038502867 0.00000000000000
  outer loop
   vertex -1.49545370487439 -7.23735180048275 12.50000000000001
   vertex -1.49545370487439 -7.23735180048275 15.50000000000001
   vertex -1.92376672242053 -4.75318851857500 15.50000000000001
  endloop
 endfacet
 facet normal -0.99475727885809 -0.10226414894203 0.00000000000000
  outer loop
   vertex -1.92376672242053 -4.75318851857500 12.50000000000001
   vertex -1.92376672242053 -4.75318851857500 15.50000000000001
   vertex -2.18155594591480 -2.24558728065292 15.50000000000001
  endloop
 endfacet
 facet normal -0.99941702236617 -0.03414111018597 0.00000000000000
  outer loop
   vertex -2.18155594591480 -2.24558728065292 12.50000000000001
   vertex -2.18155594591480 -2.24558728065292 15.50000000000001
   vertex -2.26761944299686 0.27376031875610 15.50000000000001
  endloop
 endfacet
 facet normal -0.99941702236617 -0.03414111018597 -0.00000000000000
  outer loop
   vertex -2.26761944299686 0.27376031875610 15.50000000000001
   vertex -2.26761944299686 0.27376031875610 12.50000000000001
   vertex -2.18155594591480 -2.24558728065292 12.50000000000001
  endloop
 endfacet
 facet normal -0.99475727885809 -0.10226414894203 -0.00000000000000
  outer loop
   vertex -2.18155594591480 -2.24558728065292 15.50000000000001
   vertex -2.18155594591480 -2.24558728065292 12.50000000000001
   vertex -1.92376672242053 -4.75318851857500 12.50000000000001
  endloop
 endfacet
 facet normal -0.98545951771720 -0.16991038502867 -0.00000000000000
  outer loop
   vertex -1.92376672242053 -4.75318851857500 15.50000000000001
   vertex -1.92376672242053 -4.75318851857500 12.50000000000001
   vertex -1.49545370487439 -7.23735180048275 12.50000000000001
  endloop
 endfacet
 facet normal -0.97156708939794 -0.23676442046645 -0.00000000000000
  outer loop
   vertex -1.49545370487439 -7.23735180048275 15.50000000000001
   vertex -1.49545370487439 -7.23735180048275 12.50000000000001
   vertex -0.89861388628156 -9.68649481041912 12.50000000000001
  endloop
 endfacet
 facet normal -0.95314476681416 -0.30251455088108 -0.00000000000000
  outer loop
   vertex -0.89861388628156 -9.68649481041912 15.50000000000001
   vertex -0.89861388628156 -9.68649481041912 12.50000000000001
   vertex -0.13603000938887 -12.08919851310105 12.50000000000001
  endloop
 endfacet
 facet normal -0.93027844333783 -0.36685421881306 -0.00000000000000
  outer loop
   vertex -0.13603000938887 -12.08919851310105 15.50000000000001
   vertex -0.13603000938887 -12.08919851310105 12.50000000000001
   vertex 0.78874240774645 -14.43426039473311 12.50000000000001
  endloop
 endfacet
 facet normal -0.90307473232453 -0.42948344303008 -0.00000000000000
  outer loop
   vertex 0.78874240774645 -14.43426039473311 15.50000000000001
   vertex 0.78874240774645 -14.43426039473311 12.50000000000001
   vertex 1.87139164922327 -16.71074669429825 12.50000000000001
  endloop
 endfacet
 facet normal -0.87166047003275 -0.49011021717802 -0.00000000000000
  outer loop
   vertex 1.87139164922327 -16.71074669429825 15.50000000000001
   vertex 1.87139164922327 -16.71074669429825 12.50000000000001
   vertex 3.10686990450647 -18.90804338179871 12.50000000000001
  endloop
 endfacet
 facet normal -0.83618212425471 -0.54845187124932 -0.00000000000000
  outer loop
   vertex 3.10686990450647 -18.90804338179871 15.50000000000001
   vertex 3.10686990450647 -18.90804338179871 12.50000000000001
   vertex 4.48941680364976 -21.01590564576366 12.50000000000001
  endloop
 endfacet
 facet normal -0.79680511141590 -0.60423638952110 -0.00000000000000
  outer loop
   vertex 4.48941680364976 -21.01590564576366 15.50000000000001
   vertex 4.48941680364976 -21.01590564576366 12.50000000000001
   vertex 6.01258627479953 -23.02450565928936 12.50000000000001
  endloop
 endfacet
 facet normal -0.75371302532736 -0.65720367881797 -0.00000000000000
  outer loop
   vertex 6.01258627479953 -23.02450565928936 15.50000000000001
   vertex 6.01258627479953 -23.02450565928936 12.50000000000001
   vertex 7.66927659875741 -24.92447840190498 12.50000000000001
  endloop
 endfacet
 facet normal -0.70710678118655 -0.70710678118655 -0.00000000000000
  outer loop
   vertex 7.66927659875741 -24.92447840190498 15.50000000000001
   vertex 7.66927659875741 -24.92447840190498 12.50000000000001
   vertex 9.45176352047354 -26.70696532362112 12.50000000000001
  endloop
 endfacet
 facet normal -0.65720367881797 -0.75371302532736 -0.00000000000000
  outer loop
   vertex 9.45176352047354 -26.70696532362112 15.50000000000001
   vertex 9.45176352047354 -26.70696532362112 12.50000000000001
   vertex 11.35173626308918 -28.36365564757902 12.50000000000001
  endloop
 endfacet
 facet normal -0.60423638952110 -0.79680511141590 -0.00000000000000
  outer loop
   vertex 11.35173626308918 -28.36365564757902 15.50000000000001
   vertex 11.35173626308918 -28.36365564757902 12.50000000000001
   vertex 13.36033627661486 -29.88682511872877 12.50000000000001
  endloop
 endfacet
 facet normal -0.54845187124932 -0.83618212425471 -0.00000000000000
  outer loop
   vertex 13.36033627661486 -29.88682511872877 15.50000000000001
   vertex 13.36033627661486 -29.88682511872877 12.50000000000001
   vertex 15.46819854057980 -31.26937201787205 12.50000000000001
  endloop
 endfacet
 facet normal -0.49011021717802 -0.87166047003275 -0.00000000000000
  outer loop
   vertex 15.46819854057980 -31.26937201787205 15.50000000000001
   vertex 15.46819854057980 -31.26937201787205 12.50000000000001
   vertex 17.66549522808027 -32.50485027315525 12.50000000000001
  endloop
 endfacet
 facet normal -0.42948344303008 -0.90307473232453 -0.00000000000000
  outer loop
   vertex 17.66549522808027 -32.50485027315525 15.50000000000001
   vertex 17.66549522808027 -32.50485027315525 12.50000000000001
   vertex 19.94198152764541 -33.58749951463209 12.50000000000001
  endloop
 endfacet
 facet normal -0.36685421881305 -0.93027844333783 -0.00000000000000
  outer loop
   vertex 19.94198152764541 -33.58749951463209 15.50000000000001
   vertex 19.94198152764541 -33.58749951463209 12.50000000000001
   vertex 22.28704340927749 -34.51227193176740 12.50000000000001
  endloop
 endfacet
 facet normal -0.30251455088108 -0.95314476681416 -0.00000000000000
  outer loop
   vertex 22.28704340927749 -34.51227193176740 15.50000000000001
   vertex 22.28704340927749 -34.51227193176740 12.50000000000001
   vertex 24.68974711195939 -35.27485580866009 12.50000000000001
  endloop
 endfacet
 facet normal -0.23676442046645 -0.97156708939794 -0.00000000000000
  outer loop
   vertex 24.68974711195939 -35.27485580866009 15.50000000000001
   vertex 24.68974711195939 -35.27485580866009 12.50000000000001
   vertex 27.13889012189577 -35.87169562725292 12.50000000000001
  endloop
 endfacet
 facet normal -0.16991038502867 -0.98545951771720 -0.00000000000000
  outer loop
   vertex 27.13889012189577 -35.87169562725292 15.50000000000001
   vertex 27.13889012189577 -35.87169562725292 12.50000000000001
   vertex 29.62305340380351 -36.30000864479906 12.50000000000001
  endloop
 endfacet
 facet normal -0.10226414894203 -0.99475727885809 -0.00000000000000
  outer loop
   vertex 29.62305340380351 -36.30000864479906 15.50000000000001
   vertex 29.62305340380351 -36.30000864479906 12.50000000000001
   vertex 32.13065464172559 -36.55779786829332 12.50000000000001
  endloop
 endfacet
 facet normal -0.03414111018597 -0.99941702236617 -0.00000000000000
  outer loop
   vertex 32.13065464172559 -36.55779786829332 15.50000000000001
   vertex 32.13065464172559 -36.55779786829332 12.50000000000001
   vertex 34.65000224113464 -36.64386136537539 12.50000000000001
  endloop
 endfacet
 facet normal 0.03414111018597 -0.99941702236617 0.00000000000000
  outer loop
   vertex 34.65000224113464 -36.64386136537539 15.50000000000001
   vertex 34.65000224113464 -36.64386136537539 12.50000000000001
   vertex 37.16934984054366 -36.55779786829333 12.50000000000001
  endloop
 endfacet
 facet normal 0.10226414894204 -0.99475727885809 0.00000000000000
  outer loop
   vertex 37.16934984054366 -36.55779786829333 15.50000000000001
   vertex 37.16934984054366 -36.55779786829333 12.50000000000001
   vertex 39.67695107846574 -36.30000864479906 12.50000000000001
  endloop
 endfacet
 facet normal 0.16991038502867 -0.98545951771720 0.00000000000000
  outer loop
   vertex 39.67695107846574 -36.30000864479906 15.50000000000001
   vertex 39.67695107846574 -36.30000864479906 12.50000000000001
   vertex 42.16111436037348 -35.87169562725292 12.50000000000001
  endloop
 endfacet
 facet normal 0.23676442046644 -0.97156708939794 0.00000000000000
  outer loop
   vertex 42.16111436037348 -35.87169562725292 15.50000000000001
   vertex 42.16111436037348 -35.87169562725292 12.50000000000001
   vertex 44.61025737030986 -35.27485580866009 12.50000000000001
  endloop
 endfacet
 facet normal 0.30251455088108 -0.95314476681416 0.00000000000000
  outer loop
   vertex 44.61025737030986 -35.27485580866009 15.50000000000001
   vertex 44.61025737030986 -35.27485580866009 12.50000000000001
   vertex 47.01296107299179 -34.51227193176740 12.50000000000001
  endloop
 endfacet
 facet normal 0.36685421881306 -0.93027844333783 0.00000000000000
  outer loop
   vertex 47.01296107299179 -34.51227193176740 15.50000000000001
   vertex 47.01296107299179 -34.51227193176740 12.50000000000001
   vertex 49.35802295462385 -33.58749951463209 12.50000000000001
  endloop
 endfacet
 facet normal 0.42948344303008 -0.90307473232453 0.00000000000000
  outer loop
   vertex 49.35802295462385 -33.58749951463209 15.50000000000001
   vertex 49.35802295462385 -33.58749951463209 12.50000000000001
   vertex 51.63450925418899 -32.50485027315526 12.50000000000001
  endloop
 endfacet
 facet normal 0.49011021717802 -0.87166047003275 0.00000000000000
  outer loop
   vertex 51.63450925418899 -32.50485027315526 15.50000000000001
   vertex 51.63450925418899 -32.50485027315526 12.50000000000001
   vertex 53.83180594168945 -31.26937201787206 12.50000000000001
  endloop
 endfacet
 facet normal 0.54845187124932 -0.83618212425471 0.00000000000000
  outer loop
   vertex 53.83180594168945 -31.26937201787206 15.50000000000001
   vertex 53.83180594168945 -31.26937201787206 12.50000000000001
   vertex 55.93966820565437 -29.88682511872879 12.50000000000001
  endloop
 endfacet
 facet normal 0.60423638952109 -0.79680511141591 0.00000000000000
  outer loop
   vertex 55.93966820565437 -29.88682511872879 15.50000000000001
   vertex 55.93966820565437 -29.88682511872879 12.50000000000001
   vertex 57.94826821918011 -28.36365564757901 12.50000000000001
  endloop
 endfacet
 facet normal 0.65720367881797 -0.75371302532736 0.00000000000000
  outer loop
   vertex 57.94826821918011 -28.36365564757901 15.50000000000001
   vertex 57.94826821918011 -28.36365564757901 12.50000000000001
   vertex 59.84824096179572 -26.70696532362113 12.50000000000001
  endloop
 endfacet
 facet normal 0.70710678118655 -0.70710678118655 0.00000000000000
  outer loop
   vertex 59.84824096179572 -26.70696532362113 15.50000000000001
   vertex 59.84824096179572 -26.70696532362113 12.50000000000001
   vertex 61.63072788351186 -24.92447840190499 12.50000000000001
  endloop
 endfacet
 facet normal 0.75371302532736 -0.65720367881797 0.00000000000000
  outer loop
   vertex 61.63072788351186 -24.92447840190499 15.50000000000001
   vertex 61.63072788351186 -24.92447840190499 12.50000000000001
   vertex 63.28741820746974 -23.02450565928936 12.50000000000001
  endloop
 endfacet
 facet normal 0.79680511141590 -0.60423638952110 0.00000000000000
  outer loop
   vertex 63.28741820746974 -23.02450565928936 15.50000000000001
   vertex 63.28741820746974 -23.02450565928936 12.50000000000001
   vertex 64.81058767861951 -21.01590564576366 12.50000000000001
  endloop
 endfacet
 facet normal 0.83618212425471 -0.54845187124932 0.00000000000000
  outer loop
   vertex 64.81058767861951 -21.01590564576366 15.50000000000001
   vertex 64.81058767861951 -21.01590564576366 12.50000000000001
   vertex 66.19313457776281 -18.90804338179872 12.50000000000001
  endloop
 endfacet
 facet normal 0.87166047003275 -0.49011021717802 0.00000000000000
  outer loop
   vertex 66.19313457776281 -18.90804338179872 15.50000000000001
   vertex 66.19313457776281 -18.90804338179872 12.50000000000001
   vertex 67.42861283304600 -16.71074669429826 12.50000000000001
  endloop
 endfacet
 facet normal 0.90307473232453 -0.42948344303008 0.00000000000000
  outer loop
   vertex 67.42861283304600 -16.71074669429826 15.50000000000001
   vertex 67.42861283304600 -16.71074669429826 12.50000000000001
   vertex 68.51126207452282 -14.43426039473312 12.50000000000001
  endloop
 endfacet
 facet normal 0.93027844333783 -0.36685421881306 0.00000000000000
  outer loop
   vertex 68.51126207452282 -14.43426039473312 15.50000000000001
   vertex 68.51126207452282 -14.43426039473312 12.50000000000001
   vertex 69.43603449165815 -12.08919851310104 12.50000000000001
  endloop
 endfacet
 facet normal 0.95314476681416 -0.30251455088107 0.00000000000000
  outer loop
   vertex 69.43603449165815 -12.08919851310104 15.50000000000001
   vertex 69.43603449165815 -12.08919851310104 12.50000000000001
   vertex 70.19861836855083 -9.68649481041913 12.50000000000001
  endloop
 endfacet
 facet normal 0.97156708939794 -0.23676442046645 0.00000000000000
  outer loop
   vertex 70.19861836855083 -9.68649481041913 15.50000000000001
   vertex 70.19861836855083 -9.68649481041913 12.50000000000001
   vertex 70.79545818714367 -7.23735180048275 12.50000000000001
  endloop
 endfacet
 facet normal 0.98545951771720 -0.16991038502867 0.00000000000000
  outer loop
   vertex 70.79545818714367 -7.23735180048275 15.50000000000001
   vertex 70.79545818714367 -7.23735180048275 12.50000000000001
   vertex 71.22377120468981 -4.75318851857501 12.50000000000001
  endloop
 endfacet
 facet normal 0.99475727885810 -0.10226414894203 0.00000000000000
  outer loop
   vertex 71.22377120468981 -4.75318851857501 15.50000000000001
   vertex 71.22377120468981 -4.75318851857501 12.50000000000001
   vertex 71.48156042818405 -2.24558728065294 12.50000000000001
  endloop
 endfacet
 facet normal 0.99941702236617 -0.03414111018597 0.00000000000000
  outer loop
   vertex 71.48156042818405 -2.24558728065294 15.50000000000001
   vertex 71.48156042818405 -2.24558728065294 12.50000000000001
   vertex 71.56762392526613 0.27376031875611 12.50000000000001
  endloop
 endfacet
 facet normal 0.99941702236617 0.03414111018597 0.00000000000000
  outer loop
   vertex 71.56762392526613 0.27376031875611 15.50000000000001
   vertex 71.56762392526613 0.27376031875611 12.50000000000001
   vertex 71.48156042818407 2.79310791816514 12.50000000000001
  endloop
 endfacet
 facet normal 0.99475727885809 0.10226414894203 0.00000000000000
  outer loop
   vertex 71.48156042818407 2.79310791816514 15.50000000000001
   vertex 71.48156042818407 2.79310791816514 12.50000000000001
   vertex 71.22377120468981 5.30070915608721 12.50000000000001
  endloop
 endfacet
 facet normal 0.98545951771720 0.16991038502867 0.00000000000000
  outer loop
   vertex 71.22377120468981 5.30070915608721 15.50000000000001
   vertex 71.22377120468981 5.30070915608721 12.50000000000001
   vertex 70.79545818714367 7.78487243799495 12.50000000000001
  endloop
 endfacet
 facet normal 0.97156708939794 0.23676442046645 0.00000000000000
  outer loop
   vertex 70.79545818714367 7.78487243799495 15.50000000000001
   vertex 70.79545818714367 7.78487243799495 12.50000000000001
   vertex 70.19861836855083 10.23401544793133 12.50000000000001
  endloop
 endfacet
 facet normal 0.95314476681416 0.30251455088107 0.00000000000000
  outer loop
   vertex 70.19861836855083 10.23401544793133 15.50000000000001
   vertex 70.19861836855083 10.23401544793133 12.50000000000001
   vertex 69.43603449165815 12.63671915061324 12.50000000000001
  endloop
 endfacet
 facet normal 0.93027844333783 0.36685421881306 0.00000000000000
  outer loop
   vertex 69.43603449165815 12.63671915061324 15.50000000000001
   vertex 69.43603449165815 12.63671915061324 12.50000000000001
   vertex 68.51126207452282 14.98178103224533 12.50000000000001
  endloop
 endfacet
 facet normal 0.90307473232453 0.42948344303008 0.00000000000000
  outer loop
   vertex 68.51126207452282 14.98178103224533 15.50000000000001
   vertex 68.51126207452282 14.98178103224533 12.50000000000001
   vertex 67.42861283304600 17.25826733181045 12.50000000000001
  endloop
 endfacet
 facet normal 0.87166047003275 0.49011021717802 0.00000000000000
  outer loop
   vertex 67.42861283304600 17.25826733181045 15.50000000000001
   vertex 67.42861283304600 17.25826733181045 12.50000000000001
   vertex 66.19313457776281 19.45556401931092 12.50000000000001
  endloop
 endfacet
 facet normal 0.83618212425471 0.54845187124932 0.00000000000000
  outer loop
   vertex 66.19313457776281 19.45556401931092 15.50000000000001
   vertex 66.19313457776281 19.45556401931092 12.50000000000001
   vertex 64.81058767861953 21.56342628327585 12.50000000000001
  endloop
 endfacet
 facet normal 0.79680511141590 0.60423638952109 0.00000000000000
  outer loop
   vertex 64.81058767861953 21.56342628327585 15.50000000000001
   vertex 64.81058767861953 21.56342628327585 12.50000000000001
   vertex 63.28741820746976 23.57202629680156 12.50000000000001
  endloop
 endfacet
 facet normal 0.75371302532736 0.65720367881797 0.00000000000000
  outer loop
   vertex 63.28741820746976 23.57202629680156 15.50000000000001
   vertex 63.28741820746976 23.57202629680156 12.50000000000001
   vertex 61.63072788351187 25.47199903941719 12.50000000000001
  endloop
 endfacet
 facet normal 0.70710678118655 0.70710678118655 0.00000000000000
  outer loop
   vertex 61.63072788351187 25.47199903941719 15.50000000000001
   vertex 61.63072788351187 25.47199903941719 12.50000000000001
   vertex 59.84824096179573 27.25448596113333 12.50000000000001
  endloop
 endfacet
 facet normal 0.65720367881797 0.75371302532736 0.00000000000000
  outer loop
   vertex 59.84824096179573 27.25448596113333 15.50000000000001
   vertex 59.84824096179573 27.25448596113333 12.50000000000001
   vertex 57.94826821918009 28.91117628509123 12.50000000000001
  endloop
 endfacet
 facet normal 0.60423638952110 0.79680511141590 0.00000000000000
  outer loop
   vertex 57.94826821918009 28.91117628509123 15.50000000000001
   vertex 57.94826821918009 28.91117628509123 12.50000000000001
   vertex 55.93966820565441 30.43434575624099 12.50000000000001
  endloop
 endfacet
 facet normal 0.54845187124932 0.83618212425471 0.00000000000000
  outer loop
   vertex 55.93966820565441 30.43434575624099 15.50000000000001
   vertex 55.93966820565441 30.43434575624099 12.50000000000001
   vertex 53.83180594168947 31.81689265538427 12.50000000000001
  endloop
 endfacet
 facet normal 0.49011021717802 0.87166047003275 0.00000000000000
  outer loop
   vertex 53.83180594168947 31.81689265538427 15.50000000000001
   vertex 53.83180594168947 31.81689265538427 12.50000000000001
   vertex 51.63450925418901 33.05237091066746 12.50000000000001
  endloop
 endfacet
 facet normal 0.42948344303008 0.90307473232453 0.00000000000000
  outer loop
   vertex 51.63450925418901 33.05237091066746 15.50000000000001
   vertex 51.63450925418901 33.05237091066746 12.50000000000001
   vertex 49.35802295462387 34.13502015214429 12.50000000000001
  endloop
 endfacet
 facet normal 0.36685421881306 0.93027844333783 0.00000000000000
  outer loop
   vertex 49.35802295462387 34.13502015214429 15.50000000000001
   vertex 49.35802295462387 34.13502015214429 12.50000000000001
   vertex 47.01296107299179 35.05979256927961 12.50000000000001
  endloop
 endfacet
 facet normal 0.30251455088108 0.95314476681416 0.00000000000000
  outer loop
   vertex 47.01296107299179 35.05979256927961 15.50000000000001
   vertex 47.01296107299179 35.05979256927961 12.50000000000001
   vertex 44.61025737030987 35.82237644617230 12.50000000000001
  endloop
 endfacet
 facet normal 0.23676442046645 0.97156708939794 0.00000000000000
  outer loop
   vertex 44.61025737030987 35.82237644617230 15.50000000000001
   vertex 44.61025737030987 35.82237644617230 12.50000000000001
   vertex 42.16111436037350 36.41921626476513 12.50000000000001
  endloop
 endfacet
 facet normal 0.16991038502867 0.98545951771720 0.00000000000000
  outer loop
   vertex 42.16111436037350 36.41921626476513 15.50000000000001
   vertex 42.16111436037350 36.41921626476513 12.50000000000001
   vertex 39.67695107846576 36.84752928231128 12.50000000000001
  endloop
 endfacet
 facet normal 0.10226414894203 0.99475727885809 0.00000000000000
  outer loop
   vertex 39.67695107846576 36.84752928231128 15.50000000000001
   vertex 39.67695107846576 36.84752928231128 12.50000000000001
   vertex 37.16934984054368 37.10531850580553 12.50000000000001
  endloop
 endfacet
 facet normal 0.03414111018597 0.99941702236617 0.00000000000000
  outer loop
   vertex 37.16934984054368 37.10531850580553 15.50000000000001
   vertex 37.16934984054368 37.10531850580553 12.50000000000001
   vertex 34.65000224113464 37.19138200288760 12.50000000000001
  endloop
 endfacet
 facet normal -0.03414111018597 0.99941702236617 0.00000000000000
  outer loop
   vertex 34.65000224113464 37.19138200288760 15.50000000000001
   vertex 34.65000224113464 37.19138200288760 12.50000000000001
   vertex 32.13065464172560 37.10531850580554 12.50000000000001
  endloop
 endfacet
 facet normal -0.10226414894204 0.99475727885809 0.00000000000000
  outer loop
   vertex 32.13065464172560 37.10531850580554 15.50000000000001
   vertex 32.13065464172560 37.10531850580554 12.50000000000001
   vertex 29.62305340380352 36.84752928231128 12.50000000000001
  endloop
 endfacet
 facet normal -0.16991038502867 0.98545951771720 0.00000000000000
  outer loop
   vertex 29.62305340380352 36.84752928231128 15.50000000000001
   vertex 29.62305340380352 36.84752928231128 12.50000000000001
   vertex 27.13889012189579 36.41921626476513 12.50000000000001
  endloop
 endfacet
 facet normal -0.23676442046645 0.97156708939794 0.00000000000000
  outer loop
   vertex 27.13889012189579 36.41921626476513 15.50000000000001
   vertex 27.13889012189579 36.41921626476513 12.50000000000001
   vertex 24.68974711195942 35.82237644617230 12.50000000000001
  endloop
 endfacet
 facet normal -0.30251455088107 0.95314476681416 0.00000000000000
  outer loop
   vertex 24.68974711195942 35.82237644617230 15.50000000000001
   vertex 24.68974711195942 35.82237644617230 12.50000000000001
   vertex 22.28704340927750 35.05979256927962 12.50000000000001
  endloop
 endfacet
 facet normal -0.36685421881306 0.93027844333783 0.00000000000000
  outer loop
   vertex 22.28704340927750 35.05979256927962 15.50000000000001
   vertex 22.28704340927750 35.05979256927962 12.50000000000001
   vertex 19.94198152764542 34.13502015214429 12.50000000000001
  endloop
 endfacet
 facet normal -0.42948344303008 0.90307473232453 0.00000000000000
  outer loop
   vertex 19.94198152764542 34.13502015214429 15.50000000000001
   vertex 19.94198152764542 34.13502015214429 12.50000000000001
   vertex 17.66549522808029 33.05237091066747 12.50000000000001
  endloop
 endfacet
 facet normal -0.49011021717802 0.87166047003275 0.00000000000000
  outer loop
   vertex 17.66549522808029 33.05237091066747 15.50000000000001
   vertex 17.66549522808029 33.05237091066747 12.50000000000001
   vertex 15.46819854057982 31.81689265538428 12.50000000000001
  endloop
 endfacet
 facet normal -0.54845187124932 0.83618212425471 0.00000000000000
  outer loop
   vertex 15.46819854057982 31.81689265538428 15.50000000000001
   vertex 15.46819854057982 31.81689265538428 12.50000000000001
   vertex 13.36033627661489 30.43434575624099 12.50000000000001
  endloop
 endfacet
 facet normal -0.60423638952109 0.79680511141590 0.00000000000000
  outer loop
   vertex 13.36033627661489 30.43434575624099 15.50000000000001
   vertex 13.36033627661489 30.43434575624099 12.50000000000001
   vertex 11.35173626308918 28.91117628509123 12.50000000000001
  endloop
 endfacet
 facet normal -0.65720367881797 0.75371302532736 0.00000000000000
  outer loop
   vertex 11.35173626308918 28.91117628509123 15.50000000000001
   vertex 11.35173626308918 28.91117628509123 12.50000000000001
   vertex 9.45176352047355 27.25448596113333 12.50000000000001
  endloop
 endfacet
 facet normal -0.70710678118655 0.70710678118655 0.00000000000000
  outer loop
   vertex 9.45176352047355 27.25448596113333 15.50000000000001
   vertex 9.45176352047355 27.25448596113333 12.50000000000001
   vertex 7.66927659875742 25.47199903941721 12.50000000000001
  endloop
 endfacet
 facet normal -0.75371302532736 0.65720367881797 0.00000000000000
  outer loop
   vertex 7.66927659875742 25.47199903941721 15.50000000000001
   vertex 7.66927659875742 25.47199903941721 12.50000000000001
   vertex 6.01258627479952 23.57202629680156 12.50000000000001
  endloop
 endfacet
 facet normal -0.79680511141590 0.60423638952109 0.00000000000000
  outer loop
   vertex 6.01258627479952 23.57202629680156 15.50000000000001
   vertex 6.01258627479952 23.57202629680156 12.50000000000001
   vertex 4.48941680364976 21.56342628327587 12.50000000000001
  endloop
 endfacet
 facet normal -0.83618212425471 0.54845187124932 0.00000000000000
  outer loop
   vertex 4.48941680364976 21.56342628327587 15.50000000000001
   vertex 4.48941680364976 21.56342628327587 12.50000000000001
   vertex 3.10686990450647 19.45556401931093 12.50000000000001
  endloop
 endfacet
 facet normal -0.87166047003275 0.49011021717802 0.00000000000000
  outer loop
   vertex 3.10686990450647 19.45556401931093 15.50000000000001
   vertex 3.10686990450647 19.45556401931093 12.50000000000001
   vertex 1.87139164922328 17.25826733181046 12.50000000000001
  endloop
 endfacet
 facet normal -0.90307473232453 0.42948344303008 0.00000000000000
  outer loop
   vertex 1.87139164922328 17.25826733181046 15.50000000000001
   vertex 1.87139164922328 17.25826733181046 12.50000000000001
   vertex 0.78874240774645 14.98178103224533 12.50000000000001
  endloop
 endfacet
 facet normal -0.93027844333783 0.36685421881306 0.00000000000000
  outer loop
   vertex 0.78874240774645 14.98178103224533 15.50000000000001
   vertex 0.78874240774645 14.98178103224533 12.50000000000001
   vertex -0.13603000938887 12.63671915061325 12.50000000000001
  endloop
 endfacet
 facet normal -0.95314476681416 0.30251455088108 0.00000000000000
  outer loop
   vertex -0.13603000938887 12.63671915061325 15.50000000000001
   vertex -0.13603000938887 12.63671915061325 12.50000000000001
   vertex -0.89861388628156 10.23401544793133 12.50000000000001
  endloop
 endfacet
 facet normal -0.97156708939794 0.23676442046645 0.00000000000000
  outer loop
   vertex -0.89861388628156 10.23401544793133 15.50000000000001
   vertex -0.89861388628156 10.23401544793133 12.50000000000001
   vertex -1.49545370487439 7.78487243799496 12.50000000000001
  endloop
 endfacet
 facet normal -0.98545951771720 0.16991038502867 0.00000000000000
  outer loop
   vertex -1.49545370487439 7.78487243799496 15.50000000000001
   vertex -1.49545370487439 7.78487243799496 12.50000000000001
   vertex -1.92376672242053 5.30070915608722 12.50000000000001
  endloop
 endfacet
 facet normal -0.99475727885809 0.10226414894203 0.00000000000000
  outer loop
   vertex -1.92376672242053 5.30070915608722 15.50000000000001
   vertex -1.92376672242053 5.30070915608722 12.50000000000001
   vertex -2.18155594591479 2.79310791816515 12.50000000000001
  endloop
 endfacet
 facet normal -0.99941702236617 0.03414111018597 0.00000000000000
  outer loop
   vertex -2.18155594591479 2.79310791816515 15.50000000000001
   vertex -2.18155594591479 2.79310791816515 12.50000000000001
   vertex -2.26761944299686 0.27376031875610 12.50000000000001
  endloop
 endfacet
 facet normal 0.00000000000000 0.00000000000000 1.00000000000000
  outer loop
   vertex 65.80000305175781 -12.50000023841859 15.50000000000001
   vertex 17.66549522808027 -32.50485027315525 15.50000000000001
   vertex 19.94198152764541 -33.58749951463209 15.50000000000001
  endloop
 endfacet
 facet normal 0.00000000000000 0.00000000000000 1.00000000000000
  outer loop
   vertex 65.80000305175781 -12.50000023841859 15.50000000000001
   vertex 11.35173626308918 -28.36365564757902 15.50000000000001
   vertex 13.36033627661486 -29.88682511872877 15.50000000000001
  endloop
 endfacet
 facet normal 0.00000000000000 0.00000000000000 1.00000000000000
  outer loop
   vertex 9.45176352047355 27.25448596113333 15.50000000000001
   vertex 15.46819854057982 31.81689265538428 15.50000000000001
   vertex 13.36033627661489 30.43434575624099 15.50000000000001
  endloop
 endfacet
 facet normal 0.00000000000000 0.00000000000000 1.00000000000000
  outer loop
   vertex 9.45176352047355 27.25448596113333 15.50000000000001
   vertex 19.94198152764542 34.13502015214429 15.50000000000001
   vertex 17.66549522808029 33.05237091066747 15.50000000000001
  endloop
 endfacet
 facet normal 0.00000000000000 0.00000000000000 1.00000000000000
  outer loop
   vertex 7.66927659875742 25.47199903941721 15.50000000000001
   vertex 32.13065464172560 37.10531850580554 15.50000000000001
   vertex 29.62305340380352 36.84752928231128 15.50000000000001
  endloop
 endfacet
 facet normal 0.00000000000000 0.00000000000000 1.00000000000000
  outer loop
   vertex 65.80000305175781 -12.50000023841859 15.50000000000001
   vertex 57.94826821918011 -28.36365564757901 15.50000000000001
   vertex 59.84824096179572 -26.70696532362113 15.50000000000001
  endloop
 endfacet
 facet normal 0.00000000000000 0.00000000000000 1.00000000000000
  outer loop
   vertex 65.80000305175781 -12.50000023841859 15.50000000000001
   vertex 53.83180594168945 -31.26937201787206 15.50000000000001
   vertex 55.93966820565437 -29.88682511872879 15.50000000000001
  endloop
 endfacet
 facet normal 0.00000000000000 0.00000000000000 1.00000000000000
  outer loop
   vertex 65.80000305175781 -12.50000023841859 15.50000000000001
   vertex 15.46819854057980 -31.26937201787205 15.50000000000001
   vertex 17.66549522808027 -32.50485027315525 15.50000000000001
  endloop
 endfacet
 facet normal 0.00000000000000 0.00000000000000 1.00000000000000
  outer loop
   vertex 65.80000305175781 -12.50000023841859 15.50000000000001
   vertex 9.45176352047354 -26.70696532362112 15.50000000000001
   vertex 11.35173626308918 -28.36365564757902 15.50000000000001
  endloop
 endfacet
 facet normal 0.00000000000000 0.00000000000000 1.00000000000000
  outer loop
   vertex 17.66549522808029 33.05237091066747 15.50000000000001
   vertex 15.46819854057982 31.81689265538428 15.50000000000001
   vertex 9.45176352047355 27.25448596113333 15.50000000000001
  endloop
 endfacet
 facet normal 0.00000000000000 0.00000000000000 1.00000000000000
  outer loop
   vertex 9.45176352047355 27.25448596113333 15.50000000000001
   vertex 24.68974711195942 35.82237644617230 15.50000000000001
   vertex 22.28704340927750 35.05979256927962 15.50000000000001
  endloop
 endfacet
 facet normal 0.00000000000000 0.00000000000000 1.00000000000000
  outer loop
   vertex 7.66927659875742 25.47199903941721 15.50000000000001
   vertex 34.65000224113464 37.19138200288760 15.50000000000001
   vertex 32.13065464172560 37.10531850580554 15.50000000000001
  endloop
 endfacet
 facet normal 0.00000000000000 0.00000000000000 1.00000000000000
  outer loop
   vertex 55.93966820565437 -29.88682511872879 15.50000000000001
   vertex 57.94826821918011 -28.36365564757901 15.50000000000001
   vertex 65.80000305175781 -12.50000023841859 15.50000000000001
  endloop
 endfacet
 facet normal 0.00000000000000 0.00000000000000 1.00000000000000
  outer loop
   vertex 65.80000305175781 -12.50000023841859 15.50000000000001
   vertex 32.13065464172559 -36.55779786829332 15.50000000000001
   vertex 34.65000224113464 -36.64386136537539 15.50000000000001
  endloop
 endfacet
 facet normal -0.00000000000000 0.00000000000000 1.00000000000000
  outer loop
   vertex 13.36033627661486 -29.88682511872877 15.50000000000001
   vertex 15.46819854057980 -31.26937201787205 15.50000000000001
   vertex 65.80000305175781 -12.50000023841859 15.50000000000001
  endloop
 endfacet
 facet normal 0.00000000000000 0.00000000000000 1.00000000000000
  outer loop
   vertex 22.28704340927750 35.05979256927962 15.50000000000001
   vertex 19.94198152764542 34.13502015214429 15.50000000000001
   vertex 9.45176352047355 27.25448596113333 15.50000000000001
  endloop
 endfacet
 facet normal 0.00000000000000 0.00000000000000 1.00000000000000
  outer loop
   vertex 7.66927659875742 25.47199903941721 15.50000000000001
   vertex 37.16934984054368 37.10531850580553 15.50000000000001
   vertex 34.65000224113464 37.19138200288760 15.50000000000001
  endloop
 endfacet
 facet normal 0.00000000000000 0.00000000000000 1.00000000000000
  outer loop
   vertex 3.50000143051146 12.50000035762788 15.50000000000001
   vertex 51.63450925418901 33.05237091066746 15.50000000000001
   vertex 49.35802295462387 34.13502015214429 15.50000000000001
  endloop
 endfacet
 facet normal 0.00000000000000 0.00000000000000 1.00000000000000
  outer loop
   vertex 3.50000143051146 12.50000035762788 15.50000000000001
   vertex 57.94826821918009 28.91117628509123 15.50000000000001
   vertex 55.93966820565441 30.43434575624099 15.50000000000001
  endloop
 endfacet
 facet normal 0.00000000000000 0.00000000000000 1.00000000000000
  outer loop
   vertex 2.00000023841856 11.00000023841859 15.50000000000001
   vertex -2.26761944299686 0.27376031875610 15.50000000000001
   vertex -2.18155594591480 -2.24558728065292 15.50000000000001
  endloop
 endfacet
 facet normal 0.00000000000000 0.00000000000000 1.00000000000000
  outer loop
   vertex 65.80000305175781 -12.50000023841859 15.50000000000001
   vertex 63.28741820746974 -23.02450565928936 15.50000000000001
   vertex 64.81058767861951 -21.01590564576366 15.50000000000001
  endloop
 endfacet
 facet normal 0.00000000000000 0.00000000000000 1.00000000000000
  outer loop
   vertex 59.84824096179572 -26.70696532362113 15.50000000000001
   vertex 61.63072788351186 -24.92447840190499 15.50000000000001
   vertex 65.80000305175781 -12.50000023841859 15.50000000000001
  endloop
 endfacet
 facet normal 0.00000000000000 0.00000000000000 1.00000000000000
  outer loop
   vertex 65.80000305175781 -12.50000023841859 15.50000000000001
   vertex 49.35802295462385 -33.58749951463209 15.50000000000001
   vertex 51.63450925418899 -32.50485027315526 15.50000000000001
  endloop
 endfacet
 facet normal 0.00000000000000 0.00000000000000 1.00000000000000
  outer loop
   vertex 34.65000224113464 -36.64386136537539 15.50000000000001
   vertex 37.16934984054366 -36.55779786829333 15.50000000000001
   vertex 65.80000305175781 -12.50000023841859 15.50000000000001
  endloop
 endfacet
 facet normal 0.00000000000000 0.00000000000000 1.00000000000000
  outer loop
   vertex 65.80000305175781 -12.50000023841859 15.50000000000001
   vertex 22.28704340927749 -34.51227193176740 15.50000000000001
   vertex 24.68974711195939 -35.27485580866009 15.50000000000001
  endloop
 endfacet
 facet normal 0.00000000000000 0.00000000000000 1.00000000000000
  outer loop
   vertex 65.80000305175781 -12.50000023841859 15.50000000000001
   vertex 7.66927659875741 -24.92447840190498 15.50000000000001
   vertex 9.45176352047354 -26.70696532362112 15.50000000000001
  endloop
 endfacet
 facet normal 0.00000000000000 0.00000000000000 1.00000000000000
  outer loop
   vertex 65.80000305175781 -12.50000023841859 15.50000000000001
   vertex 4.48941680364976 -21.01590564576366 15.50000000000001
   vertex 6.01258627479953 -23.02450565928936 15.50000000000001
  endloop
 endfacet
 facet normal 0.00000000000000 0.00000000000000 1.00000000000000
  outer loop
   vertex 65.80000305175781 -12.50000023841859 15.50000000000001
   vertex 3.50000143051146 -12.50000023841859 15.50000000000001
   vertex 3.10686990450647 -18.90804338179871 15.50000000000001
  endloop
 endfacet
 facet normal 0.00000000000000 0.00000000000000 1.00000000000000
  outer loop
   vertex 3.50000143051146 12.50000035762788 15.50000000000001
   vertex 37.16934984054368 37.10531850580553 15.50000000000001
   vertex 4.48941680364976 21.56342628327587 15.50000000000001
  endloop
 endfacet
 facet normal 0.00000000000000 0.00000000000000 1.00000000000000
  outer loop
   vertex 37.16934984054368 37.10531850580553 15.50000000000001
   vertex 7.66927659875742 25.47199903941721 15.50000000000001
   vertex 6.01258627479952 23.57202629680156 15.50000000000001
  endloop
 endfacet
 facet normal 0.00000000000000 0.00000000000000 1.00000000000000
  outer loop
   vertex 13.36033627661489 30.43434575624099 15.50000000000001
   vertex 11.35173626308918 28.91117628509123 15.50000000000001
   vertex 9.45176352047355 27.25448596113333 15.50000000000001
  endloop
 endfacet
 facet normal 0.00000000000000 0.00000000000000 1.00000000000000
  outer loop
   vertex 29.62305340380352 36.84752928231128 15.50000000000001
   vertex 27.13889012189579 36.41921626476513 15.50000000000001
   vertex 7.66927659875742 25.47199903941721 15.50000000000001
  endloop
 endfacet
 facet normal 0.00000000000000 0.00000000000000 1.00000000000000
  outer loop
   vertex 3.50000143051146 12.50000035762788 15.50000000000001
   vertex 53.83180594168947 31.81689265538427 15.50000000000001
   vertex 51.63450925418901 33.05237091066746 15.50000000000001
  endloop
 endfacet
 facet normal 0.00000000000000 0.00000000000000 1.00000000000000
  outer loop
   vertex 3.50000143051146 12.50000035762788 15.50000000000001
   vertex 59.84824096179573 27.25448596113333 15.50000000000001
   vertex 57.94826821918009 28.91117628509123 15.50000000000001
  endloop
 endfacet
 facet normal 0.00000000000000 0.00000000000000 1.00000000000000
  outer loop
   vertex 3.50000143051146 12.50000035762788 15.50000000000001
   vertex 64.81058767861953 21.56342628327585 15.50000000000001
   vertex 63.28741820746976 23.57202629680156 15.50000000000001
  endloop
 endfacet
 facet normal 0.00000000000000 0.00000000000000 1.00000000000000
  outer loop
   vertex 3.50000143051146 12.50000035762788 15.50000000000001
   vertex 65.80000305175781 12.50000035762788 15.50000000000001
   vertex 66.19313457776281 19.45556401931092 15.50000000000001
  endloop
 endfacet
 facet normal 0.00000000000000 0.00000000000000 1.00000000000000
  outer loop
   vertex 2.00000023841856 11.00000023841859 15.50000000000001
   vertex -2.18155594591479 2.79310791816515 15.50000000000001
   vertex -2.26761944299686 0.27376031875610 15.50000000000001
  endloop
 endfacet
 facet normal 0.00000000000000 0.00000000000000 1.00000000000000
  outer loop
   vertex 61.63072788351186 -24.92447840190499 15.50000000000001
   vertex 63.28741820746974 -23.02450565928936 15.50000000000001
   vertex 65.80000305175781 -12.50000023841859 15.50000000000001
  endloop
 endfacet
 facet normal 0.00000000000000 0.00000000000000 1.00000000000000
  outer loop
   vertex 65.80000305175781 -12.50000023841859 15.50000000000001
   vertex 47.01296107299179 -34.51227193176740 15.50000000000001
   vertex 49.35802295462385 -33.58749951463209 15.50000000000001
  endloop
 endfacet
 facet normal 0.00000000000000 0.00000000000000 1.00000000000000
  outer loop
   vertex 65.80000305175781 -12.50000023841859 15.50000000000001
   vertex 42.16111436037348 -35.87169562725292 15.50000000000001
   vertex 44.61025737030986 -35.27485580866009 15.50000000000001
  endloop
 endfacet
 facet normal 0.00000000000000 0.00000000000000 1.00000000000000
  outer loop
   vertex 37.16934984054366 -36.55779786829333 15.50000000000001
   vertex 39.67695107846574 -36.30000864479906 15.50000000000001
   vertex 65.80000305175781 -12.50000023841859 15.50000000000001
  endloop
 endfacet
 facet normal -0.00000000000000 0.00000000000000 1.00000000000000
  outer loop
   vertex 19.94198152764541 -33.58749951463209 15.50000000000001
   vertex 22.28704340927749 -34.51227193176740 15.50000000000001
   vertex 65.80000305175781 -12.50000023841859 15.50000000000001
  endloop
 endfacet
 facet normal -0.00000000000000 0.00000000000000 1.00000000000000
  outer loop
   vertex 3.10686990450647 -18.90804338179871 15.50000000000001
   vertex 4.48941680364976 -21.01590564576366 15.50000000000001
   vertex 65.80000305175781 -12.50000023841859 15.50000000000001
  endloop
 endfacet
 facet normal -0.00000000000000 0.00000000000000 1.00000000000000
  outer loop
   vertex 6.01258627479952 23.57202629680156 15.50000000000001
   vertex 4.48941680364976 21.56342628327587 15.50000000000001
   vertex 37.16934984054368 37.10531850580553 15.50000000000001
  endloop
 endfacet
 facet normal 0.00000000000000 0.00000000000000 1.00000000000000
  outer loop
   vertex 27.13889012189579 36.41921626476513 15.50000000000001
   vertex 24.68974711195942 35.82237644617230 15.50000000000001
   vertex 7.66927659875742 25.47199903941721 15.50000000000001
  endloop
 endfacet
 facet normal 0.00000000000000 0.00000000000000 1.00000000000000
  outer loop
   vertex 3.50000143051146 12.50000035762788 15.50000000000001
   vertex 47.01296107299179 35.05979256927961 15.50000000000001
   vertex 44.61025737030987 35.82237644617230 15.50000000000001
  endloop
 endfacet
 facet normal 0.00000000000000 0.00000000000000 1.00000000000000
  outer loop
   vertex 55.93966820565441 30.43434575624099 15.50000000000001
   vertex 53.83180594168947 31.81689265538427 15.50000000000001
   vertex 3.50000143051146 12.50000035762788 15.50000000000001
  endloop
 endfacet
 facet normal 0.00000000000000 0.00000000000000 1.00000000000000
  outer loop
   vertex 66.19313457776281 19.45556401931092 15.50000000000001
   vertex 64.81058767861953 21.56342628327585 15.50000000000001
   vertex 3.50000143051146 12.50000035762788 15.50000000000001
  endloop
 endfacet
 facet normal -0.00000000000000 0.00000000000000 1.00000000000000
  outer loop
   vertex -2.18155594591480 -2.24558728065292 15.50000000000001
   vertex 2.00000023841856 -11.00000023841859 15.50000000000001
   vertex 2.00000023841856 11.00000023841859 15.50000000000001
  endloop
 endfacet
 facet normal 0.00000000000000 0.00000000000000 1.00000000000000
  outer loop
   vertex 51.63450925418899 -32.50485027315526 15.50000000000001
   vertex 53.83180594168945 -31.26937201787206 15.50000000000001
   vertex 65.80000305175781 -12.50000023841859 15.50000000000001
  endloop
 endfacet
 facet normal 0.00000000000000 0.00000000000000 1.00000000000000
  outer loop
   vertex 39.67695107846574 -36.30000864479906 15.50000000000001
   vertex 42.16111436037348 -35.87169562725292 15.50000000000001
   vertex 65.80000305175781 -12.50000023841859 15.50000000000001
  endloop
 endfacet
 facet normal 0.00000000000000 0.00000000000000 1.00000000000000
  outer loop
   vertex 65.80000305175781 -12.50000023841859 15.50000000000001
   vertex 27.13889012189577 -35.87169562725292 15.50000000000001
   vertex 29.62305340380351 -36.30000864479906 15.50000000000001
  endloop
 endfacet
 facet normal -0.00000000000000 0.00000000000000 1.00000000000000
  outer loop
   vertex 6.01258627479953 -23.02450565928936 15.50000000000001
   vertex 7.66927659875741 -24.92447840190498 15.50000000000001
   vertex 65.80000305175781 -12.50000023841859 15.50000000000001
  endloop
 endfacet
 facet normal -0.00000000000000 0.00000000000000 1.00000000000000
  outer loop
   vertex 9.45176352047355 27.25448596113333 15.50000000000001
   vertex 7.66927659875742 25.47199903941721 15.50000000000001
   vertex 24.68974711195942 35.82237644617230 15.50000000000001
  endloop
 endfacet
 facet normal 0.00000000000000 0.00000000000000 1.00000000000000
  outer loop
   vertex 3.50000143051146 12.50000035762788 15.50000000000001
   vertex 42.16111436037350 36.41921626476513 15.50000000000001
   vertex 39.67695107846576 36.84752928231128 15.50000000000001
  endloop
 endfacet
 facet normal 0.00000000000000 0.00000000000000 1.00000000000000
  outer loop
   vertex 49.35802295462387 34.13502015214429 15.50000000000001
   vertex 47.01296107299179 35.05979256927961 15.50000000000001
   vertex 3.50000143051146 12.50000035762788 15.50000000000001
  endloop
 endfacet
 facet normal 0.00000000000000 0.00000000000000 1.00000000000000
  outer loop
   vertex 63.28741820746976 23.57202629680156 15.50000000000001
   vertex 61.63072788351187 25.47199903941719 15.50000000000001
   vertex 3.50000143051146 12.50000035762788 15.50000000000001
  endloop
 endfacet
 facet normal 0.00000000000000 0.00000000000000 1.00000000000000
  outer loop
   vertex 2.00000023841856 -11.00000023841859 15.50000000000001
   vertex -1.49545370487439 -7.23735180048275 15.50000000000001
   vertex -0.89861388628156 -9.68649481041912 15.50000000000001
  endloop
 endfacet
 facet normal 0.00000000000000 0.00000000000000 1.00000000000000
  outer loop
   vertex -2.18155594591480 -2.24558728065292 15.50000000000001
   vertex -1.92376672242053 -4.75318851857500 15.50000000000001
   vertex 2.00000023841856 -11.00000023841859 15.50000000000001
  endloop
 endfacet
 facet normal 0.00000000000000 0.00000000000000 1.00000000000000
  outer loop
   vertex 2.00000023841856 11.00000023841859 15.50000000000001
   vertex -1.49545370487439 7.78487243799496 15.50000000000001
   vertex -1.92376672242053 5.30070915608722 15.50000000000001
  endloop
 endfacet
 facet normal 0.00000000000000 0.00000000000000 1.00000000000000
  outer loop
   vertex 44.61025737030986 -35.27485580866009 15.50000000000001
   vertex 47.01296107299179 -34.51227193176740 15.50000000000001
   vertex 65.80000305175781 -12.50000023841859 15.50000000000001
  endloop
 endfacet
 facet normal -0.00000000000000 0.00000000000000 1.00000000000000
  outer loop
   vertex 24.68974711195939 -35.27485580866009 15.50000000000001
   vertex 27.13889012189577 -35.87169562725292 15.50000000000001
   vertex 65.80000305175781 -12.50000023841859 15.50000000000001
  endloop
 endfacet
 facet normal 0.00000000000000 0.00000000000000 1.00000000000000
  outer loop
   vertex 39.67695107846576 36.84752928231128 15.50000000000001
   vertex 37.16934984054368 37.10531850580553 15.50000000000001
   vertex 3.50000143051146 12.50000035762788 15.50000000000001
  endloop
 endfacet
 facet normal 0.00000000000000 0.00000000000000 1.00000000000000
  outer loop
   vertex 61.63072788351187 25.47199903941719 15.50000000000001
   vertex 59.84824096179573 27.25448596113333 15.50000000000001
   vertex 3.50000143051146 12.50000035762788 15.50000000000001
  endloop
 endfacet
 facet normal 0.00000000000000 0.00000000000000 1.00000000000000
  outer loop
   vertex -1.92376672242053 -4.75318851857500 15.50000000000001
   vertex -1.49545370487439 -7.23735180048275 15.50000000000001
   vertex 2.00000023841856 -11.00000023841859 15.50000000000001
  endloop
 endfacet
 facet normal 0.00000000000000 0.00000000000000 1.00000000000000
  outer loop
   vertex 2.00000023841856 11.00000023841859 15.50000000000001
   vertex -0.89861388628156 10.23401544793133 15.50000000000001
   vertex -1.49545370487439 7.78487243799496 15.50000000000001
  endloop
 endfacet
 facet normal -0.00000000000000 0.00000000000000 1.00000000000000
  outer loop
   vertex 29.62305340380351 -36.30000864479906 15.50000000000001
   vertex 32.13065464172559 -36.55779786829332 15.50000000000001
   vertex 65.80000305175781 -12.50000023841859 15.50000000000001
  endloop
 endfacet
 facet normal 0.00000000000000 0.00000000000000 1.00000000000000
  outer loop
   vertex 44.61025737030987 35.82237644617230 15.50000000000001
   vertex 42.16111436037350 36.41921626476513 15.50000000000001
   vertex 3.50000143051146 12.50000035762788 15.50000000000001
  endloop
 endfacet
 facet normal 0.00000000000000 0.00000000000000 1.00000000000000
  outer loop
   vertex 3.50000143051146 12.50000035762788 15.50000000000001
   vertex 3.10686990450647 19.45556401931093 15.50000000000001
   vertex 1.87139164922328 17.25826733181046 15.50000000000001
  endloop
 endfacet
 facet normal -0.00000000000000 0.00000000000000 1.00000000000000
  outer loop
   vertex -1.92376672242053 5.30070915608722 15.50000000000001
   vertex -2.18155594591479 2.79310791816515 15.50000000000001
   vertex 2.00000023841856 11.00000023841859 15.50000000000001
  endloop
 endfacet
 facet normal 0.00000000000000 0.00000000000000 1.00000000000000
  outer loop
   vertex 64.81058767861951 -21.01590564576366 15.50000000000001
   vertex 66.19313457776281 -18.90804338179872 15.50000000000001
   vertex 65.80000305175781 -12.50000023841859 15.50000000000001
  endloop
 endfacet
 facet normal 0.00000000000000 0.00000000000000 1.00000000000000
  outer loop
   vertex 67.30000305175781 11.00000023841859 15.50000000000001
   vertex 71.48156042818407 2.79310791816514 15.50000000000001
   vertex 71.22377120468981 5.30070915608721 15.50000000000001
  endloop
 endfacet
 facet normal 0.00000000000000 0.00000000000000 1.00000000000000
  outer loop
   vertex 67.30000305175781 11.00000023841859 15.50000000000001
   vertex 67.30000305175781 -11.00000023841859 15.50000000000001
   vertex 71.48156042818405 -2.24558728065294 15.50000000000001
  endloop
 endfacet
 facet normal 0.00000000000000 0.00000000000000 1.00000000000000
  outer loop
   vertex 67.30000305175781 -11.00000023841859 15.50000000000001
   vertex 70.79545818714367 -7.23735180048275 15.50000000000001
   vertex 71.22377120468981 -4.75318851857501 15.50000000000001
  endloop
 endfacet
 facet normal -0.00000000000000 0.00000000000000 1.00000000000000
  outer loop
   vertex 65.80000305175781 12.50000035762788 15.50000000000001
   vertex 66.03465270996094 12.48153233528138 15.50000000000001
   vertex 67.42861283304600 17.25826733181045 15.50000000000001
  endloop
 endfacet
 facet normal 0.00000000000000 0.00000000000000 1.00000000000000
  outer loop
   vertex 1.87139164922328 17.25826733181046 15.50000000000001
   vertex 3.26535105705259 12.48153233528138 15.50000000000001
   vertex 3.50000143051146 12.50000035762788 15.50000000000001
  endloop
 endfacet
 facet normal 0.00000000000000 0.00000000000000 1.00000000000000
  outer loop
   vertex -0.89861388628156 10.23401544793133 15.50000000000001
   vertex 2.00000023841856 11.00000023841859 15.50000000000001
   vertex 2.01847028732298 11.23465156555177 15.50000000000001
  endloop
 endfacet
 facet normal 0.00000000000000 0.00000000000000 1.00000000000000
  outer loop
   vertex -0.13603000938887 -12.08919851310105 15.50000000000001
   vertex 2.01847028732298 -11.23465180397035 15.50000000000001
   vertex 2.00000023841856 -11.00000023841859 15.50000000000001
  endloop
 endfacet
 facet normal 0.00000000000000 0.00000000000000 1.00000000000000
  outer loop
   vertex 66.19313457776281 -18.90804338179872 15.50000000000001
   vertex 66.03465270996094 -12.48153138160707 15.50000000000001
   vertex 65.80000305175781 -12.50000023841859 15.50000000000001
  endloop
 endfacet
 facet normal 0.00000000000000 0.00000000000000 1.00000000000000
  outer loop
   vertex 66.03465270996094 -12.48153138160707 15.50000000000001
   vertex 66.19313457776281 -18.90804338179872 15.50000000000001
   vertex 67.42861283304600 -16.71074669429826 15.50000000000001
  endloop
 endfacet
 facet normal 0.00000000000000 0.00000000000000 1.00000000000000
  outer loop
   vertex 71.22377120468981 5.30070915608721 15.50000000000001
   vertex 70.79545818714367 7.78487243799495 15.50000000000001
   vertex 67.30000305175781 11.00000023841859 15.50000000000001
  endloop
 endfacet
 facet normal 0.00000000000000 -0.00000000000000 1.00000000000000
  outer loop
   vertex 71.48156042818405 -2.24558728065294 15.50000000000001
   vertex 71.56762392526613 0.27376031875611 15.50000000000001
   vertex 67.30000305175781 11.00000023841859 15.50000000000001
  endloop
 endfacet
 facet normal 0.00000000000000 0.00000000000000 1.00000000000000
  outer loop
   vertex 67.30000305175781 -11.00000023841859 15.50000000000001
   vertex 70.19861836855083 -9.68649481041913 15.50000000000001
   vertex 70.79545818714367 -7.23735180048275 15.50000000000001
  endloop
 endfacet
 facet normal 0.00000000000000 0.00000000000000 1.00000000000000
  outer loop
   vertex 4.48941680364976 21.56342628327587 15.50000000000001
   vertex 3.10686990450647 19.45556401931093 15.50000000000001
   vertex 3.50000143051146 12.50000035762788 15.50000000000001
  endloop
 endfacet
 facet normal 0.00000000000000 0.00000000000000 1.00000000000000
  outer loop
   vertex 0.78874240774645 14.98178103224533 15.50000000000001
   vertex -0.13603000938887 12.63671915061325 15.50000000000001
   vertex 2.28647518157957 11.88167762756349 15.50000000000001
  endloop
 endfacet
 facet normal 0.00000000000000 0.00000000000000 1.00000000000000
  outer loop
   vertex -0.89861388628156 -9.68649481041912 15.50000000000001
   vertex -0.13603000938887 -12.08919851310105 15.50000000000001
   vertex 2.00000023841856 -11.00000023841859 15.50000000000001
  endloop
 endfacet
 facet normal 0.00000000000000 0.00000000000000 1.00000000000000
  outer loop
   vertex 3.26535105705259 -12.48153138160706 15.50000000000001
   vertex 3.03647661209105 -12.42658448219300 15.50000000000001
   vertex 1.87139164922327 -16.71074669429825 15.50000000000001
  endloop
 endfacet
 facet normal 0.00000000000000 0.00000000000000 1.00000000000000
  outer loop
   vertex 67.42861283304600 -16.71074669429826 15.50000000000001
   vertex 66.26352691650391 -12.42658448219300 15.50000000000001
   vertex 66.03465270996094 -12.48153138160707 15.50000000000001
  endloop
 endfacet
 facet normal 0.00000000000000 0.00000000000000 1.00000000000000
  outer loop
   vertex 71.56762392526613 0.27376031875611 15.50000000000001
   vertex 71.48156042818407 2.79310791816514 15.50000000000001
   vertex 67.30000305175781 11.00000023841859 15.50000000000001
  endloop
 endfacet
 facet normal -0.00000000000000 0.00000000000000 1.00000000000000
  outer loop
   vertex 67.30000305175781 -11.00000023841859 15.50000000000001
   vertex 69.43603449165815 -12.08919851310104 15.50000000000001
   vertex 70.19861836855083 -9.68649481041913 15.50000000000001
  endloop
 endfacet
 facet normal 0.00000000000000 0.00000000000000 1.00000000000000
  outer loop
   vertex 67.42861283304600 17.25826733181045 15.50000000000001
   vertex 66.19313457776281 19.45556401931092 15.50000000000001
   vertex 65.80000305175781 12.50000035762788 15.50000000000001
  endloop
 endfacet
 facet normal 0.00000000000000 -0.00000000000000 1.00000000000000
  outer loop
   vertex 2.28647518157957 11.88167762756349 15.50000000000001
   vertex 2.43934249877928 12.06066012382508 15.50000000000001
   vertex 0.78874240774645 14.98178103224533 15.50000000000001
  endloop
 endfacet
 facet normal 0.00000000000000 0.00000000000000 1.00000000000000
  outer loop
   vertex 2.01847028732298 11.23465156555177 15.50000000000001
   vertex -0.13603000938887 12.63671915061325 15.50000000000001
   vertex -0.89861388628156 10.23401544793133 15.50000000000001
  endloop
 endfacet
 facet normal 0.00000000000000 0.00000000000000 1.00000000000000
  outer loop
   vertex 2.81901645660398 -12.33650994300843 15.50000000000001
   vertex 2.61832404136656 -12.21352601051332 15.50000000000001
   vertex 0.78874240774645 -14.43426039473311 15.50000000000001
  endloop
 endfacet
 facet normal 0.00000000000000 0.00000000000000 1.00000000000000
  outer loop
   vertex 3.50000143051146 -12.50000023841859 15.50000000000001
   vertex 3.26535105705259 -12.48153138160706 15.50000000000001
   vertex 3.10686990450647 -18.90804338179871 15.50000000000001
  endloop
 endfacet
 facet normal 0.00000000000000 -0.00000000000000 1.00000000000000
  outer loop
   vertex 71.22377120468981 -4.75318851857501 15.50000000000001
   vertex 71.48156042818405 -2.24558728065294 15.50000000000001
   vertex 67.30000305175781 -11.00000023841859 15.50000000000001
  endloop
 endfacet
 facet normal -0.00000000000000 0.00000000000000 1.00000000000000
  outer loop
   vertex 66.26352691650391 12.42658519744874 15.50000000000001
   vertex 66.48098754882812 12.33651041984559 15.50000000000001
   vertex 68.51126207452282 14.98178103224533 15.50000000000001
  endloop
 endfacet
 facet normal 0.00000000000000 0.00000000000000 1.00000000000000
  outer loop
   vertex 1.87139164922328 17.25826733181046 15.50000000000001
   vertex 3.03647661209105 12.42658519744874 15.50000000000001
   vertex 3.26535105705259 12.48153233528138 15.50000000000001
  endloop
 endfacet
 facet normal 0.00000000000000 0.00000000000000 1.00000000000000
  outer loop
   vertex 3.03647661209105 12.42658519744874 15.50000000000001
   vertex 1.87139164922328 17.25826733181046 15.50000000000001
   vertex 0.78874240774645 14.98178103224533 15.50000000000001
  endloop
 endfacet
 facet normal 0.00000000000000 -0.00000000000000 1.00000000000000
  outer loop
   vertex 2.43934249877928 12.06066012382508 15.50000000000001
   vertex 2.61832404136656 12.21352553367616 15.50000000000001
   vertex 0.78874240774645 14.98178103224533 15.50000000000001
  endloop
 endfacet
 facet normal 0.00000000000000 0.00000000000000 1.00000000000000
  outer loop
   vertex -0.13603000938887 -12.08919851310105 15.50000000000001
   vertex 2.07341837882994 -11.46352601051332 15.50000000000001
   vertex 2.01847028732298 -11.23465180397035 15.50000000000001
  endloop
 endfacet
 facet normal -0.00000000000000 0.00000000000000 1.00000000000000
  outer loop
   vertex -0.13603000938887 -12.08919851310105 15.50000000000001
   vertex 0.78874240774645 -14.43426039473311 15.50000000000001
   vertex 2.28647518157957 -11.88167786598207 15.50000000000001
  endloop
 endfacet
 facet normal 0.00000000000000 0.00000000000000 1.00000000000000
  outer loop
   vertex 1.87139164922327 -16.71074669429825 15.50000000000001
   vertex 3.03647661209105 -12.42658448219300 15.50000000000001
   vertex 2.81901645660398 -12.33650994300843 15.50000000000001
  endloop
 endfacet
 facet normal 0.00000000000000 0.00000000000000 1.00000000000000
  outer loop
   vertex 67.42861283304600 -16.71074669429826 15.50000000000001
   vertex 66.48098754882812 -12.33650994300843 15.50000000000001
   vertex 66.26352691650391 -12.42658448219300 15.50000000000001
  endloop
 endfacet
 facet normal 0.00000000000000 0.00000000000000 1.00000000000000
  outer loop
   vertex 66.48098754882812 -12.33650994300843 15.50000000000001
   vertex 67.42861283304600 -16.71074669429826 15.50000000000001
   vertex 68.51126207452282 -14.43426039473312 15.50000000000001
  endloop
 endfacet
 facet normal 0.00000000000000 0.00000000000000 1.00000000000000
  outer loop
   vertex 70.79545818714367 7.78487243799495 15.50000000000001
   vertex 70.19861836855083 10.23401544793133 15.50000000000001
   vertex 67.30000305175781 11.00000023841859 15.50000000000001
  endloop
 endfacet
 facet normal -0.00000000000000 0.00000000000000 1.00000000000000
  outer loop
   vertex 66.03465270996094 12.48153233528138 15.50000000000001
   vertex 66.26352691650391 12.42658519744874 15.50000000000001
   vertex 67.42861283304600 17.25826733181045 15.50000000000001
  endloop
 endfacet
 facet normal 0.00000000000000 -0.00000000000000 1.00000000000000
  outer loop
   vertex 2.61832404136656 12.21352553367616 15.50000000000001
   vertex 2.81901645660398 12.33651041984559 15.50000000000001
   vertex 0.78874240774645 14.98178103224533 15.50000000000001
  endloop
 endfacet
 facet normal 0.00000000000000 -0.00000000000000 1.00000000000000
  outer loop
   vertex 2.01847028732298 11.23465156555177 15.50000000000001
   vertex 2.07341837882994 11.46352577209474 15.50000000000001
   vertex -0.13603000938887 12.63671915061325 15.50000000000001
  endloop
 endfacet
 facet normal 0.00000000000000 0.00000000000000 1.00000000000000
  outer loop
   vertex 2.28647518157957 -11.88167786598207 15.50000000000001
   vertex 2.16349220275877 -11.68098473548890 15.50000000000001
   vertex -0.13603000938887 -12.08919851310105 15.50000000000001
  endloop
 endfacet
 facet normal -0.00000000000000 0.00000000000000 1.00000000000000
  outer loop
   vertex 1.87139164922327 -16.71074669429825 15.50000000000001
   vertex 3.10686990450647 -18.90804338179871 15.50000000000001
   vertex 3.26535105705259 -12.48153138160706 15.50000000000001
  endloop
 endfacet
 facet normal 0.00000000000000 0.00000000000000 1.00000000000000
  outer loop
   vertex 68.51126207452282 -14.43426039473312 15.50000000000001
   vertex 66.86066436767578 -12.06065964698793 15.50000000000001
   vertex 66.68167877197266 -12.21352601051332 15.50000000000001
  endloop
 endfacet
 facet normal 0.00000000000000 0.00000000000000 1.00000000000000
  outer loop
   vertex 69.43603449165815 -12.08919851310104 15.50000000000001
   vertex 67.13651275634766 -11.68098473548890 15.50000000000001
   vertex 67.01352691650391 -11.88167786598207 15.50000000000001
  endloop
 endfacet
 facet normal 0.00000000000000 0.00000000000000 1.00000000000000
  outer loop
   vertex 67.30000305175781 -11.00000023841859 15.50000000000001
   vertex 67.28153228759766 -11.23465180397035 15.50000000000001
   vertex 69.43603449165815 -12.08919851310104 15.50000000000001
  endloop
 endfacet
 facet normal 0.00000000000000 0.00000000000000 1.00000000000000
  outer loop
   vertex 70.19861836855083 10.23401544793133 15.50000000000001
   vertex 69.43603449165815 12.63671915061324 15.50000000000001
   vertex 67.28153228759766 11.23465156555177 15.50000000000001
  endloop
 endfacet
 facet normal 0.00000000000000 0.00000000000000 1.00000000000000
  outer loop
   vertex 68.51126207452282 14.98178103224533 15.50000000000001
   vertex 66.48098754882812 12.33651041984559 15.50000000000001
   vertex 66.68167877197266 12.21352553367616 15.50000000000001
  endloop
 endfacet
 facet normal 0.00000000000000 0.00000000000000 1.00000000000000
  outer loop
   vertex 0.78874240774645 14.98178103224533 15.50000000000001
   vertex 2.81901645660398 12.33651041984559 15.50000000000001
   vertex 3.03647661209105 12.42658519744874 15.50000000000001
  endloop
 endfacet
 facet normal 0.00000000000000 0.00000000000000 1.00000000000000
  outer loop
   vertex 2.16349220275877 -11.68098473548890 15.50000000000001
   vertex 2.07341837882994 -11.46352601051332 15.50000000000001
   vertex -0.13603000938887 -12.08919851310105 15.50000000000001
  endloop
 endfacet
 facet normal 0.00000000000000 0.00000000000000 1.00000000000000
  outer loop
   vertex 0.78874240774645 -14.43426039473311 15.50000000000001
   vertex 2.61832404136656 -12.21352601051332 15.50000000000001
   vertex 2.43934249877928 -12.06065964698793 15.50000000000001
  endloop
 endfacet
 facet normal 0.00000000000000 0.00000000000000 1.00000000000000
  outer loop
   vertex 68.51126207452282 -14.43426039473312 15.50000000000001
   vertex 66.68167877197266 -12.21352601051332 15.50000000000001
   vertex 66.48098754882812 -12.33650994300843 15.50000000000001
  endloop
 endfacet
 facet normal 0.00000000000000 0.00000000000000 1.00000000000000
  outer loop
   vertex 67.01352691650391 -11.88167786598207 15.50000000000001
   vertex 68.51126207452282 -14.43426039473312 15.50000000000001
   vertex 69.43603449165815 -12.08919851310104 15.50000000000001
  endloop
 endfacet
 facet normal 0.00000000000000 0.00000000000000 1.00000000000000
  outer loop
   vertex 67.28153228759766 -11.23465180397035 15.50000000000001
   vertex 67.22658538818359 -11.46352601051332 15.50000000000001
   vertex 69.43603449165815 -12.08919851310104 15.50000000000001
  endloop
 endfacet
 facet normal 0.00000000000000 0.00000000000000 1.00000000000000
  outer loop
   vertex 69.43603449165815 12.63671915061324 15.50000000000001
   vertex 67.22658538818359 11.46352577209474 15.50000000000001
   vertex 67.28153228759766 11.23465156555177 15.50000000000001
  endloop
 endfacet
 facet normal 0.00000000000000 0.00000000000000 1.00000000000000
  outer loop
   vertex 68.51126207452282 14.98178103224533 15.50000000000001
   vertex 66.86066436767578 12.06066012382508 15.50000000000001
   vertex 67.01352691650391 11.88167762756349 15.50000000000001
  endloop
 endfacet
 facet normal 0.00000000000000 0.00000000000000 1.00000000000000
  outer loop
   vertex 68.51126207452282 14.98178103224533 15.50000000000001
   vertex 67.42861283304600 17.25826733181045 15.50000000000001
   vertex 66.26352691650391 12.42658519744874 15.50000000000001
  endloop
 endfacet
 facet normal 0.00000000000000 -0.00000000000000 1.00000000000000
  outer loop
   vertex 2.07341837882994 11.46352577209474 15.50000000000001
   vertex 2.16349220275877 11.68098592758180 15.50000000000001
   vertex -0.13603000938887 12.63671915061325 15.50000000000001
  endloop
 endfacet
 facet normal -0.00000000000000 0.00000000000000 1.00000000000000
  outer loop
   vertex 0.78874240774645 -14.43426039473311 15.50000000000001
   vertex 1.87139164922327 -16.71074669429825 15.50000000000001
   vertex 2.81901645660398 -12.33650994300843 15.50000000000001
  endloop
 endfacet
 facet normal 0.00000000000000 0.00000000000000 1.00000000000000
  outer loop
   vertex 67.22658538818359 -11.46352601051332 15.50000000000001
   vertex 67.13651275634766 -11.68098473548890 15.50000000000001
   vertex 69.43603449165815 -12.08919851310104 15.50000000000001
  endloop
 endfacet
 facet normal 0.00000000000000 0.00000000000000 1.00000000000000
  outer loop
   vertex 69.43603449165815 12.63671915061324 15.50000000000001
   vertex 67.13651275634766 11.68098592758180 15.50000000000001
   vertex 67.22658538818359 11.46352577209474 15.50000000000001
  endloop
 endfacet
 facet normal 0.00000000000000 0.00000000000000 1.00000000000000
  outer loop
   vertex 67.01352691650391 11.88167762756349 15.50000000000001
   vertex 69.43603449165815 12.63671915061324 15.50000000000001
   vertex 68.51126207452282 14.98178103224533 15.50000000000001
  endloop
 endfacet
 facet normal 0.00000000000000 -0.00000000000000 1.00000000000000
  outer loop
   vertex 2.16349220275877 11.68098592758180 15.50000000000001
   vertex 2.28647518157957 11.88167762756349 15.50000000000001
   vertex -0.13603000938887 12.63671915061325 15.50000000000001
  endloop
 endfacet
 facet normal 0.00000000000000 0.00000000000000 1.00000000000000
  outer loop
   vertex 67.01352691650391 -11.88167786598207 15.50000000000001
   vertex 66.86066436767578 -12.06065964698793 15.50000000000001
   vertex 68.51126207452282 -14.43426039473312 15.50000000000001
  endloop
 endfacet
 facet normal -0.00000000000000 0.00000000000000 1.00000000000000
  outer loop
   vertex 67.01352691650391 11.88167762756349 15.50000000000001
   vertex 67.13651275634766 11.68098592758180 15.50000000000001
   vertex 69.43603449165815 12.63671915061324 15.50000000000001
  endloop
 endfacet
 facet normal 0.00000000000000 0.00000000000000 1.00000000000000
  outer loop
   vertex 2.43934249877928 -12.06065964698793 15.50000000000001
   vertex 2.28647518157957 -11.88167786598207 15.50000000000001
   vertex 0.78874240774645 -14.43426039473311 15.50000000000001
  endloop
 endfacet
 facet normal -0.00000000000000 0.00000000000000 1.00000000000000
  outer loop
   vertex 66.68167877197266 12.21352553367616 15.50000000000001
   vertex 66.86066436767578 12.06066012382508 15.50000000000001
   vertex 68.51126207452282 14.98178103224533 15.50000000000001
  endloop
 endfacet
 facet normal 0.00000000000000 0.00000000000000 1.00000000000000
  outer loop
   vertex 67.28153228759766 11.23465156555177 15.50000000000001
   vertex 67.30000305175781 11.00000023841859 15.50000000000001
   vertex 70.19861836855083 10.23401544793133 15.50000000000001
  endloop
 endfacet
 facet normal 0.38268282286952 -0.92387978497238 -0.00000000000000
  outer loop
   vertex 3.03647661209105 12.42658519744874 15.50000000000001
   vertex 2.81901645660398 12.33651041984559 15.50000000000001
   vertex 2.81901645660398 12.33651041984559 13.80000019073487
  endloop
 endfacet
 facet normal 0.38268282286952 -0.92387978497238 -0.00000000000000
  outer loop
   vertex 2.81901645660398 12.33651041984559 13.80000019073487
   vertex 3.03647661209105 12.42658519744874 13.80000019073487
   vertex 3.03647661209105 12.42658519744874 15.50000000000001
  endloop
 endfacet
 facet normal 0.23344233145576 -0.97237064840754 0.00000000000000
  outer loop
   vertex 3.03647661209105 12.42658519744874 15.50000000000001
   vertex 3.03647661209105 12.42658519744874 13.80000019073487
   vertex 3.26535105705259 12.48153233528138 13.80000019073487
  endloop
 endfacet
 facet normal 0.23344233145576 -0.97237064840754 0.00000000000000
  outer loop
   vertex 3.26535105705259 12.48153233528138 13.80000019073487
   vertex 3.26535105705259 12.48153233528138 15.50000000000001
   vertex 3.03647661209105 12.42658519744874 15.50000000000001
  endloop
 endfacet
 facet normal 0.52249984939499 -0.85263937710043 0.00000000000000
  outer loop
   vertex 2.81901645660398 12.33651041984559 15.50000000000001
   vertex 2.61832404136656 12.21352553367616 15.50000000000001
   vertex 2.61832404136656 12.21352553367616 13.80000019073487
  endloop
 endfacet
 facet normal 0.52249984939499 -0.85263937710043 0.00000000000000
  outer loop
   vertex 2.61832404136656 12.21352553367616 13.80000019073487
   vertex 2.81901645660398 12.33651041984559 13.80000019073487
   vertex 2.81901645660398 12.33651041984559 15.50000000000001
  endloop
 endfacet
 facet normal 0.07846178726876 -0.99691712190061 0.00000000000000
  outer loop
   vertex 3.26535105705259 12.48153233528138 15.50000000000001
   vertex 3.26535105705259 12.48153233528138 13.80000019073487
   vertex 3.50000143051146 12.50000035762788 13.80000019073487
  endloop
 endfacet
 facet normal 0.07846178726876 -0.99691712190061 0.00000000000000
  outer loop
   vertex 3.50000143051146 12.50000035762788 13.80000019073487
   vertex 3.50000143051146 12.50000035762788 15.50000000000001
   vertex 3.26535105705259 12.48153233528138 15.50000000000001
  endloop
 endfacet
 facet normal -0.00000000000000 -1.00000000000000 0.00000000000000
  outer loop
   vertex 65.80000305175781 12.50000035762788 15.50000000000001
   vertex 3.50000143051146 12.50000035762788 15.50000000000001
   vertex 3.50000143051146 12.50000035762788 13.80000019073487
  endloop
 endfacet
 facet normal 0.00000000000000 -1.00000000000000 0.00000000000000
  outer loop
   vertex 3.50000143051146 12.50000035762788 13.80000019073487
   vertex 65.80000305175781 12.50000035762788 13.80000019073487
   vertex 65.80000305175781 12.50000035762788 15.50000000000001
  endloop
 endfacet
 facet normal 0.64944984474413 -0.76040443131391 0.00000000000000
  outer loop
   vertex 2.61832404136656 12.21352553367616 13.80000019073487
   vertex 2.61832404136656 12.21352553367616 15.50000000000001
   vertex 2.43934249877928 12.06066012382508 15.50000000000001
  endloop
 endfacet
 facet normal 0.64944984474413 -0.76040443131391 -0.00000000000000
  outer loop
   vertex 2.43934249877928 12.06066012382508 15.50000000000001
   vertex 2.43934249877928 12.06066012382508 13.80000019073487
   vertex 2.61832404136656 12.21352553367616 13.80000019073487
  endloop
 endfacet
 facet normal 0.76040213845938 -0.64945252930941 0.00000000000000
  outer loop
   vertex 2.43934249877928 12.06066012382508 15.50000000000001
   vertex 2.28647518157957 11.88167762756349 15.50000000000001
   vertex 2.28647518157957 11.88167762756349 13.80000019073487
  endloop
 endfacet
 facet normal 0.76040213845938 -0.64945252930941 0.00000000000000
  outer loop
   vertex 2.28647518157957 11.88167762756349 13.80000019073487
   vertex 2.43934249877928 12.06066012382508 13.80000019073487
   vertex 2.43934249877928 12.06066012382508 15.50000000000001
  endloop
 endfacet
 facet normal -0.07846202496248 -0.99691710319303 0.00000000000000
  outer loop
   vertex 65.80000305175781 12.50000035762788 13.80000019073487
   vertex 66.03465270996094 12.48153233528138 13.80000019073487
   vertex 66.03465270996094 12.48153233528138 15.50000000000001
  endloop
 endfacet
 facet normal -0.07846202496248 -0.99691710319303 0.00000000000000
  outer loop
   vertex 66.03465270996094 12.48153233528138 15.50000000000001
   vertex 65.80000305175781 12.50000035762788 15.50000000000001
   vertex 65.80000305175781 12.50000035762788 13.80000019073487
  endloop
 endfacet
 facet normal 0.85264215758220 -0.52249531204938 -0.00000000000000
  outer loop
   vertex 2.28647518157957 11.88167762756349 15.50000000000001
   vertex 2.16349220275877 11.68098592758180 15.50000000000001
   vertex 2.16349220275877 11.68098592758180 13.80000019073487
  endloop
 endfacet
 facet normal 0.85264215758220 -0.52249531204938 -0.00000000000000
  outer loop
   vertex 2.16349220275877 11.68098592758180 13.80000019073487
   vertex 2.28647518157957 11.88167762756349 13.80000019073487
   vertex 2.28647518157957 11.88167762756349 15.50000000000001
  endloop
 endfacet
 facet normal -0.23344256138092 -0.97237059320812 0.00000000000000
  outer loop
   vertex 66.26352691650391 12.42658519744874 15.50000000000001
   vertex 66.03465270996094 12.48153233528138 15.50000000000001
   vertex 66.03465270996094 12.48153233528138 13.80000019073487
  endloop
 endfacet
 facet normal -0.23344256138092 -0.97237059320812 0.00000000000000
  outer loop
   vertex 66.03465270996094 12.48153233528138 13.80000019073487
   vertex 66.26352691650391 12.42658519744874 13.80000019073487
   vertex 66.26352691650391 12.42658519744874 15.50000000000001
  endloop
 endfacet
 facet normal 0.92388121745382 -0.38267936452865 -0.00000000000000
  outer loop
   vertex 2.16349220275877 11.68098592758180 15.50000000000001
   vertex 2.07341837882994 11.46352577209474 15.50000000000001
   vertex 2.07341837882994 11.46352577209474 13.80000019073487
  endloop
 endfacet
 facet normal 0.92388121745382 -0.38267936452865 -0.00000000000000
  outer loop
   vertex 2.07341837882994 11.46352577209474 13.80000019073487
   vertex 2.16349220275877 11.68098592758180 13.80000019073487
   vertex 2.16349220275877 11.68098592758180 15.50000000000001
  endloop
 endfacet
 facet normal -0.38268210662789 -0.92388008164850 -0.00000000000000
  outer loop
   vertex 66.26352691650391 12.42658519744874 15.50000000000001
   vertex 66.26352691650391 12.42658519744874 13.80000019073487
   vertex 66.48098754882812 12.33651041984559 13.80000019073487
  endloop
 endfacet
 facet normal -0.38268210662789 -0.92388008164850 0.00000000000000
  outer loop
   vertex 66.48098754882812 12.33651041984559 13.80000019073487
   vertex 66.48098754882812 12.33651041984559 15.50000000000001
   vertex 66.26352691650391 12.42658519744874 15.50000000000001
  endloop
 endfacet
 facet normal 0.97236967349992 -0.23344639225667 -0.00000000000000
  outer loop
   vertex 2.07341837882994 11.46352577209474 15.50000000000001
   vertex 2.01847028732298 11.23465156555177 15.50000000000001
   vertex 2.01847028732298 11.23465156555177 13.80000019073487
  endloop
 endfacet
 facet normal 0.97236967349992 -0.23344639225667 0.00000000000000
  outer loop
   vertex 2.01847028732298 11.23465156555177 13.80000019073487
   vertex 2.07341837882994 11.46352577209474 13.80000019073487
   vertex 2.07341837882994 11.46352577209474 15.50000000000001
  endloop
 endfacet
 facet normal -0.52250210569895 -0.85263799442681 -0.00000000000000
  outer loop
   vertex 66.48098754882812 12.33651041984559 15.50000000000001
   vertex 66.48098754882812 12.33651041984559 13.80000019073487
   vertex 66.68167877197266 12.21352553367616 13.80000019073487
  endloop
 endfacet
 facet normal -0.52250210569895 -0.85263799442681 0.00000000000000
  outer loop
   vertex 66.68167877197266 12.21352553367616 13.80000019073487
   vertex 66.68167877197266 12.21352553367616 15.50000000000001
   vertex 66.48098754882812 12.33651041984559 15.50000000000001
  endloop
 endfacet
 facet normal 0.99691647334941 -0.07847002717327 0.00000000000000
  outer loop
   vertex 2.00000023841856 11.00000023841859 15.50000000000001
   vertex 2.00000023841856 11.00000023841859 13.80000019073487
   vertex 2.01847028732298 11.23465156555177 13.80000019073487
  endloop
 endfacet
 facet normal 0.99691647334941 -0.07847002717327 0.00000000000000
  outer loop
   vertex 2.01847028732298 11.23465156555177 13.80000019073487
   vertex 2.01847028732298 11.23465156555177 15.50000000000001
   vertex 2.00000023841856 11.00000023841859 15.50000000000001
  endloop
 endfacet
 facet normal -0.64944134096341 -0.76041169418128 -0.00000000000000
  outer loop
   vertex 66.68167877197266 12.21352553367616 15.50000000000001
   vertex 66.68167877197266 12.21352553367616 13.80000019073487
   vertex 66.86066436767578 12.06066012382508 13.80000019073487
  endloop
 endfacet
 facet normal -0.64944134096341 -0.76041169418128 0.00000000000000
  outer loop
   vertex 66.86066436767578 12.06066012382508 13.80000019073487
   vertex 66.86066436767578 12.06066012382508 15.50000000000001
   vertex 66.68167877197266 12.21352553367616 15.50000000000001
  endloop
 endfacet
 facet normal 1.00000000000000 0.00000000000000 0.00000000000000
  outer loop
   vertex 2.00000023841856 11.00000023841859 15.50000000000001
   vertex 2.00000023841856 -11.00000023841859 15.50000000000001
   vertex 2.00000023841856 -11.00000023841859 13.80000019073487
  endloop
 endfacet
 facet normal 1.00000000000000 0.00000000000000 0.00000000000000
  outer loop
   vertex 2.00000023841856 -11.00000023841859 13.80000019073487
   vertex 2.00000023841856 11.00000023841859 13.80000019073487
   vertex 2.00000023841856 11.00000023841859 15.50000000000001
  endloop
 endfacet
 facet normal -0.76041214295963 -0.64944081550172 -0.00000000000000
  outer loop
   vertex 66.86066436767578 12.06066012382508 15.50000000000001
   vertex 66.86066436767578 12.06066012382508 13.80000019073487
   vertex 67.01352691650391 11.88167762756349 13.80000019073487
  endloop
 endfacet
 facet normal -0.76041214295963 -0.64944081550172 0.00000000000000
  outer loop
   vertex 67.01352691650391 11.88167762756349 13.80000019073487
   vertex 67.01352691650391 11.88167762756349 15.50000000000001
   vertex 66.86066436767578 12.06066012382508 15.50000000000001
  endloop
 endfacet
 facet normal -0.85263674245271 -0.52250414871045 -0.00000000000000
  outer loop
   vertex 67.01352691650391 11.88167762756349 15.50000000000001
   vertex 67.01352691650391 11.88167762756349 13.80000019073487
   vertex 67.13651275634766 11.68098592758180 13.80000019073487
  endloop
 endfacet
 facet normal -0.85263674245271 -0.52250414871045 0.00000000000000
  outer loop
   vertex 67.13651275634766 11.68098592758180 13.80000019073487
   vertex 67.13651275634766 11.68098592758180 15.50000000000001
   vertex 67.01352691650391 11.88167762756349 15.50000000000001
  endloop
 endfacet
 facet normal -0.92388300804365 -0.38267504157996 -0.00000000000000
  outer loop
   vertex 67.13651275634766 11.68098592758179 15.50000000000001
   vertex 67.13651275634766 11.68098592758179 13.80000019073487
   vertex 67.22658538818359 11.46352577209474 13.80000019073487
  endloop
 endfacet
 facet normal -0.92388300804365 -0.38267504157996 -0.00000000000000
  outer loop
   vertex 67.22658538818359 11.46352577209474 13.80000019073487
   vertex 67.22658538818359 11.46352577209474 15.50000000000001
   vertex 67.13651275634766 11.68098592758179 15.50000000000001
  endloop
 endfacet
 facet normal -0.97237082313309 -0.23344160366028 0.00000000000000
  outer loop
   vertex 67.28153228759766 11.23465156555177 13.80000019073487
   vertex 67.28153228759766 11.23465156555177 15.50000000000001
   vertex 67.22658538818359 11.46352577209474 15.50000000000001
  endloop
 endfacet
 facet normal -0.97237082313309 -0.23344160366027 -0.00000000000000
  outer loop
   vertex 67.22658538818359 11.46352577209474 15.50000000000001
   vertex 67.22658538818359 11.46352577209474 13.80000019073487
   vertex 67.28153228759766 11.23465156555177 13.80000019073487
  endloop
 endfacet
 facet normal -0.99691623562820 -0.07847304722580 -0.00000000000000
  outer loop
   vertex 67.30000305175781 11.00000023841859 15.50000000000001
   vertex 67.28153228759766 11.23465156555177 15.50000000000001
   vertex 67.28153228759766 11.23465156555177 13.80000019073487
  endloop
 endfacet
 facet normal -0.99691623562820 -0.07847304722580 -0.00000000000000
  outer loop
   vertex 67.28153228759766 11.23465156555177 13.80000019073487
   vertex 67.30000305175781 11.00000023841859 13.80000019073487
   vertex 67.30000305175781 11.00000023841859 15.50000000000001
  endloop
 endfacet
 facet normal -1.00000000000000 0.00000000000000 0.00000000000000
  outer loop
   vertex 67.30000305175781 -11.00000023841859 15.50000000000001
   vertex 67.30000305175781 11.00000023841859 15.50000000000001
   vertex 67.30000305175781 11.00000023841859 13.80000019073487
  endloop
 endfacet
 facet normal -1.00000000000000 0.00000000000000 0.00000000000000
  outer loop
   vertex 67.30000305175781 11.00000023841859 13.80000019073487
   vertex 67.30000305175781 -11.00000023841859 13.80000019073487
   vertex 67.30000305175781 -11.00000023841859 15.50000000000001
  endloop
 endfacet
 facet normal 0.99691647958651 0.07846994793445 0.00000000000000
  outer loop
   vertex 2.00000023841856 -11.00000023841859 15.50000000000001
   vertex 2.01847028732298 -11.23465180397035 15.50000000000001
   vertex 2.01847028732298 -11.23465180397035 13.80000019073487
  endloop
 endfacet
 facet normal 0.99691647958651 0.07846994793445 0.00000000000000
  outer loop
   vertex 2.01847028732298 -11.23465180397035 13.80000019073487
   vertex 2.00000023841856 -11.00000023841859 13.80000019073487
   vertex 2.00000023841856 -11.00000023841859 15.50000000000001
  endloop
 endfacet
 facet normal 0.97236967349992 0.23344639225667 -0.00000000000000
  outer loop
   vertex 2.01847028732298 -11.23465180397035 15.50000000000001
   vertex 2.07341837882994 -11.46352601051332 15.50000000000001
   vertex 2.07341837882994 -11.46352601051332 13.80000019073487
  endloop
 endfacet
 facet normal 0.97236967349992 0.23344639225667 0.00000000000000
  outer loop
   vertex 2.07341837882994 -11.46352601051332 13.80000019073487
   vertex 2.01847028732298 -11.23465180397035 13.80000019073487
   vertex 2.01847028732298 -11.23465180397035 15.50000000000001
  endloop
 endfacet
 facet normal -0.99691624186578 0.07847296798397 0.00000000000000
  outer loop
   vertex 67.30000305175781 -11.00000023841859 15.50000000000001
   vertex 67.30000305175781 -11.00000023841859 13.80000019073487
   vertex 67.28153228759766 -11.23465180397035 13.80000019073487
  endloop
 endfacet
 facet normal -0.99691624186578 0.07847296798397 0.00000000000000
  outer loop
   vertex 67.28153228759766 -11.23465180397035 13.80000019073487
   vertex 67.28153228759766 -11.23465180397035 15.50000000000001
   vertex 67.30000305175781 -11.00000023841859 15.50000000000001
  endloop
 endfacet
 facet normal 0.92388032743019 0.38268151325546 -0.00000000000000
  outer loop
   vertex 2.07341837882994 -11.46352601051332 15.50000000000001
   vertex 2.16349220275877 -11.68098473548890 15.50000000000001
   vertex 2.16349220275877 -11.68098473548890 13.80000019073487
  endloop
 endfacet
 facet normal 0.92388032743019 0.38268151325546 -0.00000000000000
  outer loop
   vertex 2.16349220275877 -11.68098473548890 13.80000019073487
   vertex 2.07341837882994 -11.46352601051332 13.80000019073487
   vertex 2.07341837882994 -11.46352601051332 15.50000000000001
  endloop
 endfacet
 facet normal -0.97237082313309 0.23344160366027 0.00000000000000
  outer loop
   vertex 67.28153228759766 -11.23465180397035 15.50000000000001
   vertex 67.28153228759766 -11.23465180397035 13.80000019073487
   vertex 67.22658538818359 -11.46352601051332 13.80000019073487
  endloop
 endfacet
 facet normal -0.97237082313309 0.23344160366027 0.00000000000000
  outer loop
   vertex 67.22658538818359 -11.46352601051332 13.80000019073487
   vertex 67.22658538818359 -11.46352601051332 15.50000000000001
   vertex 67.28153228759766 -11.23465180397035 15.50000000000001
  endloop
 endfacet
 facet normal 0.85264381674941 0.52249260450173 0.00000000000000
  outer loop
   vertex 2.28647518157957 -11.88167786598207 15.50000000000001
   vertex 2.28647518157957 -11.88167786598207 13.80000019073487
   vertex 2.16349220275877 -11.68098473548890 13.80000019073487
  endloop
 endfacet
 facet normal 0.85264381674941 0.52249260450173 0.00000000000000
  outer loop
   vertex 2.16349220275877 -11.68098473548890 13.80000019073487
   vertex 2.16349220275877 -11.68098473548890 15.50000000000001
   vertex 2.28647518157957 -11.88167786598207 15.50000000000001
  endloop
 endfacet
 facet normal -0.92388211803840 0.38267719029082 0.00000000000000
  outer loop
   vertex 67.13651275634766 -11.68098473548890 13.80000019073487
   vertex 67.13651275634766 -11.68098473548890 15.50000000000001
   vertex 67.22658538818359 -11.46352601051332 15.50000000000001
  endloop
 endfacet
 facet normal -0.92388211803840 0.38267719029081 0.00000000000000
  outer loop
   vertex 67.22658538818359 -11.46352601051332 15.50000000000001
   vertex 67.22658538818359 -11.46352601051332 13.80000019073487
   vertex 67.13651275634766 -11.68098473548890 13.80000019073487
  endloop
 endfacet
 facet normal 0.76040085674739 0.64945402998044 0.00000000000000
  outer loop
   vertex 2.28647518157957 -11.88167786598207 15.50000000000001
   vertex 2.43934249877928 -12.06065964698793 15.50000000000001
   vertex 2.43934249877928 -12.06065964698793 13.80000019073487
  endloop
 endfacet
 facet normal 0.76040085674739 0.64945402998044 0.00000000000000
  outer loop
   vertex 2.43934249877928 -12.06065964698793 13.80000019073487
   vertex 2.28647518157957 -11.88167786598207 13.80000019073487
   vertex 2.28647518157957 -11.88167786598207 15.50000000000001
  endloop
 endfacet
 facet normal -0.85263840166551 0.52250144115139 0.00000000000000
  outer loop
   vertex 67.13651275634766 -11.68098473548890 15.50000000000001
   vertex 67.13651275634766 -11.68098473548890 13.80000019073487
   vertex 67.01352691650391 -11.88167786598207 13.80000019073487
  endloop
 endfacet
 facet normal -0.85263840166551 0.52250144115139 0.00000000000000
  outer loop
   vertex 67.01352691650391 -11.88167786598207 13.80000019073487
   vertex 67.01352691650391 -11.88167786598207 15.50000000000001
   vertex 67.13651275634766 -11.68098473548890 15.50000000000001
  endloop
 endfacet
 facet normal 0.64945218748386 0.76040243040934 0.00000000000000
  outer loop
   vertex 2.61832404136656 -12.21352601051332 15.50000000000001
   vertex 2.61832404136656 -12.21352601051332 13.80000019073487
   vertex 2.43934249877928 -12.06065964698793 13.80000019073487
  endloop
 endfacet
 facet normal 0.64945218748386 0.76040243040934 0.00000000000000
  outer loop
   vertex 2.43934249877928 -12.06065964698793 13.80000019073487
   vertex 2.43934249877928 -12.06065964698793 15.50000000000001
   vertex 2.61832404136656 -12.21352601051332 15.50000000000001
  endloop
 endfacet
 facet normal -0.76041086127701 0.64944231618517 0.00000000000000
  outer loop
   vertex 67.01352691650391 -11.88167786598207 15.50000000000001
   vertex 67.01352691650391 -11.88167786598207 13.80000019073487
   vertex 66.86066436767578 -12.06065964698793 13.80000019073487
  endloop
 endfacet
 facet normal -0.76041086127701 0.64944231618517 0.00000000000000
  outer loop
   vertex 66.86066436767578 -12.06065964698793 13.80000019073487
   vertex 66.86066436767578 -12.06065964698793 15.50000000000001
   vertex 67.01352691650391 -11.88167786598207 15.50000000000001
  endloop
 endfacet
 facet normal 0.52249690384321 0.85264118213599 -0.00000000000000
  outer loop
   vertex 2.61832404136656 -12.21352601051332 15.50000000000001
   vertex 2.81901645660398 -12.33650994300843 15.50000000000001
   vertex 2.81901645660398 -12.33650994300843 13.80000019073487
  endloop
 endfacet
 facet normal 0.52249690384321 0.85264118213599 -0.00000000000000
  outer loop
   vertex 2.81901645660398 -12.33650994300843 13.80000019073487
   vertex 2.61832404136656 -12.21352601051332 13.80000019073487
   vertex 2.61832404136656 -12.21352601051332 15.50000000000001
  endloop
 endfacet
 facet normal -0.64944368371722 0.76040969331000 0.00000000000000
  outer loop
   vertex 66.86066436767578 -12.06065964698793 15.50000000000001
   vertex 66.86066436767578 -12.06065964698793 13.80000019073487
   vertex 66.68167877197266 -12.21352601051332 13.80000019073487
  endloop
 endfacet
 facet normal -0.64944368371722 0.76040969331000 0.00000000000000
  outer loop
   vertex 66.68167877197266 -12.21352601051332 13.80000019073487
   vertex 66.68167877197266 -12.21352601051332 15.50000000000001
   vertex 66.86066436767578 -12.06065964698793 15.50000000000001
  endloop
 endfacet
 facet normal 0.38268195828580 0.92388014309354 0.00000000000000
  outer loop
   vertex 2.81901645660398 -12.33650994300844 15.50000000000001
   vertex 3.03647661209105 -12.42658448219300 15.50000000000001
   vertex 3.03647661209105 -12.42658448219300 13.80000019073487
  endloop
 endfacet
 facet normal 0.38268195828580 0.92388014309354 0.00000000000000
  outer loop
   vertex 3.03647661209105 -12.42658448219300 13.80000019073487
   vertex 2.81901645660398 -12.33650994300844 13.80000019073487
   vertex 2.81901645660398 -12.33650994300844 15.50000000000001
  endloop
 endfacet
 facet normal -0.52249916014399 0.85263979947504 0.00000000000000
  outer loop
   vertex 66.68167877197266 -12.21352601051332 15.50000000000001
   vertex 66.68167877197266 -12.21352601051332 13.80000019073487
   vertex 66.48098754882812 -12.33650994300843 13.80000019073487
  endloop
 endfacet
 facet normal -0.52249916014399 0.85263979947504 0.00000000000000
  outer loop
   vertex 66.48098754882812 -12.33650994300843 13.80000019073487
   vertex 66.48098754882812 -12.33650994300843 15.50000000000001
   vertex 66.68167877197266 -12.21352601051332 15.50000000000001
  endloop
 endfacet
 facet normal 0.23344137373595 0.97237087833207 -0.00000000000000
  outer loop
   vertex 3.03647661209105 -12.42658448219300 13.80000019073487
   vertex 3.03647661209105 -12.42658448219300 15.50000000000001
   vertex 3.26535105705259 -12.48153138160707 15.50000000000001
  endloop
 endfacet
 facet normal 0.23344137373594 0.97237087833207 0.00000000000000
  outer loop
   vertex 3.26535105705259 -12.48153138160707 15.50000000000001
   vertex 3.26535105705259 -12.48153138160707 13.80000019073487
   vertex 3.03647661209105 -12.42658448219300 13.80000019073487
  endloop
 endfacet
 facet normal -0.38268124204525 0.92388043976843 0.00000000000000
  outer loop
   vertex 66.48098754882812 -12.33650994300844 15.50000000000001
   vertex 66.48098754882812 -12.33650994300844 13.80000019073487
   vertex 66.26352691650391 -12.42658448219300 13.80000019073487
  endloop
 endfacet
 facet normal -0.38268124204526 0.92388043976843 0.00000000000000
  outer loop
   vertex 66.26352691650391 -12.42658448219300 13.80000019073487
   vertex 66.26352691650391 -12.42658448219301 15.50000000000001
   vertex 66.48098754882812 -12.33650994300844 15.50000000000001
  endloop
 endfacet
 facet normal 0.07846531068438 0.99691684458595 -0.00000000000000
  outer loop
   vertex 3.26535105705259 -12.48153138160707 15.50000000000001
   vertex 3.50000143051146 -12.50000023841859 15.50000000000001
   vertex 3.50000143051146 -12.50000023841859 13.80000019073487
  endloop
 endfacet
 facet normal 0.07846531068438 0.99691684458595 0.00000000000000
  outer loop
   vertex 3.50000143051146 -12.50000023841859 13.80000019073487
   vertex 3.26535105705259 -12.48153138160707 13.80000019073487
   vertex 3.26535105705259 -12.48153138160707 15.50000000000001
  endloop
 endfacet
 facet normal -0.23344160366027 0.97237082313309 0.00000000000000
  outer loop
   vertex 66.26352691650391 -12.42658448219301 15.50000000000001
   vertex 66.26352691650391 -12.42658448219300 13.80000019073487
   vertex 66.03465270996094 -12.48153138160707 13.80000019073487
  endloop
 endfacet
 facet normal -0.23344160366028 0.97237082313309 0.00000000000000
  outer loop
   vertex 66.03465270996094 -12.48153138160707 13.80000019073487
   vertex 66.03465270996094 -12.48153138160707 15.50000000000001
   vertex 66.26352691650391 -12.42658448219301 15.50000000000001
  endloop
 endfacet
 facet normal -0.07846554838865 0.99691682587670 0.00000000000000
  outer loop
   vertex 66.03465270996094 -12.48153138160707 15.50000000000001
   vertex 66.03465270996094 -12.48153138160707 13.80000019073487
   vertex 65.80000305175781 -12.50000023841859 13.80000019073487
  endloop
 endfacet
 facet normal -0.07846554838865 0.99691682587670 0.00000000000000
  outer loop
   vertex 65.80000305175781 -12.50000023841859 13.80000019073487
   vertex 65.80000305175781 -12.50000023841859 15.50000000000001
   vertex 66.03465270996094 -12.48153138160707 15.50000000000001
  endloop
 endfacet
 facet normal -0.00000000000000 1.00000000000000 0.00000000000000
  outer loop
   vertex 3.50000143051145 -12.50000023841859 15.50000000000001
   vertex 65.80000305175781 -12.50000023841859 15.50000000000001
   vertex 65.80000305175781 -12.50000023841859 13.80000019073487
  endloop
 endfacet
 facet normal 0.00000000000000 1.00000000000000 0.00000000000000
  outer loop
   vertex 65.80000305175781 -12.50000023841859 13.80000019073487
   vertex 3.50000143051145 -12.50000023841859 13.80000019073487
   vertex 3.50000143051145 -12.50000023841859 15.50000000000001
  endloop
 endfacet
 facet normal -0.00000000000000 0.00000000000000 1.00000000000000
  outer loop
   vertex 3.26535105705260 -12.48153138160707 13.80000019073487
   vertex 3.50000143051145 -12.50000023841859 13.80000019073487
   vertex 3.50000143051145 -12.00000023841859 13.80000019073487
  endloop
 endfacet
 facet normal 0.00000000000000 0.00000000000000 1.00000000000000
  outer loop
   vertex 65.80000305175781 -12.00000023841859 13.80000019073487
   vertex 3.50000143051145 -12.00000023841859 13.80000019073487
   vertex 3.50000143051145 -12.50000023841859 13.80000019073487
  endloop
 endfacet
 facet normal 0.00000000000000 0.00000000000000 1.00000000000000
  outer loop
   vertex 3.50000143051145 12.50000035762788 13.80000019073487
   vertex 3.50000143051145 12.00000023841859 13.80000019073487
   vertex 65.80000305175781 12.00000023841859 13.80000019073487
  endloop
 endfacet
 facet normal 0.00000000000000 0.00000000000000 1.00000000000000
  outer loop
   vertex 3.26535105705260 12.48153233528138 13.80000019073487
   vertex 3.34356737136839 11.98768830299379 13.80000019073487
   vertex 3.50000143051145 12.00000023841859 13.80000019073487
  endloop
 endfacet
 facet normal 0.00000000000000 0.00000000000000 1.00000000000000
  outer loop
   vertex 3.50000143051145 -12.50000023841859 13.80000019073487
   vertex 65.80000305175781 -12.50000023841859 13.80000019073487
   vertex 65.80000305175781 -12.00000023841859 13.80000019073487
  endloop
 endfacet
 facet normal 0.00000000000000 0.00000000000000 1.00000000000000
  outer loop
   vertex 66.03465270996094 -12.48153138160707 13.80000019073487
   vertex 65.95643615722656 -11.98768830299379 13.80000019073487
   vertex 65.80000305175781 -12.00000023841859 13.80000019073487
  endloop
 endfacet
 facet normal 0.00000000000000 0.00000000000000 1.00000000000000
  outer loop
   vertex 66.03465270996094 12.48153233528138 13.80000019073487
   vertex 65.80000305175781 12.50000035762788 13.80000019073487
   vertex 65.80000305175781 12.00000023841859 13.80000019073487
  endloop
 endfacet
 facet normal 0.00000000000000 -0.00000000000000 1.00000000000000
  outer loop
   vertex 3.50000143051145 12.00000023841859 13.80000019073487
   vertex 3.50000143051145 12.50000035762788 13.80000019073487
   vertex 3.26535105705260 12.48153233528138 13.80000019073487
  endloop
 endfacet
 facet normal 0.00000000000000 0.00000000000000 1.00000000000000
  outer loop
   vertex 2.01847028732298 11.23465156555177 13.80000019073487
   vertex 2.00000023841856 11.00000023841859 13.80000019073487
   vertex 2.50000143051146 11.00000023841859 13.80000019073487
  endloop
 endfacet
 facet normal 0.00000000000000 -0.00000000000000 1.00000000000000
  outer loop
   vertex 2.50000143051146 -11.00000023841859 13.80000019073487
   vertex 2.50000143051146 11.00000023841859 13.80000019073487
   vertex 2.00000023841856 11.00000023841859 13.80000019073487
  endloop
 endfacet
 facet normal -0.00000000000000 0.00000000000000 1.00000000000000
  outer loop
   vertex 2.43934249877928 -12.06065964698793 13.80000019073487
   vertex 2.61832404136656 -12.21352601051332 13.80000019073487
   vertex 2.91221594810484 -11.80901551246644 13.80000019073487
  endloop
 endfacet
 facet normal -0.00000000000000 0.00000000000000 1.00000000000000
  outer loop
   vertex 2.61832404136656 -12.21352601051332 13.80000019073487
   vertex 2.81901645660399 -12.33650994300843 13.80000019073487
   vertex 3.04600977897643 -11.89100670814515 13.80000019073487
  endloop
 endfacet
 facet normal 0.00000000000000 0.00000000000000 1.00000000000000
  outer loop
   vertex 3.03647661209105 -12.42658448219300 13.80000019073487
   vertex 3.19098305702208 -11.95105576515199 13.80000019073487
   vertex 3.04600977897643 -11.89100670814515 13.80000019073487
  endloop
 endfacet
 facet normal -0.00000000000000 0.00000000000000 1.00000000000000
  outer loop
   vertex 3.03647661209105 -12.42658448219300 13.80000019073487
   vertex 3.26535105705260 -12.48153138160707 13.80000019073487
   vertex 3.34356737136839 -11.98768830299379 13.80000019073487
  endloop
 endfacet
 facet normal 0.00000000000000 0.00000000000000 1.00000000000000
  outer loop
   vertex 65.80000305175781 -12.00000023841859 13.80000019073487
   vertex 65.80000305175781 -12.50000023841859 13.80000019073487
   vertex 66.03465270996094 -12.48153138160707 13.80000019073487
  endloop
 endfacet
 facet normal 0.00000000000000 0.00000000000000 1.00000000000000
  outer loop
   vertex 66.26352691650391 -12.42658448219300 13.80000019073487
   vertex 66.10902404785156 -11.95105576515199 13.80000019073487
   vertex 65.95643615722656 -11.98768830299379 13.80000019073487
  endloop
 endfacet
 facet normal 0.00000000000000 0.00000000000000 1.00000000000000
  outer loop
   vertex 66.68167877197266 -12.21352601051332 13.80000019073487
   vertex 66.38778686523438 -11.80901551246644 13.80000019073487
   vertex 66.25399017333984 -11.89100670814515 13.80000019073487
  endloop
 endfacet
 facet normal 0.00000000000000 -0.00000000000000 1.00000000000000
  outer loop
   vertex 66.68167877197266 -12.21352601051332 13.80000019073487
   vertex 66.86066436767578 -12.06065964698793 13.80000019073487
   vertex 66.50711059570312 -11.70710587501527 13.80000019073487
  endloop
 endfacet
 facet normal 0.00000000000000 0.00000000000000 1.00000000000000
  outer loop
   vertex 66.03465270996094 12.48153233528138 13.80000019073487
   vertex 65.95643615722656 11.98768830299379 13.80000019073487
   vertex 66.10902404785156 11.95105648040773 13.80000019073487
  endloop
 endfacet
 facet normal 0.00000000000000 -0.00000000000000 1.00000000000000
  outer loop
   vertex 65.80000305175781 12.00000023841859 13.80000019073487
   vertex 65.80000305175781 12.50000035762788 13.80000019073487
   vertex 3.50000143051145 12.50000035762788 13.80000019073487
  endloop
 endfacet
 facet normal 0.00000000000000 0.00000000000000 1.00000000000000
  outer loop
   vertex 2.28647518157957 11.88167762756349 13.80000019073487
   vertex 2.16349220275877 11.68098592758180 13.80000019073487
   vertex 2.60899591445921 11.45399093627931 13.80000019073487
  endloop
 endfacet
 facet normal 0.00000000000000 0.00000000000000 1.00000000000000
  outer loop
   vertex 2.16349220275877 11.68098592758180 13.80000019073487
   vertex 2.07341837882994 11.46352577209474 13.80000019073487
   vertex 2.54894423484800 11.30901765823366 13.80000019073487
  endloop
 endfacet
 facet normal 0.00000000000000 0.00000000000000 1.00000000000000
  outer loop
   vertex 2.00000023841856 11.00000023841859 13.80000019073487
   vertex 2.00000023841856 -11.00000023841859 13.80000019073487
   vertex 2.50000143051146 -11.00000023841859 13.80000019073487
  endloop
 endfacet
 facet normal 0.00000000000000 0.00000000000000 1.00000000000000
  outer loop
   vertex 2.01847028732298 -11.23465180397035 13.80000019073487
   vertex 2.51231336593626 -11.15643334388734 13.80000019073487
   vertex 2.50000143051146 -11.00000023841859 13.80000019073487
  endloop
 endfacet
 facet normal 0.00000000000000 0.00000000000000 1.00000000000000
  outer loop
   vertex 2.16349220275877 -11.68098473548890 13.80000019073487
   vertex 2.60899591445921 -11.45399117469789 13.80000019073487
   vertex 2.54894423484800 -11.30901741981507 13.80000019073487
  endloop
 endfacet
 facet normal 0.00000000000000 0.00000000000000 1.00000000000000
  outer loop
   vertex 2.28647518157957 -11.88167786598207 13.80000019073487
   vertex 2.69098567962645 -11.58778595924379 13.80000019073487
   vertex 2.60899591445921 -11.45399117469789 13.80000019073487
  endloop
 endfacet
 facet normal 0.00000000000000 0.00000000000000 1.00000000000000
  outer loop
   vertex 2.43934249877928 -12.06065964698793 13.80000019073487
   vertex 2.79289484024046 -11.70710587501527 13.80000019073487
   vertex 2.69098567962645 -11.58778595924379 13.80000019073487
  endloop
 endfacet
 facet normal 0.00000000000000 0.00000000000000 1.00000000000000
  outer loop
   vertex 3.04600977897643 -11.89100670814515 13.80000019073487
   vertex 2.91221594810484 -11.80901551246644 13.80000019073487
   vertex 2.61832404136656 -12.21352601051332 13.80000019073487
  endloop
 endfacet
 facet normal 0.00000000000000 0.00000000000000 1.00000000000000
  outer loop
   vertex 3.34356737136839 -11.98768830299379 13.80000019073487
   vertex 3.19098305702208 -11.95105576515199 13.80000019073487
   vertex 3.03647661209105 -12.42658448219300 13.80000019073487
  endloop
 endfacet
 facet normal 0.00000000000000 0.00000000000000 1.00000000000000
  outer loop
   vertex 65.95643615722656 -11.98768830299379 13.80000019073487
   vertex 66.03465270996094 -12.48153138160707 13.80000019073487
   vertex 66.26352691650391 -12.42658448219300 13.80000019073487
  endloop
 endfacet
 facet normal 0.00000000000000 0.00000000000000 1.00000000000000
  outer loop
   vertex 66.48098754882812 -12.33650994300843 13.80000019073487
   vertex 66.25399017333984 -11.89100670814515 13.80000019073487
   vertex 66.10902404785156 -11.95105576515199 13.80000019073487
  endloop
 endfacet
 facet normal 0.00000000000000 0.00000000000000 1.00000000000000
  outer loop
   vertex 66.50711059570312 -11.70710587501527 13.80000019073487
   vertex 66.38778686523438 -11.80901551246644 13.80000019073487
   vertex 66.68167877197266 -12.21352601051332 13.80000019073487
  endloop
 endfacet
 facet normal -0.00000000000000 0.00000000000000 1.00000000000000
  outer loop
   vertex 65.80000305175781 12.00000023841859 13.80000019073487
   vertex 65.95643615722656 11.98768830299379 13.80000019073487
   vertex 66.03465270996094 12.48153233528138 13.80000019073487
  endloop
 endfacet
 facet normal 0.00000000000000 0.00000000000000 1.00000000000000
  outer loop
   vertex 3.03647661209105 12.42658519744874 13.80000019073487
   vertex 3.19098305702208 11.95105648040773 13.80000019073487
   vertex 3.34356737136839 11.98768830299379 13.80000019073487
  endloop
 endfacet
 facet normal 0.00000000000000 0.00000000000000 1.00000000000000
  outer loop
   vertex 2.61832404136656 12.21352553367615 13.80000019073487
   vertex 2.91221594810484 11.80901670455933 13.80000019073487
   vertex 3.04600977897643 11.89100670814515 13.80000019073487
  endloop
 endfacet
 facet normal 0.00000000000000 0.00000000000000 1.00000000000000
  outer loop
   vertex 2.43934249877928 12.06066012382508 13.80000019073487
   vertex 2.79289484024046 11.70710682868958 13.80000019073487
   vertex 2.91221594810484 11.80901670455933 13.80000019073487
  endloop
 endfacet
 facet normal 0.00000000000000 0.00000000000000 1.00000000000000
  outer loop
   vertex 2.28647518157957 11.88167762756349 13.80000019073487
   vertex 2.69098567962645 11.58778572082521 13.80000019073487
   vertex 2.79289484024046 11.70710682868958 13.80000019073487
  endloop
 endfacet
 facet normal 0.00000000000000 -0.00000000000000 1.00000000000000
  outer loop
   vertex 2.54894423484800 11.30901765823366 13.80000019073487
   vertex 2.60899591445921 11.45399093627931 13.80000019073487
   vertex 2.16349220275877 11.68098592758180 13.80000019073487
  endloop
 endfacet
 facet normal 0.00000000000000 0.00000000000000 1.00000000000000
  outer loop
   vertex 2.50000143051146 -11.00000023841859 13.80000019073487
   vertex 2.00000023841856 -11.00000023841859 13.80000019073487
   vertex 2.01847028732298 -11.23465180397035 13.80000019073487
  endloop
 endfacet
 facet normal 0.00000000000000 0.00000000000000 1.00000000000000
  outer loop
   vertex 2.01847028732298 -11.23465180397035 13.80000019073487
   vertex 2.07341837882994 -11.46352601051332 13.80000019073487
   vertex 2.54894423484800 -11.30901741981507 13.80000019073487
  endloop
 endfacet
 facet normal 0.00000000000000 0.00000000000000 1.00000000000000
  outer loop
   vertex 2.60899591445921 -11.45399117469789 13.80000019073487
   vertex 2.16349220275877 -11.68098473548890 13.80000019073487
   vertex 2.28647518157957 -11.88167786598207 13.80000019073487
  endloop
 endfacet
 facet normal 0.00000000000000 0.00000000000000 1.00000000000000
  outer loop
   vertex 2.91221594810484 -11.80901551246644 13.80000019073487
   vertex 2.79289484024046 -11.70710587501527 13.80000019073487
   vertex 2.43934249877928 -12.06065964698793 13.80000019073487
  endloop
 endfacet
 facet normal 0.00000000000000 0.00000000000000 1.00000000000000
  outer loop
   vertex 3.50000143051145 -12.00000023841859 13.80000019073487
   vertex 3.34356737136839 -11.98768830299379 13.80000019073487
   vertex 3.26535105705260 -12.48153138160707 13.80000019073487
  endloop
 endfacet
 facet normal 0.00000000000000 0.00000000000000 1.00000000000000
  outer loop
   vertex 66.25399017333984 -11.89100670814515 13.80000019073487
   vertex 66.48098754882812 -12.33650994300843 13.80000019073487
   vertex 66.68167877197266 -12.21352601051332 13.80000019073487
  endloop
 endfacet
 facet normal 0.00000000000000 0.00000000000000 1.00000000000000
  outer loop
   vertex 3.34356737136839 11.98768830299379 13.80000019073487
   vertex 3.26535105705260 12.48153233528138 13.80000019073487
   vertex 3.03647661209105 12.42658519744874 13.80000019073487
  endloop
 endfacet
 facet normal 0.00000000000000 0.00000000000000 1.00000000000000
  outer loop
   vertex 2.81901645660399 12.33651041984560 13.80000019073487
   vertex 3.04600977897643 11.89100670814515 13.80000019073487
   vertex 3.19098305702208 11.95105648040773 13.80000019073487
  endloop
 endfacet
 facet normal 0.00000000000000 0.00000000000000 1.00000000000000
  outer loop
   vertex 2.91221594810484 11.80901670455933 13.80000019073487
   vertex 2.61832404136656 12.21352553367615 13.80000019073487
   vertex 2.43934249877928 12.06066012382508 13.80000019073487
  endloop
 endfacet
 facet normal 0.00000000000000 -0.00000000000000 1.00000000000000
  outer loop
   vertex 2.60899591445921 11.45399093627931 13.80000019073487
   vertex 2.69098567962645 11.58778572082521 13.80000019073487
   vertex 2.28647518157957 11.88167762756349 13.80000019073487
  endloop
 endfacet
 facet normal -0.00000000000000 0.00000000000000 1.00000000000000
  outer loop
   vertex 2.01847028732298 11.23465156555177 13.80000019073487
   vertex 2.51231336593626 11.15643429756166 13.80000019073487
   vertex 2.54894423484800 11.30901765823366 13.80000019073487
  endloop
 endfacet
 facet normal 0.00000000000000 0.00000000000000 1.00000000000000
  outer loop
   vertex 2.54894423484800 -11.30901741981507 13.80000019073487
   vertex 2.51231336593626 -11.15643334388734 13.80000019073487
   vertex 2.01847028732298 -11.23465180397035 13.80000019073487
  endloop
 endfacet
 facet normal 0.00000000000000 0.00000000000000 1.00000000000000
  outer loop
   vertex 2.69098567962645 -11.58778595924379 13.80000019073487
   vertex 2.28647518157957 -11.88167786598207 13.80000019073487
   vertex 2.43934249877928 -12.06065964698793 13.80000019073487
  endloop
 endfacet
 facet normal 0.00000000000000 0.00000000000000 1.00000000000000
  outer loop
   vertex 66.10902404785156 -11.95105576515199 13.80000019073487
   vertex 66.26352691650391 -12.42658448219300 13.80000019073487
   vertex 66.48098754882812 -12.33650994300843 13.80000019073487
  endloop
 endfacet
 facet normal 0.00000000000000 0.00000000000000 1.00000000000000
  outer loop
   vertex 66.48098754882812 12.33651041984560 13.80000019073487
   vertex 66.25399017333984 11.89100670814515 13.80000019073487
   vertex 66.38778686523438 11.80901670455933 13.80000019073487
  endloop
 endfacet
 facet normal 0.00000000000000 0.00000000000000 1.00000000000000
  outer loop
   vertex 66.48098754882812 12.33651041984560 13.80000019073487
   vertex 66.26352691650391 12.42658519744874 13.80000019073487
   vertex 66.10902404785156 11.95105648040773 13.80000019073487
  endloop
 endfacet
 facet normal 0.00000000000000 0.00000000000000 1.00000000000000
  outer loop
   vertex 3.19098305702208 11.95105648040773 13.80000019073487
   vertex 3.03647661209105 12.42658519744874 13.80000019073487
   vertex 2.81901645660399 12.33651041984560 13.80000019073487
  endloop
 endfacet
 facet normal 0.00000000000000 0.00000000000000 1.00000000000000
  outer loop
   vertex 2.79289484024046 11.70710682868958 13.80000019073487
   vertex 2.43934249877928 12.06066012382508 13.80000019073487
   vertex 2.28647518157957 11.88167762756349 13.80000019073487
  endloop
 endfacet
 facet normal 0.00000000000000 -0.00000000000000 1.00000000000000
  outer loop
   vertex 2.50000143051146 11.00000023841859 13.80000019073487
   vertex 2.51231336593626 11.15643429756166 13.80000019073487
   vertex 2.01847028732298 11.23465156555177 13.80000019073487
  endloop
 endfacet
 facet normal 0.00000000000000 0.00000000000000 1.00000000000000
  outer loop
   vertex 3.04600977897643 -11.89100670814515 13.80000019073487
   vertex 2.81901645660399 -12.33650994300843 13.80000019073487
   vertex 3.03647661209105 -12.42658448219300 13.80000019073487
  endloop
 endfacet
 facet normal 0.00000000000000 0.00000000000000 1.00000000000000
  outer loop
   vertex 66.68167877197266 12.21352553367615 13.80000019073487
   vertex 66.38778686523438 11.80901670455933 13.80000019073487
   vertex 66.50711059570312 11.70710682868958 13.80000019073487
  endloop
 endfacet
 facet normal -0.00000000000000 0.00000000000000 1.00000000000000
  outer loop
   vertex 66.10902404785156 11.95105648040773 13.80000019073487
   vertex 66.25399017333984 11.89100670814515 13.80000019073487
   vertex 66.48098754882812 12.33651041984560 13.80000019073487
  endloop
 endfacet
 facet normal 0.00000000000000 0.00000000000000 1.00000000000000
  outer loop
   vertex 3.04600977897643 11.89100670814515 13.80000019073487
   vertex 2.81901645660399 12.33651041984560 13.80000019073487
   vertex 2.61832404136656 12.21352553367615 13.80000019073487
  endloop
 endfacet
 facet normal 0.00000000000000 0.00000000000000 1.00000000000000
  outer loop
   vertex 2.54894423484800 -11.30901741981507 13.80000019073487
   vertex 2.07341837882994 -11.46352601051332 13.80000019073487
   vertex 2.16349220275877 -11.68098473548890 13.80000019073487
  endloop
 endfacet
 facet normal 0.00000000000000 0.00000000000000 1.00000000000000
  outer loop
   vertex 67.01352691650391 -11.88167786598207 13.80000019073487
   vertex 66.60901641845703 -11.58778595924379 13.80000019073487
   vertex 66.50711059570312 -11.70710587501527 13.80000019073487
  endloop
 endfacet
 facet normal 0.00000000000000 -0.00000000000000 1.00000000000000
  outer loop
   vertex 67.01352691650391 -11.88167786598207 13.80000019073487
   vertex 67.13651275634766 -11.68098473548890 13.80000019073487
   vertex 66.69100952148438 -11.45399117469789 13.80000019073487
  endloop
 endfacet
 facet normal 0.00000000000000 0.00000000000000 1.00000000000000
  outer loop
   vertex 67.01352691650391 11.88167762756349 13.80000019073487
   vertex 66.60901641845703 11.58778572082521 13.80000019073487
   vertex 66.69100952148438 11.45399093627931 13.80000019073487
  endloop
 endfacet
 facet normal 0.00000000000000 0.00000000000000 1.00000000000000
  outer loop
   vertex 67.01352691650391 11.88167762756349 13.80000019073487
   vertex 66.86066436767578 12.06066012382508 13.80000019073487
   vertex 66.50711059570312 11.70710682868958 13.80000019073487
  endloop
 endfacet
 facet normal 0.00000000000000 0.00000000000000 1.00000000000000
  outer loop
   vertex 66.38778686523438 11.80901670455933 13.80000019073487
   vertex 66.68167877197266 12.21352553367615 13.80000019073487
   vertex 66.48098754882812 12.33651041984560 13.80000019073487
  endloop
 endfacet
 facet normal 0.00000000000000 0.00000000000000 1.00000000000000
  outer loop
   vertex 2.54894423484800 11.30901765823366 13.80000019073487
   vertex 2.07341837882994 11.46352577209474 13.80000019073487
   vertex 2.01847028732298 11.23465156555177 13.80000019073487
  endloop
 endfacet
 facet normal 0.00000000000000 0.00000000000000 1.00000000000000
  outer loop
   vertex 66.69100952148438 -11.45399117469789 13.80000019073487
   vertex 66.60901641845703 -11.58778595924379 13.80000019073487
   vertex 67.01352691650391 -11.88167786598207 13.80000019073487
  endloop
 endfacet
 facet normal 0.00000000000000 -0.00000000000000 1.00000000000000
  outer loop
   vertex 67.13651275634766 -11.68098473548890 13.80000019073487
   vertex 67.22658538818359 -11.46352601051332 13.80000019073487
   vertex 66.75106048583984 -11.30901741981507 13.80000019073487
  endloop
 endfacet
 facet normal 0.00000000000000 -0.00000000000000 1.00000000000000
  outer loop
   vertex 67.28153228759766 -11.23465180397035 13.80000019073487
   vertex 67.30000305175781 -11.00000023841859 13.80000019073487
   vertex 66.80000305175780 -11.00000023841859 13.80000019073487
  endloop
 endfacet
 facet normal 0.00000000000000 0.00000000000000 1.00000000000000
  outer loop
   vertex 66.80000305175780 11.00000023841859 13.80000019073487
   vertex 66.80000305175780 -11.00000023841859 13.80000019073487
   vertex 67.30000305175781 -11.00000023841859 13.80000019073487
  endloop
 endfacet
 facet normal 0.00000000000000 0.00000000000000 1.00000000000000
  outer loop
   vertex 67.28153228759766 11.23465156555177 13.80000019073487
   vertex 66.78768920898438 11.15643429756166 13.80000019073487
   vertex 66.80000305175780 11.00000023841859 13.80000019073487
  endloop
 endfacet
 facet normal 0.00000000000000 0.00000000000000 1.00000000000000
  outer loop
   vertex 67.28153228759766 11.23465156555177 13.80000019073487
   vertex 67.22658538818359 11.46352577209474 13.80000019073487
   vertex 66.75106048583984 11.30901765823366 13.80000019073487
  endloop
 endfacet
 facet normal 0.00000000000000 0.00000000000000 1.00000000000000
  outer loop
   vertex 67.13651275634766 11.68098592758180 13.80000019073487
   vertex 66.69100952148438 11.45399093627931 13.80000019073487
   vertex 66.75106048583984 11.30901765823366 13.80000019073487
  endloop
 endfacet
 facet normal -0.00000000000000 0.00000000000000 1.00000000000000
  outer loop
   vertex 66.50711059570312 11.70710682868958 13.80000019073487
   vertex 66.60901641845703 11.58778572082521 13.80000019073487
   vertex 67.01352691650391 11.88167762756349 13.80000019073487
  endloop
 endfacet
 facet normal 0.00000000000000 -0.00000000000000 1.00000000000000
  outer loop
   vertex 66.10902404785156 11.95105648040773 13.80000019073487
   vertex 66.26352691650391 12.42658519744874 13.80000019073487
   vertex 66.03465270996094 12.48153233528138 13.80000019073487
  endloop
 endfacet
 facet normal 0.00000000000000 0.00000000000000 1.00000000000000
  outer loop
   vertex 66.75106048583984 -11.30901741981507 13.80000019073487
   vertex 66.69100952148438 -11.45399117469789 13.80000019073487
   vertex 67.13651275634766 -11.68098473548890 13.80000019073487
  endloop
 endfacet
 facet normal 0.00000000000000 0.00000000000000 1.00000000000000
  outer loop
   vertex 67.28153228759766 -11.23465180397035 13.80000019073487
   vertex 66.78768920898438 -11.15643334388734 13.80000019073487
   vertex 66.75106048583984 -11.30901741981507 13.80000019073487
  endloop
 endfacet
 facet normal 0.00000000000000 -0.00000000000000 1.00000000000000
  outer loop
   vertex 67.30000305175781 -11.00000023841859 13.80000019073487
   vertex 67.30000305175781 11.00000023841859 13.80000019073487
   vertex 66.80000305175780 11.00000023841859 13.80000019073487
  endloop
 endfacet
 facet normal 0.00000000000000 0.00000000000000 1.00000000000000
  outer loop
   vertex 66.75106048583984 11.30901765823366 13.80000019073487
   vertex 66.78768920898438 11.15643429756166 13.80000019073487
   vertex 67.28153228759766 11.23465156555177 13.80000019073487
  endloop
 endfacet
 facet normal 0.00000000000000 0.00000000000000 1.00000000000000
  outer loop
   vertex 66.69100952148438 11.45399093627931 13.80000019073487
   vertex 67.13651275634766 11.68098592758180 13.80000019073487
   vertex 67.01352691650391 11.88167762756349 13.80000019073487
  endloop
 endfacet
 facet normal 0.00000000000000 0.00000000000000 1.00000000000000
  outer loop
   vertex 66.50711059570312 -11.70710587501527 13.80000019073487
   vertex 66.86066436767578 -12.06065964698793 13.80000019073487
   vertex 67.01352691650391 -11.88167786598207 13.80000019073487
  endloop
 endfacet
 facet normal 0.00000000000000 0.00000000000000 1.00000000000000
  outer loop
   vertex 66.80000305175780 -11.00000023841859 13.80000019073487
   vertex 66.78768920898438 -11.15643334388734 13.80000019073487
   vertex 67.28153228759766 -11.23465180397035 13.80000019073487
  endloop
 endfacet
 facet normal 0.00000000000000 0.00000000000000 1.00000000000000
  outer loop
   vertex 66.75106048583984 11.30901765823366 13.80000019073487
   vertex 67.22658538818359 11.46352577209474 13.80000019073487
   vertex 67.13651275634766 11.68098592758180 13.80000019073487
  endloop
 endfacet
 facet normal -0.00000000000000 0.00000000000000 1.00000000000000
  outer loop
   vertex 66.75106048583984 -11.30901741981507 13.80000019073487
   vertex 67.22658538818359 -11.46352601051332 13.80000019073487
   vertex 67.28153228759766 -11.23465180397035 13.80000019073487
  endloop
 endfacet
 facet normal 0.00000000000000 0.00000000000000 1.00000000000000
  outer loop
   vertex 66.50711059570312 11.70710682868958 13.80000019073487
   vertex 66.86066436767578 12.06066012382508 13.80000019073487
   vertex 66.68167877197266 12.21352553367615 13.80000019073487
  endloop
 endfacet
 facet normal 0.00000000000000 0.00000000000000 1.00000000000000
  outer loop
   vertex 66.80000305175780 11.00000023841859 13.80000019073487
   vertex 67.30000305175781 11.00000023841859 13.80000019073487
   vertex 67.28153228759766 11.23465156555177 13.80000019073487
  endloop
 endfacet
 facet normal 0.38268274869926 -0.92387981569465 0.00000000000000
  outer loop
   vertex 3.04600977897642 11.89100670814515 13.80000019073487
   vertex 3.04600977897642 11.89100670814515 2.49999952316284
   vertex 3.19098305702208 11.95105648040773 2.49999952316284
  endloop
 endfacet
 facet normal 0.38268274869926 -0.92387981569465 0.00000000000000
  outer loop
   vertex 3.19098305702208 11.95105648040773 2.49999952316284
   vertex 3.19098305702208 11.95105648040773 13.80000019073487
   vertex 3.04600977897642 11.89100670814515 13.80000019073487
  endloop
 endfacet
 facet normal 0.52250337641817 -0.85263721572051 0.00000000000000
  outer loop
   vertex 3.04600977897642 11.89100670814515 13.80000019073487
   vertex 2.91221594810484 11.80901670455934 13.80000019073487
   vertex 2.91221594810484 11.80901670455934 2.49999952316284
  endloop
 endfacet
 facet normal 0.52250337641817 -0.85263721572051 0.00000000000000
  outer loop
   vertex 2.91221594810484 11.80901670455934 2.49999952316284
   vertex 3.04600977897642 11.89100670814515 2.49999952316284
   vertex 3.04600977897642 11.89100670814515 13.80000019073487
  endloop
 endfacet
 facet normal 0.23344277138843 -0.97237054279040 0.00000000000000
  outer loop
   vertex 3.19098305702208 11.95105648040773 13.80000019073487
   vertex 3.19098305702208 11.95105648040773 2.49999952316284
   vertex 3.34356737136839 11.98768830299379 2.49999952316284
  endloop
 endfacet
 facet normal 0.23344277138843 -0.97237054279040 0.00000000000000
  outer loop
   vertex 3.34356737136839 11.98768830299379 2.49999952316284
   vertex 3.34356737136839 11.98768830299379 13.80000019073487
   vertex 3.19098305702208 11.95105648040773 13.80000019073487
  endloop
 endfacet
 facet normal 0.38151407670429 -0.92104739783296 0.07822212105026
  outer loop
   vertex 3.19098305702208 11.95105648040773 2.49999952316284
   vertex 3.04601003071371 11.89100610040356 2.49999957477673
   vertex 3.05160140991209 11.88003659248353 2.34356522560120
  endloop
 endfacet
 facet normal 0.38151407670428 -0.92104739783297 0.07822212105028
  outer loop
   vertex 3.05160140991209 11.88003659248353 2.34356522560120
   vertex 3.19479036331175 11.93934798240663 2.34356522560120
   vertex 3.19098305702208 11.95105648040773 2.49999952316284
  endloop
 endfacet
 facet normal 0.64944813040893 -0.76040589549815 0.00000000000000
  outer loop
   vertex 2.91221594810484 11.80901670455934 13.80000019073487
   vertex 2.79289484024046 11.70710682868959 13.80000019073487
   vertex 2.79289484024046 11.70710682868959 2.49999952316284
  endloop
 endfacet
 facet normal 0.64944813040893 -0.76040589549815 0.00000000000000
  outer loop
   vertex 2.79289484024046 11.70710682868959 2.49999952316284
   vertex 2.91221594810484 11.80901670455934 2.49999952316284
   vertex 2.91221594810484 11.80901670455934 13.80000019073487
  endloop
 endfacet
 facet normal 0.52090252447000 -0.85002489585910 0.07821915635262
  outer loop
   vertex 3.04600977897642 11.89100670814515 2.49999952316284
   vertex 2.91221594810484 11.80901670455934 2.49999952316284
   vertex 2.91945409774778 11.79905724525453 2.34356522560120
  endloop
 endfacet
 facet normal 0.52090252447000 -0.85002489585910 0.07821915635261
  outer loop
   vertex 2.91945409774778 11.79905724525453 2.34356522560120
   vertex 3.05160067683907 11.88003778873482 2.34356511552234
   vertex 3.04600977897642 11.89100670814515 2.49999952316284
  endloop
 endfacet
 facet normal 0.07846104623265 -0.99691718022315 0.00000000000000
  outer loop
   vertex 3.34356737136839 11.98768830299379 13.80000019073487
   vertex 3.34356737136839 11.98768830299379 2.49999952316284
   vertex 3.50000143051146 12.00000023841859 2.49999952316284
  endloop
 endfacet
 facet normal 0.07846104623265 -0.99691718022315 0.00000000000000
  outer loop
   vertex 3.50000143051146 12.00000023841859 2.49999952316284
   vertex 3.50000143051146 12.00000023841859 13.80000019073487
   vertex 3.34356737136839 11.98768830299379 13.80000019073487
  endloop
 endfacet
 facet normal 0.23273262409026 -0.96939056164386 0.07821422300241
  outer loop
   vertex 3.34356737136839 11.98768830299379 2.49999952316284
   vertex 3.19098324432578 11.95105570024017 2.49999958610981
   vertex 3.19479036331175 11.93934798240663 2.34356522560120
  endloop
 endfacet
 facet normal 0.23273262409026 -0.96939056164386 0.07821422300241
  outer loop
   vertex 3.19479036331175 11.93934798240663 2.34356522560120
   vertex 3.34549331665037 11.97552895545961 2.34356522560120
   vertex 3.34356737136839 11.98768830299379 2.49999952316284
  endloop
 endfacet
 facet normal 0.37217881538218 -0.89850211610889 0.23275926776085
  outer loop
   vertex 3.05160159067816 11.88003615608389 2.34356533865164
   vertex 3.06823110580442 11.84739756584169 2.19098281860352
   vertex 3.20610785484312 11.90450906753541 2.19098281860352
  endloop
 endfacet
 facet normal 0.37217881538218 -0.89850211610889 0.23275926776084
  outer loop
   vertex 3.20610785484312 11.90450906753541 2.19098281860352
   vertex 3.19479036331175 11.93934798240663 2.34356522560120
   vertex 3.05160159067816 11.88003615608389 2.34356533865164
  endloop
 endfacet
 facet normal 0.76040814652098 -0.64944549479116 0.00000000000000
  outer loop
   vertex 2.79289484024046 11.70710682868959 2.49999952316284
   vertex 2.79289484024046 11.70710682868959 13.80000019073487
   vertex 2.69098567962645 11.58778572082521 13.80000019073487
  endloop
 endfacet
 facet normal 0.76040814652098 -0.64944549479116 0.00000000000000
  outer loop
   vertex 2.69098567962645 11.58778572082521 13.80000019073487
   vertex 2.69098567962644 11.58778572082521 2.49999952316284
   vertex 2.79289484024046 11.70710682868959 2.49999952316284
  endloop
 endfacet
 facet normal 0.64745839799905 -0.75807621867856 0.07821808956069
  outer loop
   vertex 2.91221594810484 11.80901670455934 2.49999952316284
   vertex 2.79289484024046 11.70710682868959 2.49999952316284
   vertex 2.80160093307493 11.69840168952943 2.34356522560120
  endloop
 endfacet
 facet normal 0.64745839799904 -0.75807621867856 0.07821808956070
  outer loop
   vertex 2.80160093307493 11.69840168952943 2.34356522560120
   vertex 2.91945381407999 11.79905757738677 2.34356519133189
   vertex 2.91221594810484 11.80901670455934 2.49999952316284
  endloop
 endfacet
 facet normal 0.50815362614885 -0.82921770914887 0.23276142950598
  outer loop
   vertex 2.91945492454651 11.79905589606382 2.34356560431906
   vertex 2.94098639488218 11.76942062377931 2.19098281860352
   vertex 3.06823110580442 11.84739756584169 2.19098281860352
  endloop
 endfacet
 facet normal 0.50815362614885 -0.82921770914888 0.23276142950598
  outer loop
   vertex 3.06823110580442 11.84739756584169 2.19098281860352
   vertex 3.05160140991209 11.88003659248353 2.34356522560120
   vertex 2.91945492454651 11.79905589606382 2.34356560431906
  endloop
 endfacet
 facet normal 0.00000000000000 -1.00000000000000 0.00000000000000
  outer loop
   vertex 3.50000143051145 12.00000023841859 13.80000019073487
   vertex 3.50000143051145 12.00000023841859 2.49999952316284
   vertex 65.80000305175781 12.00000023841859 2.49999952316284
  endloop
 endfacet
 facet normal 0.00000000000000 -1.00000000000000 0.00000000000000
  outer loop
   vertex 65.80000305175781 12.00000023841859 2.49999952316284
   vertex 65.80000305175781 12.00000023841859 13.80000019073487
   vertex 3.50000143051145 12.00000023841859 13.80000019073487
  endloop
 endfacet
 facet normal 0.07822068713148 -0.99386320466593 0.07821415802682
  outer loop
   vertex 3.50000143051146 12.00000023841859 2.49999952316284
   vertex 3.34356737136839 11.98768830299379 2.49999952316284
   vertex 3.34549331665037 11.97552895545961 2.34356522560120
  endloop
 endfacet
 facet normal 0.07822068713147 -0.99386320466593 0.07821415802682
  outer loop
   vertex 3.34549331665037 11.97552895545961 2.34356522560120
   vertex 3.50000135207749 11.98768929956689 2.34356514717378
   vertex 3.50000143051146 12.00000023841859 2.49999952316284
  endloop
 endfacet
 facet normal 0.22703585884038 -0.94566208572984 0.23276154840028
  outer loop
   vertex 3.19479036331175 11.93934798240663 2.34356522560120
   vertex 3.20610785484312 11.90450906753541 2.19098281860352
   vertex 3.35122265255033 11.93934840299083 2.19098271508257
  endloop
 endfacet
 facet normal 0.22703585884038 -0.94566208572984 0.23276154840029
  outer loop
   vertex 3.35122265255033 11.93934840299083 2.19098271508257
   vertex 3.34549331665037 11.97552895545961 2.34356522560120
   vertex 3.19479036331175 11.93934798240663 2.34356522560120
  endloop
 endfacet
 facet normal 0.35371897732615 -0.85393696927390 0.38167333884705
  outer loop
   vertex 3.20610785484312 11.90450906753541 2.19098281860352
   vertex 3.06823110580442 11.84739756584169 2.19098281860352
   vertex 3.09549283981321 11.79389309883119 2.04600954055786
  endloop
 endfacet
 facet normal 0.35371897732614 -0.85393696927390 0.38167333884705
  outer loop
   vertex 3.09549283981321 11.79389309883119 2.04600954055786
   vertex 3.22466638784665 11.84739921821756 2.04600880201644
   vertex 3.20610785484312 11.90450906753541 2.19098281860352
  endloop
 endfacet
 facet normal 0.85263955182690 -0.52249956426817 0.00000000000000
  outer loop
   vertex 2.60899591445921 11.45399093627931 13.80000019073487
   vertex 2.60899591445921 11.45399093627931 2.49999952316284
   vertex 2.69098567962644 11.58778572082521 2.49999952316284
  endloop
 endfacet
 facet normal 0.85263955182690 -0.52249956426816 0.00000000000000
  outer loop
   vertex 2.69098567962644 11.58778572082521 2.49999952316284
   vertex 2.69098567962645 11.58778572082521 13.80000019073487
   vertex 2.60899591445921 11.45399093627931 13.80000019073487
  endloop
 endfacet
 facet normal 0.75807900904551 -0.64745623698651 0.07820893319726
  outer loop
   vertex 2.69098567962644 11.58778572082521 2.49999952316284
   vertex 2.70094347000120 11.58054852485658 2.34356522560120
   vertex 2.80159976309829 11.69840268877708 2.34356510489791
  endloop
 endfacet
 facet normal 0.75807900904551 -0.64745623698650 0.07820893319727
  outer loop
   vertex 2.80159976309829 11.69840268877708 2.34356510489791
   vertex 2.79289484024046 11.70710682868959 2.49999952316284
   vertex 2.69098567962644 11.58778572082521 2.49999952316284
  endloop
 endfacet
 facet normal 0.63160806234743 -0.73952211027307 0.23276233371187
  outer loop
   vertex 2.91945409774778 11.79905724525453 2.34356522560120
   vertex 2.80160093307493 11.69840168952943 2.34356522560120
   vertex 2.82750272750852 11.67249894142152 2.19098281860352
  endloop
 endfacet
 facet normal 0.63160806234742 -0.73952211027307 0.23276233371189
  outer loop
   vertex 2.82750272750852 11.67249894142152 2.19098281860352
   vertex 2.94098546503542 11.76942171249600 2.19098247593325
   vertex 2.91945409774778 11.79905724525453 2.34356522560120
  endloop
 endfacet
 facet normal 0.48294498907612 -0.78809253472585 0.38167302005205
  outer loop
   vertex 2.94098598418877 11.76942129396829 2.19098249403116
   vertex 2.97627973556517 11.72083902359010 2.04600954055786
   vertex 3.09549283981321 11.79389309883119 2.04600954055786
  endloop
 endfacet
 facet normal 0.48294498907611 -0.78809253472586 0.38167302005204
  outer loop
   vertex 3.09549283981321 11.79389309883119 2.04600954055786
   vertex 3.06823110580443 11.84739756584168 2.19098281860352
   vertex 2.94098598418877 11.76942129396829 2.19098249403116
  endloop
 endfacet
 facet normal -0.07846152161566 -0.99691714280865 -0.00000000000000
  outer loop
   vertex 65.80000305175781 12.00000023841859 13.80000019073487
   vertex 65.80000305175781 12.00000023841859 2.49999952316284
   vertex 65.95643615722656 11.98768830299379 2.49999952316284
  endloop
 endfacet
 facet normal -0.07846152161566 -0.99691714280865 0.00000000000000
  outer loop
   vertex 65.95643615722656 11.98768830299379 2.49999952316284
   vertex 65.95643615722656 11.98768830299379 13.80000019073487
   vertex 65.80000305175781 12.00000023841859 13.80000019073487
  endloop
 endfacet
 facet normal 0.00000000000000 -0.99691718957667 0.07846092738780
  outer loop
   vertex 65.80000305175781 12.00000023841859 2.49999952316284
   vertex 3.50000143051146 12.00000023841859 2.49999952316284
   vertex 3.50000143051146 11.98768830299379 2.34356522560120
  endloop
 endfacet
 facet normal 0.00000000000000 -0.99691718957667 0.07846092738780
  outer loop
   vertex 3.50000143051146 11.98768830299379 2.34356522560120
   vertex 65.80000305175781 11.98768830299379 2.34356522560120
   vertex 65.80000305175781 12.00000023841859 2.49999952316284
  endloop
 endfacet
 facet normal 0.07629966046548 -0.96953529731962 0.23276526601751
  outer loop
   vertex 3.34549331665037 11.97552895545961 2.34356522560120
   vertex 3.35122275352476 11.93934798240663 2.19098281860352
   vertex 3.50000143352926 11.95105644206059 2.19098282780986
  endloop
 endfacet
 facet normal 0.07629966046549 -0.96953529731962 0.23276526601752
  outer loop
   vertex 3.50000143352926 11.95105644206059 2.19098282780986
   vertex 3.50000143051146 11.98768830299379 2.34356522560120
   vertex 3.34549331665037 11.97552895545961 2.34356522560120
  endloop
 endfacet
 facet normal 0.21577147500845 -0.89875519515993 0.38168281300801
  outer loop
   vertex 3.35122275352476 11.93934798240663 2.19098281860352
   vertex 3.20610785484312 11.90450906753541 2.19098281860352
   vertex 3.22466707229612 11.84739756584169 2.04600954055786
  endloop
 endfacet
 facet normal 0.21577147500844 -0.89875519515993 0.38168281300803
  outer loop
   vertex 3.22466707229612 11.84739756584169 2.04600954055786
   vertex 3.36061791689927 11.88003642234544 2.04600961281200
   vertex 3.35122275352476 11.93934798240663 2.19098281860352
  endloop
 endfacet
 facet normal 0.32656377661584 -0.78840008215719 0.52132658694616
  outer loop
   vertex 3.09549306808594 11.79389254772832 2.04600990497256
   vertex 3.13271570205687 11.72083902359010 1.91221475601196
   vertex 3.25000286102293 11.76942062377931 1.91221475601196
  endloop
 endfacet
 facet normal 0.32656377661585 -0.78840008215718 0.52132658694617
  outer loop
   vertex 3.25000286102293 11.76942062377931 1.91221475601196
   vertex 3.22466707229612 11.84739756584169 2.04600954055786
   vertex 3.09549306808594 11.79389254772832 2.04600990497256
  endloop
 endfacet
 facet normal 0.92387551819517 -0.38269312363773 0.00000000000000
  outer loop
   vertex 2.60899591445921 11.45399093627931 13.80000019073487
   vertex 2.54894423484800 11.30901765823365 13.80000019073487
   vertex 2.54894423484800 11.30901765823365 2.49999952316284
  endloop
 endfacet
 facet normal 0.92387551819517 -0.38269312363773 0.00000000000000
  outer loop
   vertex 2.54894423484800 11.30901765823365 2.49999952316284
   vertex 2.60899591445921 11.45399093627931 2.49999952316284
   vertex 2.60899591445921 11.45399093627931 13.80000019073487
  endloop
 endfacet
 facet normal 0.85002808068378 -0.52089924848237 0.07820636150311
  outer loop
   vertex 2.60899591445921 11.45399093627931 2.49999952316284
   vertex 2.61996316909788 11.44840121269227 2.34356522560120
   vertex 2.70094338996707 11.58054857390169 2.34356521823770
  endloop
 endfacet
 facet normal 0.85002808068378 -0.52089924848237 0.07820636150312
  outer loop
   vertex 2.70094338996707 11.58054857390169 2.34356521823770
   vertex 2.69098567962644 11.58778572082521 2.49999952316284
   vertex 2.60899591445921 11.45399093627931 2.49999952316284
  endloop
 endfacet
 facet normal 0.73951365664529 -0.63161281067780 0.23277630683298
  outer loop
   vertex 2.80160093307493 11.69840168952943 2.34356522560120
   vertex 2.70094347000120 11.58054852485658 2.34356522560120
   vertex 2.73058199882505 11.55901718139650 2.19098281860352
  endloop
 endfacet
 facet normal 0.73951365664530 -0.63161281067779 0.23277630683297
  outer loop
   vertex 2.73058199882505 11.55901718139650 2.19098281860352
   vertex 2.82750445126799 11.67249746917209 2.19098336119034
   vertex 2.80160093307493 11.69840168952943 2.34356522560120
  endloop
 endfacet
 facet normal 0.60028292764045 -0.70284537433086 0.38166580481506
  outer loop
   vertex 2.82750353907477 11.67249799119362 2.19098333460534
   vertex 2.86996364593504 11.63003706932069 2.04600954055786
   vertex 2.97627973556517 11.72083902359010 2.04600954055786
  endloop
 endfacet
 facet normal 0.60028292764045 -0.70284537433086 0.38166580481506
  outer loop
   vertex 2.97627973556517 11.72083902359010 2.04600954055786
   vertex 2.94098639488218 11.76942062377931 2.19098281860352
   vertex 2.82750353907477 11.67249799119362 2.19098333460534
  endloop
 endfacet
 facet normal 0.44587487007148 -0.72760573312409 0.52133050684158
  outer loop
   vertex 3.09549283981321 11.79389309883119 2.04600954055786
   vertex 2.97627954089349 11.72083934126718 2.04600931294179
   vertex 3.02447366714476 11.65450859069825 1.91221475601196
  endloop
 endfacet
 facet normal 0.44587487007148 -0.72760573312409 0.52133050684158
  outer loop
   vertex 3.02447366714476 11.65450859069825 1.91221475601196
   vertex 3.13271570205687 11.72083902359010 1.91221475601196
   vertex 3.09549283981321 11.79389309883119 2.04600954055786
  endloop
 endfacet
 facet normal -0.23343759822577 -0.97237178472773 -0.00000000000000
  outer loop
   vertex 65.95643615722656 11.98768830299379 13.80000019073487
   vertex 65.95643615722656 11.98768830299379 2.49999952316284
   vertex 66.10902404785156 11.95105648040773 2.49999952316284
  endloop
 endfacet
 facet normal -0.23343759822577 -0.97237178472773 0.00000000000000
  outer loop
   vertex 66.10902404785156 11.95105648040773 2.49999952316284
   vertex 66.10902404785156 11.95105648040773 13.80000019073487
   vertex 65.95643615722656 11.98768830299379 13.80000019073487
  endloop
 endfacet
 facet normal -0.07821304831580 -0.99386394007343 0.07821245230060
  outer loop
   vertex 65.95643615722656 11.98768830299379 2.49999952316284
   vertex 65.80000295175343 11.99999896764924 2.49999962316646
   vertex 65.80000305175781 11.98768830299379 2.34356522560120
  endloop
 endfacet
 facet normal -0.07821304831582 -0.99386394007342 0.07821245230062
  outer loop
   vertex 65.80000305175781 11.98768830299379 2.34356522560120
   vertex 65.95451354980469 11.97552895545961 2.34356522560120
   vertex 65.95643615722656 11.98768830299379 2.49999952316284
  endloop
 endfacet
 facet normal 0.00000000000000 -0.97236988039006 0.23344553049957
  outer loop
   vertex 65.80000305175781 11.95105648040773 2.19098281860352
   vertex 65.80000305175781 11.98768830299379 2.34356522560120
   vertex 3.50000143051146 11.98768830299379 2.34356522560120
  endloop
 endfacet
 facet normal 0.00000000000000 -0.97236988039006 0.23344553049957
  outer loop
   vertex 3.50000143051146 11.98768830299379 2.34356522560120
   vertex 3.50000143051146 11.95105648040773 2.19098281860352
   vertex 65.80000305175781 11.95105648040773 2.19098281860352
  endloop
 endfacet
 facet normal 0.07252204830063 -0.92144706405656 0.38167507208597
  outer loop
   vertex 3.50000143051146 11.95105648040773 2.19098281860352
   vertex 3.35122282410981 11.93934708557058 2.19098319008439
   vertex 3.36061787605284 11.88003659248353 2.04600954055786
  endloop
 endfacet
 facet normal 0.07252204830063 -0.92144706405656 0.38167507208597
  outer loop
   vertex 3.36061787605284 11.88003659248353 2.04600954055786
   vertex 3.50000143051146 11.89100670814515 2.04600954055786
   vertex 3.50000143051146 11.95105648040773 2.19098281860352
  endloop
 endfacet
 facet normal 0.19921925641158 -0.82977973538546 0.52132262431095
  outer loop
   vertex 3.22466723468828 11.84739688945266 2.04600996551028
   vertex 3.25000286102293 11.76942062377931 1.91221475601196
   vertex 3.37344408035276 11.79905724525453 1.91221475601196
  endloop
 endfacet
 facet normal 0.19921925641156 -0.82977973538547 0.52132262431094
  outer loop
   vertex 3.37344408035276 11.79905724525453 1.91221475601196
   vertex 3.36061787605284 11.88003659248353 2.04600954055786
   vertex 3.22466723468828 11.84739688945266 2.04600996551028
  endloop
 endfacet
 facet normal 0.29137405089905 -0.70344310037735 0.64828154916994
  outer loop
   vertex 3.13271571463490 11.72083899322388 1.91221478399697
   vertex 3.17898011207579 11.63003706932069 1.79289281368256
   vertex 3.28149271011351 11.67249894142152 1.79289281368256
  endloop
 endfacet
 facet normal 0.29137405089903 -0.70344310037738 0.64828154916992
  outer loop
   vertex 3.28149271011351 11.67249894142152 1.79289281368256
   vertex 3.25000286102293 11.76942062377931 1.91221475601196
   vertex 3.13271571463490 11.72083899322388 1.91221478399697
  endloop
 endfacet
 facet normal 0.97237159113371 -0.23343840462978 0.00000000000000
  outer loop
   vertex 2.54894423484800 11.30901765823365 13.80000019073487
   vertex 2.51231336593626 11.15643429756165 13.80000019073487
   vertex 2.51231336593626 11.15643429756165 2.49999952316284
  endloop
 endfacet
 facet normal 0.97237159113371 -0.23343840462978 0.00000000000000
  outer loop
   vertex 2.51231336593626 11.15643429756165 2.49999952316284
   vertex 2.54894423484800 11.30901765823365 2.49999952316284
   vertex 2.54894423484800 11.30901765823365 13.80000019073487
  endloop
 endfacet
 facet normal 0.92104506091597 -0.38152067505980 0.07821745498421
  outer loop
   vertex 2.54894423484800 11.30901765823366 2.49999952316284
   vertex 2.56065273284910 11.30521225929261 2.34356522560120
   vertex 2.61996497599895 11.44840046422713 2.34356537904776
  endloop
 endfacet
 facet normal 0.92104506091597 -0.38152067505979 0.07821745498422
  outer loop
   vertex 2.61996497599895 11.44840046422713 2.34356537904776
   vertex 2.60899591445921 11.45399093627931 2.49999952316284
   vertex 2.54894423484800 11.30901765823366 2.49999952316284
  endloop
 endfacet
 facet normal 0.82921789504884 -0.50814741182160 0.23277433361473
  outer loop
   vertex 2.70094347000120 11.58054852485657 2.34356522560120
   vertex 2.61996316909788 11.44840121269227 2.34356522560120
   vertex 2.65260410308836 11.43177056312562 2.19098281860352
  endloop
 endfacet
 facet normal 0.82921789504884 -0.50814741182160 0.23277433361473
  outer loop
   vertex 2.65260410308836 11.43177056312562 2.19098281860352
   vertex 2.73058147904995 11.55901749991637 2.19098267269458
   vertex 2.70094347000120 11.58054852485657 2.34356522560120
  endloop
 endfacet
 facet normal 0.70284857547016 -0.60027462846947 0.38167296259417
  outer loop
   vertex 2.73058226221870 11.55901695644260 2.19098296163608
   vertex 2.77916336059568 11.52372097969056 2.04600954055786
   vertex 2.86996364593504 11.63003706932069 2.04600954055786
  endloop
 endfacet
 facet normal 0.70284857547016 -0.60027462846946 0.38167296259418
  outer loop
   vertex 2.86996364593504 11.63003706932069 2.04600954055786
   vertex 2.82750272750852 11.67249894142152 2.19098281860351
   vertex 2.73058226221870 11.55901695644260 2.19098296163608
  endloop
 endfacet
 facet normal 0.55421033222778 -0.64889641801026 0.52132940291665
  outer loop
   vertex 2.97627973556517 11.72083902359010 2.04600954055786
   vertex 2.86996387453645 11.63003680166304 2.04600975559650
   vertex 2.92794036865232 11.57206130027772 1.91221475601196
  endloop
 endfacet
 facet normal 0.55421033222777 -0.64889641801026 0.52132940291665
  outer loop
   vertex 2.92794036865232 11.57206130027772 1.91221475601196
   vertex 3.02447366714476 11.65450859069825 1.91221475601196
   vertex 2.97627973556517 11.72083902359010 2.04600954055786
  endloop
 endfacet
 facet normal 0.39784372522297 -0.64919395906246 0.64828047465393
  outer loop
   vertex 3.02447450184467 11.65450722865053 1.91221611614314
   vertex 3.08437633514402 11.57206130027772 1.79289281368256
   vertex 3.17898011207579 11.63003706932069 1.79289281368256
  endloop
 endfacet
 facet normal 0.39784372522296 -0.64919395906247 0.64828047465392
  outer loop
   vertex 3.17898011207579 11.63003706932069 1.79289281368256
   vertex 3.13271570205687 11.72083902359010 1.91221475601196
   vertex 3.02447450184467 11.65450722865053 1.91221611614314
  endloop
 endfacet
 facet normal -0.38269886479926 -0.92387314003675 -0.00000000000000
  outer loop
   vertex 66.10902404785156 11.95105648040773 13.80000019073487
   vertex 66.10902404785156 11.95105648040773 2.49999952316284
   vertex 66.25399017333984 11.89100670814516 2.49999952316284
  endloop
 endfacet
 facet normal -0.38269886479926 -0.92387314003675 0.00000000000000
  outer loop
   vertex 66.25399017333984 11.89100670814516 2.49999952316284
   vertex 66.25399017333984 11.89100670814516 13.80000019073487
   vertex 66.10902404785156 11.95105648040773 13.80000019073487
  endloop
 endfacet
 facet normal -0.23274277329717 -0.96938682513345 0.07823033130211
  outer loop
   vertex 65.95643693054704 11.98769152391730 2.49999926323161
   vertex 65.95451354980469 11.97552895545961 2.34356522560120
   vertex 66.10520935058594 11.93934798240663 2.34356522560120
  endloop
 endfacet
 facet normal -0.23274277329719 -0.96938682513344 0.07823033130209
  outer loop
   vertex 66.10520935058594 11.93934798240663 2.34356522560120
   vertex 66.10902404785156 11.95105648040773 2.49999952316284
   vertex 65.95643693054704 11.98769152391730 2.49999926323161
  endloop
 endfacet
 facet normal -0.07629882918499 -0.96953533922448 0.23276536396095
  outer loop
   vertex 65.95451354980469 11.97552895545961 2.34356522560120
   vertex 65.80000305579871 11.98768835434180 2.34356521327360
   vertex 65.80000305175781 11.95105648040773 2.19098281860352
  endloop
 endfacet
 facet normal -0.07629882918501 -0.96953533922447 0.23276536396097
  outer loop
   vertex 65.80000305175781 11.95105648040773 2.19098281860352
   vertex 65.94878387451172 11.93934798240663 2.19098281860352
   vertex 65.95451354980469 11.97552895545961 2.34356522560120
  endloop
 endfacet
 facet normal 0.00000000000000 -0.92387981569465 0.38268274869926
  outer loop
   vertex 65.80000305175781 11.89100670814515 2.04600954055786
   vertex 65.80000305175781 11.95105648040773 2.19098281860352
   vertex 3.50000143051146 11.95105648040773 2.19098281860352
  endloop
 endfacet
 facet normal 0.00000000000000 -0.92387981569465 0.38268274869926
  outer loop
   vertex 3.50000143051146 11.95105648040773 2.19098281860352
   vertex 3.50000143051146 11.89100670814515 2.04600954055786
   vertex 65.80000305175781 11.89100670814515 2.04600954055786
  endloop
 endfacet
 facet normal 0.06694807084091 -0.85072594651511 0.52132841830909
  outer loop
   vertex 3.50000143051146 11.89100670814515 2.04600954055786
   vertex 3.36061780227930 11.88003752994240 2.04600896607915
   vertex 3.37344408035276 11.79905724525453 1.91221475601196
  endloop
 endfacet
 facet normal 0.06694807084092 -0.85072594651511 0.52132841830908
  outer loop
   vertex 3.37344408035276 11.79905724525453 1.91221475601196
   vertex 3.50000143051146 11.80901670455934 1.91221475601196
   vertex 3.50000143051146 11.89100670814515 2.04600954055786
  endloop
 endfacet
 facet normal 0.17774613590874 -0.74035967590403 0.64828532411647
  outer loop
   vertex 3.25000276153441 11.76942103817531 1.91221439315205
   vertex 3.28149271011351 11.67249894142152 1.79289281368256
   vertex 3.38938450813292 11.69840168952943 1.79289281368256
  endloop
 endfacet
 facet normal 0.17774613590875 -0.74035967590402 0.64828532411648
  outer loop
   vertex 3.38938450813292 11.69840168952943 1.79289281368256
   vertex 3.37344408035276 11.79905724525453 1.91221475601196
   vertex 3.25000276153441 11.76942103817531 1.91221439315205
  endloop
 endfacet
 facet normal 0.24897656582495 -0.60108021645895 0.75941638318624
  outer loop
   vertex 3.28149271011351 11.67249894142152 1.79289281368256
   vertex 3.17898017266165 11.63003692305407 1.79289299847864
   vertex 3.23315334320066 11.52372097969056 1.69098281860352
  endloop
 endfacet
 facet normal 0.24897656582494 -0.60108021645895 0.75941638318625
  outer loop
   vertex 3.23315334320066 11.52372097969056 1.69098281860352
   vertex 3.31836557388304 11.55901718139650 1.69098281860352
   vertex 3.28149271011351 11.67249894142152 1.79289281368256
  endloop
 endfacet
 facet normal 0.99691718022315 -0.07846104623265 0.00000000000000
  outer loop
   vertex 2.51231336593626 11.15643429756165 2.49999952316284
   vertex 2.51231336593626 11.15643429756165 13.80000019073487
   vertex 2.50000143051146 11.00000023841859 13.80000019073487
  endloop
 endfacet
 facet normal 0.99691718022315 -0.07846104623265 0.00000000000000
  outer loop
   vertex 2.50000143051146 11.00000023841859 13.80000019073487
   vertex 2.50000143051146 11.00000023841859 2.49999952316284
   vertex 2.51231336593626 11.15643429756165 2.49999952316284
  endloop
 endfacet
 facet normal 0.96939279956020 -0.23272328259312 0.07821428194338
  outer loop
   vertex 2.51231336593626 11.15643429756165 2.49999952316284
   vertex 2.52447271347044 11.15450835227968 2.34356522560120
   vertex 2.56065240099302 11.30521233896170 2.34356519882579
  endloop
 endfacet
 facet normal 0.96939279956020 -0.23272328259312 0.07821428194339
  outer loop
   vertex 2.56065240099302 11.30521233896170 2.34356519882579
   vertex 2.54894423484800 11.30901765823365 2.49999952316284
   vertex 2.51231336593626 11.15643429756165 2.49999952316284
  endloop
 endfacet
 facet normal 0.89850442401264 -0.37217039509261 0.23276382246028
  outer loop
   vertex 2.61996316909788 11.44840121269227 2.34356522560120
   vertex 2.56065273284910 11.30521225929261 2.34356522560120
   vertex 2.59549164772032 11.29389286041261 2.19098281860352
  endloop
 endfacet
 facet normal 0.89850442401265 -0.37217039509260 0.23276382246027
  outer loop
   vertex 2.59549164772032 11.29389286041261 2.19098281860352
   vertex 2.65260249052338 11.43177123106774 2.19098240085734
   vertex 2.61996316909788 11.44840121269227 2.34356522560120
  endloop
 endfacet
 facet normal 0.78808707684674 -0.48294699493682 0.38168175144831
  outer loop
   vertex 2.73058199882505 11.55901718139650 2.19098281860352
   vertex 2.65260410308836 11.43177056312562 2.19098281860352
   vertex 2.70611047744749 11.40450882911683 2.04600954055786
  endloop
 endfacet
 facet normal 0.78808707684674 -0.48294699493682 0.38168175144831
  outer loop
   vertex 2.70611047744749 11.40450882911683 2.04600954055786
   vertex 2.77916424068724 11.52372044036238 2.04600996679869
   vertex 2.73058199882505 11.55901718139650 2.19098281860352
  endloop
 endfacet
 facet normal 0.64888982295736 -0.55421521645882 0.52133241939080
  outer loop
   vertex 2.86996364593504 11.63003706932069 2.04600954055786
   vertex 2.77916166469028 11.52372242815924 2.04600817803000
   vertex 2.84549212455748 11.47552871704103 1.91221475601196
  endloop
 endfacet
 facet normal 0.64888982295738 -0.55421521645881 0.52133241939079
  outer loop
   vertex 2.84549212455748 11.47552871704103 1.91221475601196
   vertex 2.92794036865232 11.57206130027772 1.91221475601196
   vertex 2.86996364593504 11.63003706932069 2.04600954055786
  endloop
 endfacet
 facet normal 0.49448067262121 -0.57897131883937 0.64829088869540
  outer loop
   vertex 3.02447366714476 11.65450859069825 1.91221475601196
   vertex 2.92793998983037 11.57206174382801 1.91221425935591
   vertex 3.00000238418577 11.50000023841859 1.79289281368256
  endloop
 endfacet
 facet normal 0.49448067262123 -0.57897131883937 0.64829088869539
  outer loop
   vertex 3.00000238418577 11.50000023841859 1.79289281368256
   vertex 3.08437633514402 11.57206130027772 1.79289281368256
   vertex 3.02447366714476 11.65450859069825 1.91221475601196
  endloop
 endfacet
 facet normal 0.33993286812930 -0.55473334857871 0.75941856517999
  outer loop
   vertex 3.17898011207579 11.63003706932069 1.79289281368256
   vertex 3.08437560113740 11.57206249809644 1.79289117389332
   vertex 3.15450882911680 11.47552871704103 1.69098281860352
  endloop
 endfacet
 facet normal 0.33993286812930 -0.55473334857871 0.75941856517999
  outer loop
   vertex 3.15450882911680 11.47552871704103 1.69098281860352
   vertex 3.23315334320066 11.52372097969056 1.69098281860352
   vertex 3.17898011207579 11.63003706932069 1.79289281368256
  endloop
 endfacet
 facet normal -0.52249525377381 -0.85264219329320 -0.00000000000000
  outer loop
   vertex 66.25399017333984 11.89100670814516 13.80000019073487
   vertex 66.25399017333984 11.89100670814516 2.49999952316284
   vertex 66.38778686523438 11.80901670455934 2.49999952316284
  endloop
 endfacet
 facet normal -0.52249525377381 -0.85264219329320 0.00000000000000
  outer loop
   vertex 66.38778686523438 11.80901670455934 2.49999952316284
   vertex 66.38778686523438 11.80901670455934 13.80000019073487
   vertex 66.25399017333984 11.89100670814516 13.80000019073487
  endloop
 endfacet
 facet normal -0.38149819144863 -0.92105505394371 0.07820944652769
  outer loop
   vertex 66.10902220462951 11.95105203029751 2.49999990103456
   vertex 66.10520935058594 11.93934798240663 2.34356522560120
   vertex 66.24840545654297 11.88003659248353 2.34356522560120
  endloop
 endfacet
 facet normal -0.38149819144861 -0.92105505394372 0.07820944652771
  outer loop
   vertex 66.24840545654297 11.88003659248353 2.34356522560120
   vertex 66.25399017333984 11.89100670814516 2.49999952316284
   vertex 66.10902220462951 11.95105203029751 2.49999990103456
  endloop
 endfacet
 facet normal -0.22703884496005 -0.94566243008717 0.23275723662400
  outer loop
   vertex 66.10520935058594 11.93934798240663 2.34356522560120
   vertex 65.95451328045705 11.97552783357251 2.34356550173286
   vertex 65.94878387451172 11.93934798240663 2.19098281860352
  endloop
 endfacet
 facet normal -0.22703884496005 -0.94566243008717 0.23275723662400
  outer loop
   vertex 65.94878387451172 11.93934798240663 2.19098281860352
   vertex 66.09389495849609 11.90450906753541 2.19098281860352
   vertex 66.10520935058594 11.93934798240663 2.34356522560120
  endloop
 endfacet
 facet normal -0.07252291163667 -0.92144384782424 0.38168267264128
  outer loop
   vertex 65.80000314567582 11.95105767368805 2.19098232432009
   vertex 65.80000305175781 11.89100670814515 2.04600954055786
   vertex 65.93938446044922 11.88003659248353 2.04600954055786
  endloop
 endfacet
 facet normal -0.07252291163667 -0.92144384782424 0.38168267264128
  outer loop
   vertex 65.93938446044922 11.88003659248353 2.04600954055786
   vertex 65.94878387451172 11.93934798240663 2.19098281860351
   vertex 65.80000314567582 11.95105767368805 2.19098232432009
  endloop
 endfacet
 facet normal 0.00000000000000 -0.85263887493720 0.52250066884725
  outer loop
   vertex 65.80000305175781 11.89100670814515 2.04600954055786
   vertex 3.50000143051146 11.89100670814515 2.04600954055786
   vertex 3.50000143051146 11.80901670455934 1.91221475601196
  endloop
 endfacet
 facet normal 0.00000000000000 -0.85263887493720 0.52250066884725
  outer loop
   vertex 3.50000143051146 11.80901670455934 1.91221475601196
   vertex 65.80000305175781 11.80901670455934 1.91221475601196
   vertex 65.80000305175781 11.89100670814515 2.04600954055786
  endloop
 endfacet
 facet normal 0.05973442567801 -0.75905028133210 0.64828579253179
  outer loop
   vertex 3.37344408634053 11.79905716916745 1.91221482099602
   vertex 3.38938450813292 11.69840168952943 1.79289281368256
   vertex 3.50000143051146 11.70710682868959 1.79289281368256
  endloop
 endfacet
 facet normal 0.05973442567803 -0.75905028133209 0.64828579253180
  outer loop
   vertex 3.50000143051146 11.70710682868959 1.79289281368256
   vertex 3.50000143051146 11.80901670455934 1.91221475601196
   vertex 3.37344408634053 11.79905716916745 1.91221482099602
  endloop
 endfacet
 facet normal 0.15187718846734 -0.63262737645350 0.75941814712635
  outer loop
   vertex 3.38938450813292 11.69840168952943 1.79289281368256
   vertex 3.28149263650827 11.67249924801588 1.79289244564075
   vertex 3.31836557388304 11.55901718139650 1.69098281860352
  endloop
 endfacet
 facet normal 0.15187718846735 -0.63262737645350 0.75941814712635
  outer loop
   vertex 3.31836557388304 11.55901718139650 1.69098281860352
   vertex 3.40805196762083 11.58054852485658 1.69098281860352
   vertex 3.38938450813292 11.69840168952943 1.79289281368256
  endloop
 endfacet
 facet normal 0.20039286037857 -0.48381072746997 0.85192128832086
  outer loop
   vertex 3.31836557388304 11.55901718139650 1.69098281860352
   vertex 3.23315319122701 11.52372134660226 1.69098217252465
   vertex 3.29389429092405 11.40450882911683 1.60899293422699
  endloop
 endfacet
 facet normal 0.20039286037859 -0.48381072746997 0.85192128832085
  outer loop
   vertex 3.29389429092405 11.40450882911683 1.60899293422699
   vertex 3.35971260070799 11.43177056312562 1.60899293422699
   vertex 3.31836557388304 11.55901718139650 1.69098281860352
  endloop
 endfacet
 facet normal -0.64943987673287 -0.76041294472753 -0.00000000000000
  outer loop
   vertex 66.38778686523438 11.80901670455933 13.80000019073487
   vertex 66.38778686523438 11.80901670455933 2.49999952316284
   vertex 66.50711059570312 11.70710682868959 2.49999952316284
  endloop
 endfacet
 facet normal -0.64943987673287 -0.76041294472753 0.00000000000000
  outer loop
   vertex 66.50711059570312 11.70710682868959 2.49999952316284
   vertex 66.50711059570312 11.70710682868959 13.80000019073487
   vertex 66.38778686523438 11.80901670455933 13.80000019073487
  endloop
 endfacet
 facet normal -0.52091225255620 -0.85001827416519 0.07822633010734
  outer loop
   vertex 66.38778686523438 11.80901670455934 2.49999952316284
   vertex 66.25399191048454 11.89100954279675 2.49999926229270
   vertex 66.24840545654297 11.88003659248353 2.34356522560120
  endloop
 endfacet
 facet normal -0.52091225255620 -0.85001827416519 0.07822633010735
  outer loop
   vertex 66.24840545654297 11.88003659248353 2.34356522560120
   vertex 66.38054656982422 11.79905724525453 2.34356522560120
   vertex 66.38778686523438 11.80901670455934 2.49999952316284
  endloop
 endfacet
 facet normal -0.37217419739879 -0.89850184331211 0.23276770470859
  outer loop
   vertex 66.24840545654297 11.88003659248353 2.34356522560120
   vertex 66.10521028200020 11.93935023102419 2.34356464306978
   vertex 66.09389495849609 11.90450906753541 2.19098281860352
  endloop
 endfacet
 facet normal -0.37217419739879 -0.89850184331211 0.23276770470859
  outer loop
   vertex 66.09389495849609 11.90450906753541 2.19098281860352
   vertex 66.23177337646484 11.84739756584168 2.19098281860352
   vertex 66.24840545654297 11.88003659248353 2.34356522560120
  endloop
 endfacet
 facet normal -0.21577633283690 -0.89875229144526 0.38168690416276
  outer loop
   vertex 65.94878387084010 11.93934796711361 2.19098282509824
   vertex 65.93938446044922 11.88003659248353 2.04600954055786
   vertex 66.07533264160156 11.84739756584169 2.04600954055786
  endloop
 endfacet
 facet normal -0.21577633283691 -0.89875229144526 0.38168690416275
  outer loop
   vertex 66.07533264160156 11.84739756584169 2.04600954055786
   vertex 66.09389495849609 11.90450906753541 2.19098281860352
   vertex 65.94878387084010 11.93934796711361 2.19098282509824
  endloop
 endfacet
 facet normal -0.06694887966135 -0.85072981366727 0.52132200380355
  outer loop
   vertex 65.80000297307311 11.89100570828648 2.04601015326511
   vertex 65.80000305175781 11.80901670455934 1.91221475601196
   vertex 65.92655944824219 11.79905724525453 1.91221475601196
  endloop
 endfacet
 facet normal -0.06694887966136 -0.85072981366727 0.52132200380354
  outer loop
   vertex 65.92655944824219 11.79905724525453 1.91221475601196
   vertex 65.93938446044922 11.88003659248353 2.04600954055786
   vertex 65.80000297307311 11.89100570828648 2.04601015326511
  endloop
 endfacet
 facet normal 0.00000000000000 -0.76040813846392 0.64944550422482
  outer loop
   vertex 65.80000305175781 11.80901670455934 1.91221475601196
   vertex 3.50000143051146 11.80901670455934 1.91221475601196
   vertex 3.50000143051146 11.70710682868959 1.79289281368256
  endloop
 endfacet
 facet normal 0.00000000000000 -0.76040813846392 0.64944550422482
  outer loop
   vertex 3.50000143051146 11.70710682868959 1.79289281368256
   vertex 65.80000305175781 11.70710682868959 1.79289281368256
   vertex 65.80000305175781 11.80901670455934 1.91221475601196
  endloop
 endfacet
 facet normal 0.05105041121947 -0.64860173917137 0.75941401057539
  outer loop
   vertex 3.38938455259661 11.69840112461272 1.79289347511412
   vertex 3.40805196762083 11.58054852485658 1.69098281860352
   vertex 3.50000143051146 11.58778572082521 1.69098281860352
  endloop
 endfacet
 facet normal 0.05105041121946 -0.64860173917138 0.75941401057538
  outer loop
   vertex 3.50000143051146 11.58778572082521 1.69098281860352
   vertex 3.50000143051146 11.70710682868959 1.79289281368256
   vertex 3.38938455259661 11.69840112461272 1.79289347511412
  endloop
 endfacet
 facet normal 0.12225212512536 -0.50920391922748 0.85191888495660
  outer loop
   vertex 3.40805196762083 11.58054852485658 1.69098281860352
   vertex 3.31836563595694 11.55901692284659 1.69098325116803
   vertex 3.35971260070799 11.43177056312562 1.60899293422699
  endloop
 endfacet
 facet normal 0.12225212512535 -0.50920391922748 0.85191888495661
  outer loop
   vertex 3.35971260070799 11.43177056312562 1.60899293422699
   vertex 3.42898249626158 11.44840121269227 1.60899293422699
   vertex 3.40805196762083 11.58054852485658 1.69098281860352
  endloop
 endfacet
 facet normal -0.76041865134959 -0.64943319493206 -0.00000000000000
  outer loop
   vertex 66.50711059570312 11.70710682868958 13.80000019073488
   vertex 66.50711059570312 11.70710682868958 2.49999952316284
   vertex 66.60901641845703 11.58778572082521 2.49999952316284
  endloop
 endfacet
 facet normal -0.76041865134961 -0.64943319493204 -0.00000000000000
  outer loop
   vertex 66.60901641845703 11.58778572082521 2.49999952316284
   vertex 66.60901641845703 11.58778572082520 13.80000019073488
   vertex 66.50711059570312 11.70710682868958 13.80000019073488
  endloop
 endfacet
 facet normal -0.64743828036692 -0.75809382197986 0.07821400252827
  outer loop
   vertex 66.38778524894748 11.80901481202819 2.49999971841893
   vertex 66.38054656982422 11.79905724525453 2.34356522560120
   vertex 66.49840545654297 11.69840168952943 2.34356522560120
  endloop
 endfacet
 facet normal -0.64743828036692 -0.75809382197986 0.07821400252827
  outer loop
   vertex 66.49840545654297 11.69840168952943 2.34356522560120
   vertex 66.50711059570312 11.70710682868958 2.49999952316284
   vertex 66.38778524894748 11.80901481202819 2.49999971841893
  endloop
 endfacet
 facet normal -0.50815804280591 -0.82921404032101 0.23276485745527
  outer loop
   vertex 66.38054656982422 11.79905724525453 2.34356522560120
   vertex 66.24840513020432 11.88003605996300 2.34356537508258
   vertex 66.23177337646484 11.84739756584169 2.19098281860352
  endloop
 endfacet
 facet normal -0.50815804280591 -0.82921404032101 0.23276485745526
  outer loop
   vertex 66.23177337646484 11.84739756584169 2.19098281860352
   vertex 66.35901641845703 11.76942062377931 2.19098281860351
   vertex 66.38054656982422 11.79905724525453 2.34356522560120
  endloop
 endfacet
 facet normal -0.35369135214630 -0.85395056986334 0.38166851015902
  outer loop
   vertex 66.09389354538104 11.90450565571771 2.19098434349667
   vertex 66.07533264160156 11.84739756584169 2.04600954055786
   vertex 66.20451354980469 11.79389309883119 2.04600954055786
  endloop
 endfacet
 facet normal -0.35369135214631 -0.85395056986333 0.38166851015901
  outer loop
   vertex 66.20451354980469 11.79389309883119 2.04600954055786
   vertex 66.23177337646484 11.84739756584168 2.19098281860352
   vertex 66.09389354538104 11.90450565571771 2.19098434349667
  endloop
 endfacet
 facet normal -0.19921596291171 -0.82978204382104 0.52132020857947
  outer loop
   vertex 66.07533264160156 11.84739756584169 2.04600954055786
   vertex 65.93938441454570 11.88003640128446 2.04600966068090
   vertex 65.92655944824219 11.79905724525453 1.91221475601196
  endloop
 endfacet
 facet normal -0.19921596291175 -0.82978204382101 0.52132020857950
  outer loop
   vertex 65.92655944824219 11.79905724525453 1.91221475601196
   vertex 66.05000305175781 11.76942062377931 1.91221475601196
   vertex 66.07533264160156 11.84739756584169 2.04600954055786
  endloop
 endfacet
 facet normal -0.05973355063752 -0.75905061410485 0.64828548352966
  outer loop
   vertex 65.92655944824219 11.79905724525453 1.91221475601196
   vertex 65.80000304752966 11.80901665083103 1.91221480189992
   vertex 65.80000305175781 11.70710682868959 1.79289281368256
  endloop
 endfacet
 facet normal -0.05973355063753 -0.75905061410484 0.64828548352967
  outer loop
   vertex 65.80000305175781 11.70710682868959 1.79289281368256
   vertex 65.91062164306641 11.69840168952943 1.79289281368256
   vertex 65.92655944824219 11.79905724525453 1.91221475601196
  endloop
 endfacet
 facet normal 0.00000000000000 -0.64944856967628 0.76040552032809
  outer loop
   vertex 65.80000305175781 11.70710682868959 1.79289281368256
   vertex 3.50000143051146 11.70710682868959 1.79289281368256
   vertex 3.50000143051146 11.58778572082521 1.69098281860352
  endloop
 endfacet
 facet normal 0.00000000000000 -0.64944856967628 0.76040552032809
  outer loop
   vertex 3.50000143051146 11.58778572082521 1.69098281860352
   vertex 65.80000305175781 11.58778572082521 1.69098281860352
   vertex 65.80000305175781 11.70710682868959 1.79289281368256
  endloop
 endfacet
 facet normal 0.04108995215468 -0.52205883975585 0.85191911802982
  outer loop
   vertex 3.40805196584987 11.58054854735713 1.69098278188611
   vertex 3.42898249626158 11.44840121269227 1.60899293422699
   vertex 3.50000143051146 11.45399093627931 1.60899293422699
  endloop
 endfacet
 facet normal 0.04108995215468 -0.52205883975585 0.85191911802982
  outer loop
   vertex 3.50000143051146 11.45399093627931 1.60899293422699
   vertex 3.50000143051146 11.58778572082521 1.69098281860352
   vertex 3.40805196584987 11.58054854735713 1.69098278188611
  endloop
 endfacet
 facet normal 0.08956706498142 -0.37309077250141 0.92346143197478
  outer loop
   vertex 3.35971256123957 11.43177072753095 1.60899252729658
   vertex 3.40450930595396 11.29389286041261 1.54894316196442
   vertex 3.45166015624998 11.30521225929261 1.54894316196442
  endloop
 endfacet
 facet normal 0.08956706498141 -0.37309077250142 0.92346143197478
  outer loop
   vertex 3.45166015624998 11.30521225929261 1.54894316196442
   vertex 3.42898249626158 11.44840121269227 1.60899293422699
   vertex 3.35971256123957 11.43177072753095 1.60899252729658
  endloop
 endfacet
 facet normal -0.85263007533865 -0.52251502813605 0.00000000000000
  outer loop
   vertex 66.69100952148438 11.45399093627931 2.49999952316284
   vertex 66.69100952148438 11.45399093627931 13.80000019073487
   vertex 66.60901641845703 11.58778572082520 13.80000019073487
  endloop
 endfacet
 facet normal -0.85263007533866 -0.52251502813603 -0.00000000000000
  outer loop
   vertex 66.60901641845703 11.58778572082520 13.80000019073487
   vertex 66.60901641845703 11.58778572082521 2.49999952316284
   vertex 66.69100952148438 11.45399093627931 2.49999952316284
  endloop
 endfacet
 facet normal -0.75808203977039 -0.64745351766115 0.07820206804017
  outer loop
   vertex 66.60901641845703 11.58778572082521 2.49999952316284
   vertex 66.50710915759097 11.70710560044420 2.49999967151531
   vertex 66.49840545654297 11.69840168952943 2.34356522560120
  endloop
 endfacet
 facet normal -0.75808203977041 -0.64745351766113 0.07820206804019
  outer loop
   vertex 66.49840545654297 11.69840168952943 2.34356522560120
   vertex 66.59906005859375 11.58054852485658 2.34356522560120
   vertex 66.60901641845703 11.58778572082521 2.49999952316284
  endloop
 endfacet
 facet normal -0.63158912144144 -0.73953842700127 0.23276188834368
  outer loop
   vertex 66.49840545654297 11.69840168952943 2.34356522560120
   vertex 66.38054640521118 11.79905705250632 2.34356528626665
   vertex 66.35901641845703 11.76942062377931 2.19098281860352
  endloop
 endfacet
 facet normal -0.63158912144144 -0.73953842700127 0.23276188834367
  outer loop
   vertex 66.35901641845703 11.76942062377931 2.19098281860352
   vertex 66.47250366210938 11.67249894142152 2.19098281860351
   vertex 66.49840545654297 11.69840168952943 2.34356522560120
  endloop
 endfacet
 facet normal -0.48295708004398 -0.78808704655505 0.38166905282919
  outer loop
   vertex 66.35901641845703 11.76942062377931 2.19098281860351
   vertex 66.23177352620431 11.84739781018581 2.19098270026812
   vertex 66.20451354980469 11.79389309883119 2.04600954055786
  endloop
 endfacet
 facet normal -0.48295708004397 -0.78808704655506 0.38166905282918
  outer loop
   vertex 66.20451354980469 11.79389309883119 2.04600954055786
   vertex 66.32372283935547 11.72083902359010 2.04600954055786
   vertex 66.35901641845703 11.76942062377931 2.19098281860351
  endloop
 endfacet
 facet normal -0.32656361406351 -0.78839648443775 0.52133212954505
  outer loop
   vertex 66.20451354980469 11.79389309883119 2.04600954055786
   vertex 66.07533363780281 11.84739997089091 2.04600795020395
   vertex 66.05000305175781 11.76942062377931 1.91221475601196
  endloop
 endfacet
 facet normal -0.32656361406350 -0.78839648443775 0.52133212954505
  outer loop
   vertex 66.05000305175781 11.76942062377931 1.91221475601196
   vertex 66.16728973388672 11.72083902359010 1.91221475601196
   vertex 66.20451354980469 11.79389309883119 2.04600954055786
  endloop
 endfacet
 facet normal -0.17775294016173 -0.74035693143159 0.64828659275436
  outer loop
   vertex 66.05000305175781 11.76942062377931 1.91221475601196
   vertex 65.92655958783791 11.79905782668323 1.91221424688938
   vertex 65.91062164306641 11.69840168952943 1.79289281368256
  endloop
 endfacet
 facet normal -0.17775294016170 -0.74035693143162 0.64828659275433
  outer loop
   vertex 65.91062164306641 11.69840168952943 1.79289281368256
   vertex 66.01850891113281 11.67249894142152 1.79289281368256
   vertex 66.05000305175781 11.76942062377931 1.91221475601196
  endloop
 endfacet
 facet normal -0.05105004747461 -0.64859711774829 0.75941798207671
  outer loop
   vertex 65.80000310057029 11.70710744885804 1.79289208755062
   vertex 65.80000305175781 11.58778572082521 1.69098281860352
   vertex 65.89195251464844 11.58054852485658 1.69098281860352
  endloop
 endfacet
 facet normal -0.05105004747461 -0.64859711774829 0.75941798207671
  outer loop
   vertex 65.89195251464844 11.58054852485658 1.69098281860352
   vertex 65.91062164306641 11.69840168952943 1.79289281368256
   vertex 65.80000310057029 11.70710744885804 1.79289208755062
  endloop
 endfacet
 facet normal 0.00000000000000 -0.52250011655804 0.85263921338209
  outer loop
   vertex 65.80000305175781 11.58778572082521 1.69098281860352
   vertex 3.50000143051146 11.58778572082521 1.69098281860352
   vertex 3.50000143051146 11.45399093627931 1.60899293422699
  endloop
 endfacet
 facet normal 0.00000000000000 -0.52250011655804 0.85263921338209
  outer loop
   vertex 3.50000143051146 11.45399093627931 1.60899293422699
   vertex 65.80000305175781 11.45399093627931 1.60899293422699
   vertex 65.80000305175781 11.58778572082521 1.69098281860352
  endloop
 endfacet
 facet normal 0.03011091923354 -0.38250922636125 0.92346089483607
  outer loop
   vertex 3.42898250603403 11.44840108854951 1.60899323393474
   vertex 3.45166015624998 11.30521225929261 1.54894316196442
   vertex 3.50000143051146 11.30901765823365 1.54894316196442
  endloop
 endfacet
 facet normal 0.03011091923354 -0.38250922636125 0.92346089483607
  outer loop
   vertex 3.50000143051146 11.30901765823365 1.54894316196442
   vertex 3.50000143051146 11.45399093627931 1.60899293422699
   vertex 3.42898250603403 11.44840108854951 1.60899323393474
  endloop
 endfacet
 facet normal -0.92387712976644 -0.38268923305277 -0.00000000000000
  outer loop
   vertex 66.69100952148438 11.45399093627931 13.80000019073487
   vertex 66.69100952148438 11.45399093627931 2.49999952316284
   vertex 66.75106048583984 11.30901765823365 2.49999952316284
  endloop
 endfacet
 facet normal -0.92387712976644 -0.38268923305277 0.00000000000000
  outer loop
   vertex 66.75106048583984 11.30901765823365 2.49999952316284
   vertex 66.75106048583984 11.30901765823365 13.80000019073487
   vertex 66.69100952148438 11.45399093627931 13.80000019073487
  endloop
 endfacet
 facet normal -0.85003184689151 -0.52088999998744 0.07822702335690
  outer loop
   vertex 66.69100952148438 11.45399093627931 2.49999952316284
   vertex 66.60902014455316 11.58778800413520 2.49999918025638
   vertex 66.59906005859375 11.58054852485658 2.34356522560120
  endloop
 endfacet
 facet normal -0.85003184689157 -0.52088999998734 0.07822702335702
  outer loop
   vertex 66.59906005859375 11.58054852485658 2.34356522560120
   vertex 66.68003845214842 11.44840121269227 2.34356522560120
   vertex 66.69100952148438 11.45399093627931 2.49999952316284
  endloop
 endfacet
 facet normal -0.73953686278093 -0.63158256926907 0.23278463605578
  outer loop
   vertex 66.49840825501298 11.69840407949126 2.34356434472446
   vertex 66.47250366210938 11.67249894142152 2.19098281860351
   vertex 66.56941986083984 11.55901718139650 2.19098281860352
  endloop
 endfacet
 facet normal -0.73953686278095 -0.63158256926906 0.23278463605576
  outer loop
   vertex 66.56941986083984 11.55901718139650 2.19098281860352
   vertex 66.59906005859375 11.58054852485658 2.34356522560120
   vertex 66.49840825501298 11.69840407949126 2.34356434472446
  endloop
 endfacet
 facet normal -0.60027826124907 -0.70283675835482 0.38168900976721
  outer loop
   vertex 66.35901870206617 11.76942329754670 2.19098136656274
   vertex 66.32372283935547 11.72083902359010 2.04600954055786
   vertex 66.43003845214844 11.63003706932069 2.04600954055786
  endloop
 endfacet
 facet normal -0.60027826124906 -0.70283675835483 0.38168900976723
  outer loop
   vertex 66.43003845214844 11.63003706932069 2.04600954055786
   vertex 66.47250366210938 11.67249894142152 2.19098281860351
   vertex 66.35901870206617 11.76942329754670 2.19098136656274
  endloop
 endfacet
 facet normal -0.44588616408337 -0.72759852023735 0.52133091412982
  outer loop
   vertex 66.20451343200075 11.79389290659833 2.04600967829444
   vertex 66.16728973388672 11.72083902359010 1.91221475601196
   vertex 66.27552795410156 11.65450859069825 1.91221475601196
  endloop
 endfacet
 facet normal -0.44588616408339 -0.72759852023735 0.52133091412980
  outer loop
   vertex 66.27552795410156 11.65450859069825 1.91221475601196
   vertex 66.32372283935547 11.72083902359010 2.04600954055786
   vertex 66.20451343200075 11.79389290659833 2.04600967829444
  endloop
 endfacet
 facet normal -0.29136531535228 -0.70344655053076 0.64828173162294
  outer loop
   vertex 66.05000267649466 11.76941971777725 1.91221559096464
   vertex 66.01850891113281 11.67249894142152 1.79289281368256
   vertex 66.12102508544922 11.63003706932069 1.79289281368256
  endloop
 endfacet
 facet normal -0.29136531535226 -0.70344655053076 0.64828173162295
  outer loop
   vertex 66.12102508544922 11.63003706932069 1.79289281368256
   vertex 66.16728973388672 11.72083902359010 1.91221475601196
   vertex 66.05000267649466 11.76941971777725 1.91221559096464
  endloop
 endfacet
 facet normal -0.15188226809846 -0.63262835340785 0.75941631737917
  outer loop
   vertex 65.91062154435639 11.69840127837706 1.79289330723586
   vertex 65.89195251464844 11.58054852485658 1.69098281860352
   vertex 65.98163604736328 11.55901718139649 1.69098281860352
  endloop
 endfacet
 facet normal -0.15188226809841 -0.63262835340784 0.75941631737919
  outer loop
   vertex 65.98163604736328 11.55901718139649 1.69098281860352
   vertex 66.01850891113281 11.67249894142152 1.79289281368256
   vertex 65.91062154435639 11.69840127837706 1.79289330723586
  endloop
 endfacet
 facet normal -0.04109248432288 -0.52205770997972 0.85191968822355
  outer loop
   vertex 65.80000305989034 11.58778582414475 1.69098265000156
   vertex 65.80000305175781 11.45399093627931 1.60899293422699
   vertex 65.87101745605469 11.44840121269227 1.60899293422699
  endloop
 endfacet
 facet normal -0.04109248432288 -0.52205770997972 0.85191968822355
  outer loop
   vertex 65.87101745605469 11.44840121269227 1.60899293422699
   vertex 65.89195251464844 11.58054852485658 1.69098281860352
   vertex 65.80000305989034 11.58778582414475 1.69098265000156
  endloop
 endfacet
 facet normal 0.00000000000000 -0.38268274869925 0.92387981569465
  outer loop
   vertex 65.80000305175781 11.45399093627931 1.60899293422699
   vertex 3.50000143051146 11.45399093627931 1.60899293422699
   vertex 3.50000143051146 11.30901765823365 1.54894316196442
  endloop
 endfacet
 facet normal 0.00000000000000 -0.38268274869925 0.92387981569465
  outer loop
   vertex 3.50000143051146 11.30901765823365 1.54894316196442
   vertex 65.80000305175781 11.30901765823365 1.54894316196442
   vertex 65.80000305175781 11.45399093627931 1.60899293422699
  endloop
 endfacet
 facet normal 0.01836942577254 -0.23340404323991 0.97220631390464
  outer loop
   vertex 3.50000143051146 11.30901765823365 1.54894316196442
   vertex 3.45166015268540 11.30521230458459 1.54894297330809
   vertex 3.47553014755247 11.15450835227968 1.51231145858765
  endloop
 endfacet
 facet normal 0.01836942577253 -0.23340404323991 0.97220631390464
  outer loop
   vertex 3.47553014755247 11.15450835227968 1.51231145858765
   vertex 3.50000143051146 11.15643429756165 1.51231145858765
   vertex 3.50000143051146 11.30901765823365 1.54894316196442
  endloop
 endfacet
 facet normal -0.97237469499010 -0.23342547535117 -0.00000000000000
  outer loop
   vertex 66.75106048583984 11.30901765823365 13.80000019073487
   vertex 66.75106048583984 11.30901765823365 2.49999952316284
   vertex 66.78768920898438 11.15643429756165 2.49999952316284
  endloop
 endfacet
 facet normal -0.97237469499010 -0.23342547535117 0.00000000000000
  outer loop
   vertex 66.78768920898438 11.15643429756165 2.49999952316284
   vertex 66.78768920898438 11.15643429756165 13.80000019073487
   vertex 66.75106048583984 11.30901765823365 13.80000019073487
  endloop
 endfacet
 facet normal -0.92104770359369 -0.38151113615149 0.07823286200300
  outer loop
   vertex 66.69101033458472 11.45399127307711 2.49999945409892
   vertex 66.68003845214844 11.44840121269227 2.34356522560120
   vertex 66.73934936523438 11.30521225929261 2.34356522560120
  endloop
 endfacet
 facet normal -0.92104770359364 -0.38151113615160 0.07823286200312
  outer loop
   vertex 66.73934936523438 11.30521225929261 2.34356522560120
   vertex 66.75106048583986 11.30901765823366 2.49999952316284
   vertex 66.69101033458472 11.45399127307711 2.49999945409892
  endloop
 endfacet
 facet normal -0.82921203038315 -0.50816272702172 0.23276179139563
  outer loop
   vertex 66.59905667509244 11.58054645135886 2.34356617535807
   vertex 66.56941986083984 11.55901718139649 2.19098281860352
   vertex 66.64739990234375 11.43177056312562 2.19098281860352
  endloop
 endfacet
 facet normal -0.82921203038320 -0.50816272702167 0.23276179139558
  outer loop
   vertex 66.64739990234375 11.43177056312562 2.19098281860352
   vertex 66.68003845214842 11.44840121269227 2.34356522560120
   vertex 66.59905667509244 11.58054645135886 2.34356617535807
  endloop
 endfacet
 facet normal -0.70283903474482 -0.60029800307913 0.38165376814356
  outer loop
   vertex 66.47249917352482 11.67249510770113 2.19098525598266
   vertex 66.43003845214844 11.63003706932069 2.04600954055786
   vertex 66.52084350585938 11.52372097969056 2.04600954055786
  endloop
 endfacet
 facet normal -0.70283903474484 -0.60029800307912 0.38165376814354
  outer loop
   vertex 66.52084350585938 11.52372097969056 2.04600954055786
   vertex 66.56941986083984 11.55901718139650 2.19098281860352
   vertex 66.47249917352482 11.67249510770113 2.19098525598266
  endloop
 endfacet
 facet normal -0.55420592087139 -0.64890086879505 0.52132855259244
  outer loop
   vertex 66.32372243759897 11.72083855318708 2.04600991848080
   vertex 66.27552795410156 11.65450859069825 1.91221475601196
   vertex 66.37206268310547 11.57206130027772 1.91221475601196
  endloop
 endfacet
 facet normal -0.55420592087140 -0.64890086879505 0.52132855259243
  outer loop
   vertex 66.37206268310547 11.57206130027772 1.91221475601196
   vertex 66.43003845214844 11.63003706932069 2.04600954055786
   vertex 66.32372243759897 11.72083855318708 2.04600991848080
  endloop
 endfacet
 facet normal -0.39784073835254 -0.64919399336382 0.64828227330958
  outer loop
   vertex 66.27552795410156 11.65450859069825 1.91221475601196
   vertex 66.16728983527150 11.72083918902916 1.91221459080524
   vertex 66.12102508544922 11.63003706932069 1.79289281368256
  endloop
 endfacet
 facet normal -0.39784073835253 -0.64919399336383 0.64828227330958
  outer loop
   vertex 66.12102508544922 11.63003706932069 1.79289281368256
   vertex 66.21562957763672 11.57206130027772 1.79289281368255
   vertex 66.27552795410156 11.65450859069825 1.91221475601196
  endloop
 endfacet
 facet normal -0.24897351579838 -0.60107621660243 0.75942054901478
  outer loop
   vertex 66.01850915784405 11.67249953703608 1.79289206116246
   vertex 65.98163604736328 11.55901718139650 1.69098281860352
   vertex 66.06684875488281 11.52372097969056 1.69098281860351
  endloop
 endfacet
 facet normal -0.24897351579843 -0.60107621660243 0.75942054901476
  outer loop
   vertex 66.06684875488281 11.52372097969056 1.69098281860351
   vertex 66.12102508544922 11.63003706932069 1.79289281368256
   vertex 66.01850915784405 11.67249953703608 1.79289206116246
  endloop
 endfacet
 facet normal -0.12224375885609 -0.50920587454811 0.85191891676757
  outer loop
   vertex 65.89195243709329 11.58054820180098 1.69098335908663
   vertex 65.87101745605469 11.44840121269227 1.60899293422699
   vertex 65.94029235839844 11.43177056312562 1.60899293422699
  endloop
 endfacet
 facet normal -0.12224375885609 -0.50920587454811 0.85191891676757
  outer loop
   vertex 65.94029235839844 11.43177056312562 1.60899293422699
   vertex 65.98163604736328 11.55901718139650 1.69098281860352
   vertex 65.89195243709329 11.58054820180098 1.69098335908663
  endloop
 endfacet
 facet normal -0.03011169306544 -0.38250773713435 0.92346148645901
  outer loop
   vertex 65.87101745605469 11.44840121269227 1.60899293422699
   vertex 65.80000305932865 11.45399103245129 1.60899270204575
   vertex 65.80000305175781 11.30901765823365 1.54894316196442
  endloop
 endfacet
 facet normal -0.03011169306543 -0.38250773713436 0.92346148645901
  outer loop
   vertex 65.80000305175781 11.30901765823365 1.54894316196442
   vertex 65.84834289550781 11.30521225929261 1.54894316196442
   vertex 65.87101745605469 11.44840121269227 1.60899293422699
  endloop
 endfacet
 facet normal 0.00000000000000 -0.23344343264914 0.97237038403737
  outer loop
   vertex 65.80000305175781 11.30901765823365 1.54894316196442
   vertex 3.50000143051146 11.30901765823365 1.54894316196442
   vertex 3.50000143051146 11.15643429756165 1.51231145858765
  endloop
 endfacet
 facet normal 0.00000000000000 -0.23344343264914 0.97237038403737
  outer loop
   vertex 3.50000143051146 11.15643429756165 1.51231145858765
   vertex 65.80000305175781 11.15643429756165 1.51231145858765
   vertex 65.80000305175781 11.30901765823365 1.54894316196442
  endloop
 endfacet
 facet normal -0.99691622939060 -0.07847312646779 -0.00000000000000
  outer loop
   vertex 66.78768920898438 11.15643429756165 13.80000019073487
   vertex 66.78768920898438 11.15643429756165 2.49999952316284
   vertex 66.80000305175781 11.00000023841859 2.49999952316284
  endloop
 endfacet
 facet normal -0.99691622939060 -0.07847312646779 0.00000000000000
  outer loop
   vertex 66.80000305175781 11.00000023841859 2.49999952316284
   vertex 66.80000305175781 11.00000023841859 13.80000019073487
   vertex 66.78768920898438 11.15643429756165 13.80000019073487
  endloop
 endfacet
 facet normal -0.96939347321669 -0.23271651421117 0.07822607045153
  outer loop
   vertex 66.78768920898438 11.15643429756165 2.49999952316284
   vertex 66.75105949446669 11.30901742024061 2.49999960316258
   vertex 66.73934936523438 11.30521225929261 2.34356522560120
  endloop
 endfacet
 facet normal -0.96939347321670 -0.23271651421109 0.07822607045162
  outer loop
   vertex 66.73934936523438 11.30521225929261 2.34356522560120
   vertex 66.77552795410156 11.15450835227968 2.34356522560120
   vertex 66.78768920898438 11.15643429756165 2.49999952316284
  endloop
 endfacet
 facet normal -0.89850096782122 -0.37218974866636 0.23274621761052
  outer loop
   vertex 66.68003616297683 11.44840026443931 2.34356581858445
   vertex 66.64739990234375 11.43177056312562 2.19098281860352
   vertex 66.70451354980469 11.29389286041261 2.19098281860352
  endloop
 endfacet
 facet normal -0.89850096782122 -0.37218974866636 0.23274621761052
  outer loop
   vertex 66.70451354980469 11.29389286041261 2.19098281860352
   vertex 66.73934936523438 11.30521225929261 2.34356522560120
   vertex 66.68003616297683 11.44840026443931 2.34356581858445
  endloop
 endfacet
 facet normal -0.78809764547911 -0.48293464671804 0.38167555356558
  outer loop
   vertex 66.64739990234375 11.43177056312562 2.19098281860351
   vertex 66.56942308137162 11.55901915489100 2.19098125890054
   vertex 66.52084350585938 11.52372097969056 2.04600954055786
  endloop
 endfacet
 facet normal -0.78809764547911 -0.48293464671808 0.38167555356556
  outer loop
   vertex 66.52084350585938 11.52372097969056 2.04600954055786
   vertex 66.59389495849609 11.40450882911683 2.04600954055786
   vertex 66.64739990234375 11.43177056312562 2.19098281860351
  endloop
 endfacet
 facet normal -0.64888598721795 -0.55422956934567 0.52132193513711
  outer loop
   vertex 66.43003754782939 11.63003629691941 2.04601026709746
   vertex 66.37206268310547 11.57206130027772 1.91221475601196
   vertex 66.45451354980469 11.47552871704103 1.91221475601196
  endloop
 endfacet
 facet normal -0.64888598721799 -0.55422956934565 0.52132193513708
  outer loop
   vertex 66.45451354980469 11.47552871704103 1.91221475601196
   vertex 66.52084350585938 11.52372097969056 2.04600954055786
   vertex 66.43003754782939 11.63003629691941 2.04601026709746
  endloop
 endfacet
 facet normal -0.49448746836823 -0.57897600367211 0.64828152125342
  outer loop
   vertex 66.37206268310547 11.57206130027772 1.91221475601196
   vertex 66.27552805845498 11.65450871288157 1.91221461920286
   vertex 66.21562957763672 11.57206130027772 1.79289281368255
  endloop
 endfacet
 facet normal -0.49448746836822 -0.57897600367213 0.64828152125341
  outer loop
   vertex 66.21562957763672 11.57206130027772 1.79289281368255
   vertex 66.30000305175781 11.50000023841859 1.79289281368255
   vertex 66.37206268310547 11.57206130027772 1.91221475601196
  endloop
 endfacet
 facet normal -0.33993662224037 -0.55473442963655 0.75941609505963
  outer loop
   vertex 66.12102453351119 11.63003616862624 1.79289404670835
   vertex 66.06684875488281 11.52372097969056 1.69098281860351
   vertex 66.14549255371094 11.47552871704103 1.69098281860351
  endloop
 endfacet
 facet normal -0.33993662224036 -0.55473442963655 0.75941609505963
  outer loop
   vertex 66.14549255371094 11.47552871704103 1.69098281860351
   vertex 66.21562957763672 11.57206130027772 1.79289281368255
   vertex 66.12102453351119 11.63003616862624 1.79289404670835
  endloop
 endfacet
 facet normal -0.20039462235412 -0.48381848654558 0.85191646738885
  outer loop
   vertex 66.06684875488281 11.52372097969056 1.69098281860352
   vertex 65.98163588974349 11.55901680085051 1.69098348867588
   vertex 65.94029235839844 11.43177056312562 1.60899293422699
  endloop
 endfacet
 facet normal -0.20039462235413 -0.48381848654557 0.85191646738885
  outer loop
   vertex 65.94029235839844 11.43177056312562 1.60899293422699
   vertex 66.00611114501953 11.40450882911683 1.60899293422699
   vertex 66.06684875488281 11.52372097969056 1.69098281860352
  endloop
 endfacet
 facet normal -0.08956939620113 -0.37309105025037 0.92346109365108
  outer loop
   vertex 65.94029235839844 11.43177056312562 1.60899293422699
   vertex 65.87101747080334 11.44840127412606 1.60899278216836
   vertex 65.84834289550781 11.30521225929261 1.54894316196442
  endloop
 endfacet
 facet normal -0.08956939620114 -0.37309105025036 0.92346109365108
  outer loop
   vertex 65.84834289550781 11.30521225929261 1.54894316196442
   vertex 65.89549255371094 11.29389286041261 1.54894316196442
   vertex 65.94029235839844 11.43177056312562 1.60899293422699
  endloop
 endfacet
 facet normal -0.01837232869060 -0.23340453819570 0.97220614022343
  outer loop
   vertex 65.84834289550781 11.30521225929261 1.54894316196442
   vertex 65.80000305025341 11.30901763912150 1.54894324157279
   vertex 65.80000305175781 11.15643429756165 1.51231145858765
  endloop
 endfacet
 facet normal -0.01837232869061 -0.23340453819570 0.97220614022343
  outer loop
   vertex 65.80000305175781 11.15643429756165 1.51231145858765
   vertex 65.82447052001953 11.15450835227968 1.51231145858765
   vertex 65.84834289550781 11.30521225929261 1.54894316196442
  endloop
 endfacet
 facet normal 0.00000000000000 -0.07846255626394 0.99691706137699
  outer loop
   vertex 65.80000305175781 11.15643429756165 1.51231145858765
   vertex 3.50000143051146 11.15643429756165 1.51231145858765
   vertex 3.50000143051146 11.00000023841859 1.49999928474426
  endloop
 endfacet
 facet normal 0.00000000000000 -0.07846255626394 0.99691706137699
  outer loop
   vertex 3.50000143051146 11.00000023841859 1.49999928474426
   vertex 65.80000305175781 11.00000023841859 1.49999928474426
   vertex 65.80000305175781 11.15643429756165 1.51231145858765
  endloop
 endfacet
 facet normal -1.00000000000000 0.00000000000000 -0.00000000000000
  outer loop
   vertex 66.80000305175781 11.00000023841859 13.80000019073487
   vertex 66.80000305175781 11.00000023841859 2.49999952316284
   vertex 66.80000305175781 -11.00000023841859 2.49999952316284
  endloop
 endfacet
 facet normal -1.00000000000000 0.00000000000000 0.00000000000000
  outer loop
   vertex 66.80000305175781 -11.00000023841859 2.49999952316284
   vertex 66.80000305175781 -11.00000023841859 13.80000019073487
   vertex 66.80000305175781 11.00000023841859 13.80000019073487
  endloop
 endfacet
 facet normal -0.99386130890803 -0.07823265574989 0.07822627582811
  outer loop
   vertex 66.78768920898438 11.15643429756165 2.49999952316284
   vertex 66.77552795410156 11.15450835227968 2.34356522560120
   vertex 66.78769018235869 11.00000031503859 2.34356514898744
  endloop
 endfacet
 facet normal -0.99386130890803 -0.07823265574988 0.07822627582810
  outer loop
   vertex 66.78769018235869 11.00000031503859 2.34356514898744
   vertex 66.80000305175781 11.00000023841859 2.49999952316284
   vertex 66.78768920898438 11.15643429756165 2.49999952316284
  endloop
 endfacet
 facet normal -0.94566947738007 -0.22702123590893 0.23274577976428
  outer loop
   vertex 66.77552795410156 11.15450835227968 2.34356522560120
   vertex 66.73934936523438 11.30521225929261 2.34356522560120
   vertex 66.70451354980469 11.29389286041261 2.19098281860352
  endloop
 endfacet
 facet normal -0.94566947738007 -0.22702123590893 0.23274577976429
  outer loop
   vertex 66.70451354980469 11.29389286041261 2.19098281860352
   vertex 66.73935030738218 11.14877818790678 2.19098258672448
   vertex 66.77552795410156 11.15450835227968 2.34356522560120
  endloop
 endfacet
 facet normal -0.85393211407361 -0.35372780920413 0.38167601647132
  outer loop
   vertex 66.64739990234375 11.43177056312562 2.19098281860351
   vertex 66.59389495849609 11.40450882911683 2.04600954055786
   vertex 66.64740189892380 11.27533709261554 2.04600864816055
  endloop
 endfacet
 facet normal -0.85393211407361 -0.35372780920413 0.38167601647132
  outer loop
   vertex 66.64740189892380 11.27533709261554 2.04600864816055
   vertex 66.70451354980469 11.29389286041261 2.19098281860351
   vertex 66.64739990234375 11.43177056312562 2.19098281860351
  endloop
 endfacet
 facet normal -0.72761411125830 -0.44587122646966 0.52132192981327
  outer loop
   vertex 66.59389495849608 11.40450882911683 2.04600954055786
   vertex 66.52084350585936 11.52372097969056 2.04600954055786
   vertex 66.45451354980469 11.47552871704103 1.91221475601196
  endloop
 endfacet
 facet normal -0.72761411125831 -0.44587122646964 0.52132192981328
  outer loop
   vertex 66.45451354980469 11.47552871704103 1.91221475601196
   vertex 66.52084337638280 11.36728564911326 1.91221484877951
   vertex 66.59389495849608 11.40450882911683 2.04600954055786
  endloop
 endfacet
 facet normal -0.57896086409317 -0.49450479235974 0.64828182774295
  outer loop
   vertex 66.45451354980469 11.47552871704103 1.91221475601196
   vertex 66.37206268310547 11.57206130027772 1.91221475601196
   vertex 66.30000305175781 11.50000023841859 1.79289281368256
  endloop
 endfacet
 facet normal -0.57896086409317 -0.49450479235976 0.64828182774293
  outer loop
   vertex 66.30000305175781 11.50000023841859 1.79289281368256
   vertex 66.37206457223770 11.41562861627063 1.79289069835807
   vertex 66.45451354980469 11.47552871704103 1.91221475601196
  endloop
 endfacet
 facet normal -0.42253122488059 -0.49472525727555 0.75941706842456
  outer loop
   vertex 66.21562957763672 11.57206130027772 1.79289281368255
   vertex 66.14549255371094 11.47552871704103 1.69098281860351
   vertex 66.21562949668049 11.41562690792762 1.69098296410644
  endloop
 endfacet
 facet normal -0.42253122488052 -0.49472525727557 0.75941706842458
  outer loop
   vertex 66.21562949668049 11.41562690792762 1.69098296410644
   vertex 66.30000305175781 11.50000023841859 1.79289281368255
   vertex 66.21562957763672 11.57206130027772 1.79289281368255
  endloop
 endfacet
 facet normal -0.27363234534752 -0.44649087104550 0.85192208660924
  outer loop
   vertex 66.14549255371094 11.47552871704103 1.69098281860351
   vertex 66.06684932452853 11.52372190919183 1.69098104507865
   vertex 66.00611114501953 11.40450882911683 1.60899293422699
  endloop
 endfacet
 facet normal -0.27363234534754 -0.44649087104548 0.85192208660925
  outer loop
   vertex 66.00611114501953 11.40450882911683 1.60899293422699
   vertex 66.06684875488281 11.36728572845460 1.60899293422699
   vertex 66.14549255371094 11.47552871704103 1.69098281860351
  endloop
 endfacet
 facet normal -0.14683090355739 -0.35448291322404 0.92346226235441
  outer loop
   vertex 65.94029241904249 11.43177070953403 1.60899255281893
   vertex 65.89549255371094 11.29389286041261 1.54894316196442
   vertex 65.94029235839844 11.27533626556398 1.54894316196442
  endloop
 endfacet
 facet normal -0.14683090355744 -0.35448291322404 0.92346226235440
  outer loop
   vertex 65.94029235839844 11.27533626556398 1.54894316196442
   vertex 66.00611114501953 11.40450882911683 1.60899293422699
   vertex 65.94029241904249 11.43177070953403 1.60899255281893
  endloop
 endfacet
 facet normal -0.05464822313756 -0.22766038220591 0.97220590518767
  outer loop
   vertex 65.84834287727537 11.30521218333759 1.54894348632441
   vertex 65.82447052001953 11.15450835227968 1.51231145858765
   vertex 65.84834289550781 11.14877796173097 1.51231145858765
  endloop
 endfacet
 facet normal -0.05464822313759 -0.22766038220591 0.97220590518766
  outer loop
   vertex 65.84834289550781 11.14877796173097 1.51231145858765
   vertex 65.89549255371094 11.29389286041261 1.54894316196442
   vertex 65.84834287727537 11.30521218333759 1.54894348632441
  endloop
 endfacet
 facet normal -0.00617602550461 -0.07846105983961 0.99689804834688
  outer loop
   vertex 65.80000305175781 11.00000023841859 1.49999928474426
   vertex 65.82447052001953 11.15450835227968 1.51231145858765
   vertex 65.80000305175781 11.15643429756165 1.51231145858765
  endloop
 endfacet
 facet normal -0.99691619196462 0.07847360192299 0.00000000000000
  outer loop
   vertex 66.80000305175780 -11.00000023841859 13.80000019073487
   vertex 66.80000305175780 -11.00000023841859 2.49999952316284
   vertex 66.78768920898438 -11.15643334388734 2.49999952316284
  endloop
 endfacet
 facet normal -0.99691619196462 0.07847360192299 0.00000000000000
  outer loop
   vertex 66.78768920898438 -11.15643334388734 2.49999952316284
   vertex 66.78768920898438 -11.15643334388734 13.80000019073487
   vertex 66.80000305175780 -11.00000023841859 13.80000019073487
  endloop
 endfacet
 facet normal -0.99691623874699 0.00000000000000 0.07847300760487
  outer loop
   vertex 66.78768920898438 -11.00000023841859 2.34356522560120
   vertex 66.80000305175781 -11.00000023841859 2.49999952316284
   vertex 66.80000305175781 11.00000023841859 2.49999952316284
  endloop
 endfacet
 facet normal -0.99691623874699 0.00000000000000 0.07847300760487
  outer loop
   vertex 66.80000305175781 11.00000023841859 2.49999952316284
   vertex 66.78768920898438 11.00000023841859 2.34356522560120
   vertex 66.78768920898438 -11.00000023841859 2.34356522560120
  endloop
 endfacet
 facet normal -0.96953762158007 -0.07631181198109 0.23275160083880
  outer loop
   vertex 66.77552795410156 11.15450835227968 2.34356522560120
   vertex 66.73934936523438 11.14877796173097 2.19098281860352
   vertex 66.75105963810574 11.00000017169387 2.19098302211441
  endloop
 endfacet
 facet normal -0.96953762158009 -0.07631181198103 0.23275160083874
  outer loop
   vertex 66.75105963810574 11.00000017169387 2.19098302211441
   vertex 66.78768920898438 11.00000023841859 2.34356522560120
   vertex 66.77552795410156 11.15450835227968 2.34356522560120
  endloop
 endfacet
 facet normal -0.89875653617103 -0.21575260083362 0.38169032463946
  outer loop
   vertex 66.70451354980469 11.29389286041260 2.19098281860352
   vertex 66.64739990234375 11.27533626556398 2.04600954055786
   vertex 66.68003646036564 11.13938426841056 2.04601038644235
  endloop
 endfacet
 facet normal -0.89875653617099 -0.21575260083367 0.38169032463952
  outer loop
   vertex 66.68003646036564 11.13938426841056 2.04601038644235
   vertex 66.73934936523438 11.14877796173097 2.19098281860352
   vertex 66.70451354980469 11.29389286041260 2.19098281860352
  endloop
 endfacet
 facet normal -0.78840340858748 -0.32656687260460 0.52131961697685
  outer loop
   vertex 66.64739990234375 11.27533626556398 2.04600954055786
   vertex 66.59389495849609 11.40450882911683 2.04600954055786
   vertex 66.52084350585938 11.36728572845460 1.91221475601196
  endloop
 endfacet
 facet normal -0.78840340858748 -0.32656687260458 0.52131961697686
  outer loop
   vertex 66.52084350585938 11.36728572845460 1.91221475601196
   vertex 66.56942272756955 11.25000190269221 1.91221286043108
   vertex 66.64739990234375 11.27533626556398 2.04600954055786
  endloop
 endfacet
 facet normal -0.64919179815171 -0.39781665311370 0.64829925167161
  outer loop
   vertex 66.45451354980469 11.47552871704103 1.91221475601196
   vertex 66.37206268310547 11.41562700271608 1.79289281368256
   vertex 66.43003779442620 11.32101924646162 1.79289347050054
  endloop
 endfacet
 facet normal -0.64919179815179 -0.39781665311364 0.64829925167156
  outer loop
   vertex 66.43003779442620 11.32101924646162 1.79289347050054
   vertex 66.52084350585938 11.36728572845460 1.91221475601196
   vertex 66.45451354980469 11.47552871704103 1.91221475601196
  endloop
 endfacet
 facet normal -0.49472964165277 -0.42252777551345 0.75941613137316
  outer loop
   vertex 66.37206268310547 11.41562700271608 1.79289281368256
   vertex 66.30000305175781 11.50000023841859 1.79289281368255
   vertex 66.21562957763672 11.41562700271608 1.69098281860351
  endloop
 endfacet
 facet normal -0.49472964165279 -0.42252777551339 0.75941613137318
  outer loop
   vertex 66.21562957763672 11.41562700271608 1.69098281860351
   vertex 66.27552821752960 11.34549211112174 1.69098241423821
   vertex 66.37206268310547 11.41562700271608 1.79289281368256
  endloop
 endfacet
 facet normal -0.34008186054893 -0.39822668605777 0.85191539171271
  outer loop
   vertex 66.14549182879422 11.47552786818311 1.69098463454190
   vertex 66.06684875488281 11.36728572845460 1.60899293422699
   vertex 66.12102508544922 11.32101964950563 1.60899293422699
  endloop
 endfacet
 facet normal -0.34008186054891 -0.39822668605778 0.85191539171272
  outer loop
   vertex 66.12102508544922 11.32101964950563 1.60899293422699
   vertex 66.21562957763672 11.41562700271608 1.69098281860351
   vertex 66.14549182879422 11.47552786818311 1.69098463454190
  endloop
 endfacet
 facet normal -0.20048026714462 -0.32715270470057 0.92346021586895
  outer loop
   vertex 66.00611095540371 11.40450851969323 1.60899380764294
   vertex 65.94029235839844 11.27533626556398 1.54894316196442
   vertex 65.98163604736327 11.25000071525575 1.54894316196441
  endloop
 endfacet
 facet normal -0.20048026714458 -0.32715270470058 0.92346021586895
  outer loop
   vertex 65.98163604736327 11.25000071525575 1.54894316196441
   vertex 66.06684875488281 11.36728572845460 1.60899293422699
   vertex 66.00611095540371 11.40450851969323 1.60899380764294
  endloop
 endfacet
 facet normal -0.08960466911448 -0.21629936675627 0.97220655583766
  outer loop
   vertex 65.94029235839844 11.27533626556398 1.54894316196442
   vertex 65.89549259779291 11.29389296682335 1.54894268367719
   vertex 65.84834289550781 11.14877796173097 1.51231145858765
  endloop
 endfacet
 facet normal -0.08960466911449 -0.21629936675626 0.97220655583766
  outer loop
   vertex 65.84834289550781 11.14877796173097 1.51231145858765
   vertex 65.87101745605469 11.13938474655153 1.51231145858765
   vertex 65.94029235839844 11.27533626556398 1.54894316196442
  endloop
 endfacet
 facet normal -0.01837046681773 -0.07652998134079 0.99689803285235
  outer loop
   vertex 65.80000305175781 11.00000023841859 1.49999928474426
   vertex 65.84834289550781 11.14877796173097 1.51231145858765
   vertex 65.82447052001953 11.15450835227968 1.51231145858765
  endloop
 endfacet
 facet normal 0.97237183952031 0.23343736999009 0.00000000000000
  outer loop
   vertex 2.51231336593626 -11.15643334388734 13.80000019073487
   vertex 2.54894423484800 -11.30901741981507 13.80000019073487
   vertex 2.54894423484800 -11.30901741981507 2.49999952316284
  endloop
 endfacet
 facet normal 0.97237183952031 0.23343736999009 0.00000000000000
  outer loop
   vertex 2.54894423484800 -11.30901741981507 2.49999952316284
   vertex 2.51231336593626 -11.15643334388734 2.49999952316284
   vertex 2.51231336593626 -11.15643334388734 13.80000019073487
  endloop
 endfacet
 facet normal -0.97237494334997 0.23342444076218 0.00000000000000
  outer loop
   vertex 66.78768920898438 -11.15643334388734 13.80000019073487
   vertex 66.78768920898438 -11.15643334388734 2.49999952316284
   vertex 66.75106048583984 -11.30901741981507 2.49999952316284
  endloop
 endfacet
 facet normal -0.97237494334997 0.23342444076218 0.00000000000000
  outer loop
   vertex 66.75106048583984 -11.30901741981507 2.49999952316284
   vertex 66.75106048583984 -11.30901741981507 13.80000019073487
   vertex 66.78768920898438 -11.15643334388734 13.80000019073487
  endloop
 endfacet
 facet normal -0.99386188242274 0.07822612073432 0.07822552461950
  outer loop
   vertex 66.78768920898438 -11.15643334388734 2.49999952316284
   vertex 66.80000195457065 -11.00000015205982 2.49999960952096
   vertex 66.78768920898438 -11.00000023841859 2.34356522560120
  endloop
 endfacet
 facet normal -0.99386188242273 0.07822612073435 0.07822552461953
  outer loop
   vertex 66.78768920898438 -11.00000023841859 2.34356522560120
   vertex 66.77552795410156 -11.15450882911683 2.34356522560120
   vertex 66.78768920898438 -11.15643334388734 2.49999952316284
  endloop
 endfacet
 facet normal -0.97237436383845 0.00000000000000 0.23342685481701
  outer loop
   vertex 66.75106048583984 -11.00000023841859 2.19098281860352
   vertex 66.78768920898438 -11.00000023841859 2.34356522560120
   vertex 66.78768920898438 11.00000023841859 2.34356522560120
  endloop
 endfacet
 facet normal -0.97237436383845 0.00000000000000 0.23342685481701
  outer loop
   vertex 66.78768920898438 11.00000023841859 2.34356522560120
   vertex 66.75106048583984 11.00000023841859 2.19098281860352
   vertex 66.75106048583984 -11.00000023841859 2.19098281860352
  endloop
 endfacet
 facet normal -0.92144519335754 -0.07253206696871 0.38167768457107
  outer loop
   vertex 66.73934936523438 11.14877796173097 2.19098281860352
   vertex 66.68003845214842 11.13938474655153 2.04600954055786
   vertex 66.69101008114502 11.00000028247259 2.04600930873725
  endloop
 endfacet
 facet normal -0.92144519335756 -0.07253206696867 0.38167768457103
  outer loop
   vertex 66.69101008114502 11.00000028247259 2.04600930873725
   vertex 66.75106048583984 11.00000023841859 2.19098281860352
   vertex 66.73934936523438 11.14877796173097 2.19098281860352
  endloop
 endfacet
 facet normal -0.82977139897264 -0.19920730072449 0.52134046148851
  outer loop
   vertex 66.64739990234375 11.27533626556398 2.04600954055786
   vertex 66.56941986083984 11.25000071525574 1.91221475601196
   vertex 66.59905673430021 11.12655774417210 1.91221684464593
  endloop
 endfacet
 facet normal -0.82977139897259 -0.19920730072456 0.52134046148856
  outer loop
   vertex 66.59905673430021 11.12655774417210 1.91221684464593
   vertex 66.68003845214844 11.13938474655153 2.04600954055786
   vertex 66.64739990234375 11.27533626556398 2.04600954055786
  endloop
 endfacet
 facet normal -0.70344285996146 -0.29134745473434 0.64829376318846
  outer loop
   vertex 66.52084350585936 11.36728572845460 1.91221475601197
   vertex 66.43003845214844 11.32101964950562 1.79289281368256
   vertex 66.47249990426283 11.21850644874143 1.79289627691833
  endloop
 endfacet
 facet normal -0.70344285996143 -0.29134745473437 0.64829376318849
  outer loop
   vertex 66.47249990426283 11.21850644874143 1.79289627691833
   vertex 66.56941986083984 11.25000071525575 1.91221475601197
   vertex 66.52084350585936 11.36728572845460 1.91221475601197
  endloop
 endfacet
 facet normal -0.55472889635638 -0.33994011337659 0.75941857421631
  outer loop
   vertex 66.37206268310547 11.41562700271608 1.79289281368256
   vertex 66.27552795410156 11.34549188613892 1.69098281860351
   vertex 66.32372210774732 11.26684883107126 1.69098382016811
  endloop
 endfacet
 facet normal -0.55472889635640 -0.33994011337658 0.75941857421631
  outer loop
   vertex 66.32372210774732 11.26684883107126 1.69098382016811
   vertex 66.43003845214844 11.32101964950563 1.79289281368256
   vertex 66.37206268310547 11.41562700271608 1.79289281368256
  endloop
 endfacet
 facet normal -0.39821500282248 -0.34009878598673 0.85191409619599
  outer loop
   vertex 66.27552795410156 11.34549188613893 1.69098281860351
   vertex 66.21562940407475 11.41562685448405 1.69098318991020
   vertex 66.12102508544922 11.32101964950563 1.60899293422699
  endloop
 endfacet
 facet normal -0.39821500282248 -0.34009878598677 0.85191409619599
  outer loop
   vertex 66.12102508544922 11.32101964950563 1.60899293422699
   vertex 66.16728973388672 11.26684927940370 1.60899293422699
   vertex 66.27552795410156 11.34549188613893 1.69098281860351
  endloop
 endfacet
 facet normal -0.24918497671790 -0.29175525595648 0.92346397764064
  outer loop
   vertex 66.06684914260592 11.36728618241556 1.60899149734937
   vertex 65.98163604736327 11.25000071525575 1.54894316196441
   vertex 66.01850891113281 11.21850800514222 1.54894316196442
  endloop
 endfacet
 facet normal -0.24918497671795 -0.29175525595646 0.92346397764063
  outer loop
   vertex 66.01850891113281 11.21850800514222 1.54894316196442
   vertex 66.12102508544922 11.32101964950563 1.60899293422699
   vertex 66.06684914260592 11.36728618241556 1.60899149734937
  endloop
 endfacet
 facet normal -0.12231305947083 -0.19964059568411 0.97220530138329
  outer loop
   vertex 65.94029222002953 11.27533603971687 1.54894426178957
   vertex 65.87101745605469 11.13938474655153 1.51231145858765
   vertex 65.89195251464844 11.12655854225160 1.51231145858765
  endloop
 endfacet
 facet normal -0.12231305947088 -0.19964059568410 0.97220530138329
  outer loop
   vertex 65.89195251464844 11.12655854225160 1.51231145858765
   vertex 65.98163604736327 11.25000071525575 1.54894316196442
   vertex 65.94029222002953 11.27533603971687 1.54894426178957
  endloop
 endfacet
 facet normal -0.03012176773203 -0.07271182797059 0.99689802346171
  outer loop
   vertex 65.87101745605469 11.13938474655153 1.51231145858765
   vertex 65.84834289550781 11.14877796173097 1.51231145858765
   vertex 65.80000305175781 11.00000023841859 1.49999928474426
  endloop
 endfacet
 facet normal 0.99691714280865 0.07846152161566 -0.00000000000000
  outer loop
   vertex 2.51231336593626 -11.15643334388734 2.49999952316284
   vertex 2.50000143051146 -11.00000023841859 2.49999952316284
   vertex 2.50000143051146 -11.00000023841859 13.80000019073487
  endloop
 endfacet
 facet normal 0.99691714280865 0.07846152161566 -0.00000000000000
  outer loop
   vertex 2.50000143051146 -11.00000023841859 13.80000019073487
   vertex 2.51231336593626 -11.15643334388734 13.80000019073487
   vertex 2.51231336593626 -11.15643334388734 2.49999952316284
  endloop
 endfacet
 facet normal 0.92387596323111 0.38269204925605 0.00000000000000
  outer loop
   vertex 2.54894423484800 -11.30901741981507 13.80000019073487
   vertex 2.60899591445921 -11.45399117469789 13.80000019073487
   vertex 2.60899591445921 -11.45399117469789 2.49999952316284
  endloop
 endfacet
 facet normal 0.92387596323111 0.38269204925605 0.00000000000000
  outer loop
   vertex 2.60899591445921 -11.45399117469789 2.49999952316284
   vertex 2.54894423484800 -11.30901741981507 2.49999952316284
   vertex 2.54894423484800 -11.30901741981507 13.80000019073487
  endloop
 endfacet
 facet normal 0.96939227951499 0.23272616567167 0.07821214885483
  outer loop
   vertex 2.54894484112362 -11.30901727426389 2.49999957207815
   vertex 2.56065273284910 -11.30521225929261 2.34356522560120
   vertex 2.52447271347044 -11.15450882911683 2.34356522560120
  endloop
 endfacet
 facet normal 0.96939227951499 0.23272616567167 0.07821214885483
  outer loop
   vertex 2.52447271347044 -11.15450882911683 2.34356522560120
   vertex 2.51231336593626 -11.15643334388734 2.49999952316284
   vertex 2.54894484112362 -11.30901727426389 2.49999957207815
  endloop
 endfacet
 facet normal -0.92387757479411 0.38268815867826 0.00000000000000
  outer loop
   vertex 66.75106048583984 -11.30901741981507 13.80000019073487
   vertex 66.75106048583984 -11.30901741981507 2.49999952316284
   vertex 66.69100952148438 -11.45399117469789 2.49999952316284
  endloop
 endfacet
 facet normal -0.92387757479411 0.38268815867826 0.00000000000000
  outer loop
   vertex 66.69100952148438 -11.45399117469789 2.49999952316284
   vertex 66.69100952148438 -11.45399117469789 13.80000019073487
   vertex 66.75106048583984 -11.30901741981507 13.80000019073487
  endloop
 endfacet
 facet normal -0.96939283688086 0.23271709778218 0.07823221973016
  outer loop
   vertex 66.75106048583983 -11.30901741981507 2.49999952316284
   vertex 66.78769047062711 -11.15643364676335 2.49999942134539
   vertex 66.77552795410156 -11.15450882911683 2.34356522560120
  endloop
 endfacet
 facet normal -0.96939283688090 0.23271709778207 0.07823221973005
  outer loop
   vertex 66.77552795410156 -11.15450882911683 2.34356522560120
   vertex 66.73934936523438 -11.30521225929261 2.34356522560120
   vertex 66.75106048583983 -11.30901741981507 2.49999952316284
  endloop
 endfacet
 facet normal -0.96953697212247 0.07631800477977 0.23275227567960
  outer loop
   vertex 66.78769017961413 -11.00000031482262 2.34356499258658
   vertex 66.75106048583984 -11.00000023841859 2.19098281860352
   vertex 66.73934936523438 -11.14877724647523 2.19098281860352
  endloop
 endfacet
 facet normal -0.96953697212246 0.07631800477969 0.23275227567968
  outer loop
   vertex 66.73934936523438 -11.14877724647523 2.19098281860352
   vertex 66.77552795410156 -11.15450882911683 2.34356522560120
   vertex 66.78769017961413 -11.00000031482262 2.34356499258658
  endloop
 endfacet
 facet normal -0.92387712976644 0.00000000000000 0.38268923305277
  outer loop
   vertex 66.69100952148438 -11.00000023841859 2.04600954055786
   vertex 66.75106048583984 -11.00000023841859 2.19098281860352
   vertex 66.75106048583984 11.00000023841859 2.19098281860352
  endloop
 endfacet
 facet normal -0.92387712976644 0.00000000000000 0.38268923305277
  outer loop
   vertex 66.75106048583984 11.00000023841859 2.19098281860352
   vertex 66.69100952148438 11.00000023841859 2.04600954055786
   vertex 66.69100952148438 -11.00000023841859 2.04600954055786
  endloop
 endfacet
 facet normal -0.85073096874538 -0.06696173462437 0.52131846784249
  outer loop
   vertex 66.69100952148438 11.00000023841859 2.04600954055786
   vertex 66.68003845214842 11.13938474655153 2.04600954055786
   vertex 66.59906005859375 11.12655854225160 1.91221475601197
  endloop
 endfacet
 facet normal -0.85073096874536 -0.06696173462433 0.52131846784252
  outer loop
   vertex 66.59906005859375 11.12655854225160 1.91221475601197
   vertex 66.60902014456008 11.00000053170323 1.91221247269749
   vertex 66.69100952148438 11.00000023841859 2.04600954055786
  endloop
 endfacet
 facet normal -0.74036985581747 -0.17777319050210 0.64826627965330
  outer loop
   vertex 66.59906005859375 11.12655854225159 1.91221475601197
   vertex 66.56941986083984 11.25000071525574 1.91221475601197
   vertex 66.47250366210938 11.21850800514222 1.79289281368256
  endloop
 endfacet
 facet normal -0.74036985581746 -0.17777319050206 0.64826627965332
  outer loop
   vertex 66.47250366210938 11.21850800514222 1.79289281368256
   vertex 66.49840794518718 11.11061680468121 1.79289063463094
   vertex 66.59906005859375 11.12655854225159 1.91221475601197
  endloop
 endfacet
 facet normal -0.60107317052140 -0.24895166510999 0.75943012326238
  outer loop
   vertex 66.47250366210938 11.21850800514222 1.79289281368256
   vertex 66.43004100901192 11.32102070850385 1.79288958319543
   vertex 66.32372283935547 11.26684927940369 1.69098281860352
  endloop
 endfacet
 facet normal -0.60107317052141 -0.24895166511001 0.75943012326237
  outer loop
   vertex 66.32372283935547 11.26684927940369 1.69098281860352
   vertex 66.35901641845703 11.18163585662843 1.69098281860352
   vertex 66.47250366210938 11.21850800514222 1.79289281368256
  endloop
 endfacet
 facet normal -0.44650669395340 -0.27362796684672 0.85191520001355
  outer loop
   vertex 66.32372283935547 11.26684927940370 1.69098281860352
   vertex 66.27552818730831 11.34549202905254 1.69098237365528
   vertex 66.16728973388672 11.26684927940370 1.60899293422699
  endloop
 endfacet
 facet normal -0.44650669395339 -0.27362796684679 0.85191520001353
  outer loop
   vertex 66.16728973388672 11.26684927940370 1.60899293422699
   vertex 66.20451354980469 11.20610737800599 1.60899293422699
   vertex 66.32372283935547 11.26684927940370 1.69098281860352
  endloop
 endfacet
 facet normal -0.29175190278485 -0.24919826547343 0.92346145112097
  outer loop
   vertex 66.12102468777499 11.32101930983440 1.60899419295680
   vertex 66.01850891113281 11.21850800514222 1.54894316196442
   vertex 66.05000305175781 11.18163585662843 1.54894316196442
  endloop
 endfacet
 facet normal -0.29175190278481 -0.24919826547346 0.92346145112098
  outer loop
   vertex 66.05000305175781 11.18163585662843 1.54894316196442
   vertex 66.16728973388672 11.26684927940370 1.60899293422699
   vertex 66.12102468777499 11.32101930983440 1.60899419295680
  endloop
 endfacet
 facet normal -0.15204308524912 -0.17804868989701 0.97220448685134
  outer loop
   vertex 65.98163589960666 11.25000054222669 1.54894410676006
   vertex 65.89195251464844 11.12655854225160 1.51231145858765
   vertex 65.91062164306641 11.11061620712281 1.51231145858765
  endloop
 endfacet
 facet normal -0.15204308524909 -0.17804868989703 0.97220448685135
  outer loop
   vertex 65.91062164306641 11.11061620712281 1.51231145858765
   vertex 66.01850891113281 11.21850800514222 1.54894316196442
   vertex 65.98163589960666 11.25000054222669 1.54894410676006
  endloop
 endfacet
 facet normal -0.04111622364309 -0.06711031034544 0.99689802005956
  outer loop
   vertex 65.89195251464844 11.12655854225160 1.51231145858765
   vertex 65.87101745605469 11.13938474655153 1.51231145858765
   vertex 65.80000305175781 11.00000023841859 1.49999928474426
  endloop
 endfacet
 facet normal 0.85263955182690 0.52249956426817 -0.00000000000000
  outer loop
   vertex 2.60899591445921 -11.45399117469789 13.80000019073487
   vertex 2.69098567962644 -11.58778595924379 13.80000019073487
   vertex 2.69098567962644 -11.58778595924379 2.49999952316284
  endloop
 endfacet
 facet normal 0.85263955182690 0.52249956426817 -0.00000000000000
  outer loop
   vertex 2.69098567962644 -11.58778595924379 2.49999952316284
   vertex 2.60899591445921 -11.45399117469789 2.49999952316284
   vertex 2.60899591445921 -11.45399117469789 13.80000019073487
  endloop
 endfacet
 facet normal 0.92104628283674 0.38151992633917 0.07820671760648
  outer loop
   vertex 2.54894423484800 -11.30901741981507 2.49999952316284
   vertex 2.60899591445921 -11.45399117469789 2.49999952316284
   vertex 2.61996316909788 -11.44840073585511 2.34356522560120
  endloop
 endfacet
 facet normal 0.92104628283674 0.38151992633917 0.07820671760647
  outer loop
   vertex 2.61996316909788 -11.44840073585511 2.34356522560120
   vertex 2.56065125899970 -11.30521286979713 2.34356510045556
   vertex 2.54894423484800 -11.30901741981507 2.49999952316284
  endloop
 endfacet
 facet normal -0.85263007533865 0.52251502813604 0.00000000000000
  outer loop
   vertex 66.69100952148438 -11.45399117469789 13.80000019073487
   vertex 66.69100952148438 -11.45399117469789 2.49999952316284
   vertex 66.60901641845703 -11.58778595924379 2.49999952316284
  endloop
 endfacet
 facet normal -0.85263007533865 0.52251502813604 0.00000000000000
  outer loop
   vertex 66.60901641845703 -11.58778595924379 2.49999952316284
   vertex 66.60901641845703 -11.58778595924379 13.80000019073487
   vertex 66.69100952148438 -11.45399117469789 13.80000019073487
  endloop
 endfacet
 facet normal -0.92104753481900 0.38151233672649 0.07822899417310
  outer loop
   vertex 66.75106000994033 -11.30901722269003 2.49999956358327
   vertex 66.73934936523438 -11.30521225929261 2.34356522560120
   vertex 66.68003845214844 -11.44840073585511 2.34356522560120
  endloop
 endfacet
 facet normal -0.92104753481901 0.38151233672646 0.07822899417312
  outer loop
   vertex 66.68003845214844 -11.44840073585511 2.34356522560120
   vertex 66.69100952148438 -11.45399117469789 2.49999952316284
   vertex 66.75106000994033 -11.30901722269003 2.49999956358327
  endloop
 endfacet
 facet normal -0.94567082915575 0.22701469498306 0.23274666731366
  outer loop
   vertex 66.77552687329677 -11.15450856966231 2.34356549160677
   vertex 66.73934936523438 -11.14877724647523 2.19098281860352
   vertex 66.70451354980469 -11.29389214515687 2.19098281860352
  endloop
 endfacet
 facet normal -0.94567082915575 0.22701469498305 0.23274666731367
  outer loop
   vertex 66.70451354980469 -11.29389214515687 2.19098281860352
   vertex 66.73934936523438 -11.30521225929261 2.34356522560120
   vertex 66.77552687329677 -11.15450856966231 2.34356549160677
  endloop
 endfacet
 facet normal -0.92144544438908 0.07252834949613 0.38167778496264
  outer loop
   vertex 66.73934936523438 -11.14877724647523 2.19098281860352
   vertex 66.75105992569935 -11.00000019432909 2.19098305062288
   vertex 66.69100952148438 -11.00000023841859 2.04600954055786
  endloop
 endfacet
 facet normal -0.92144544438905 0.07252834949619 0.38167778496269
  outer loop
   vertex 66.69100952148438 -11.00000023841859 2.04600954055786
   vertex 66.68003845214842 -11.13938355445863 2.04600954055786
   vertex 66.73934936523438 -11.14877724647523 2.19098281860352
  endloop
 endfacet
 facet normal -0.85263007533866 0.00000000000000 0.52251502813603
  outer loop
   vertex 66.69100952148438 11.00000023841859 2.04600954055786
   vertex 66.60901641845703 11.00000023841859 1.91221475601196
   vertex 66.60901641845703 -11.00000023841859 1.91221475601197
  endloop
 endfacet
 facet normal -0.85263007533865 0.00000000000000 0.52251502813604
  outer loop
   vertex 66.60901641845703 -11.00000023841859 1.91221475601197
   vertex 66.69100952148438 -11.00000023841859 2.04600954055786
   vertex 66.69100952148438 11.00000023841859 2.04600954055786
  endloop
 endfacet
 facet normal -0.75905458627320 -0.05971493286434 0.64828254785289
  outer loop
   vertex 66.60901641845703 11.00000023841859 1.91221475601196
   vertex 66.59906005859375 11.12655854225160 1.91221475601197
   vertex 66.49840545654297 11.11061620712281 1.79289281368256
  endloop
 endfacet
 facet normal -0.75905458627318 -0.05971493286429 0.64828254785291
  outer loop
   vertex 66.49840545654297 11.11061620712281 1.79289281368256
   vertex 66.50710888733026 11.00000010402065 1.79289427274536
   vertex 66.60901641845703 11.00000023841859 1.91221475601196
  endloop
 endfacet
 facet normal -0.63261246780385 -0.15186560445268 0.75943288298792
  outer loop
   vertex 66.49840545654297 11.11061620712281 1.79289281368256
   vertex 66.47250413339015 11.21850811827838 1.79289224792368
   vertex 66.35901641845703 11.18163585662843 1.69098281860352
  endloop
 endfacet
 facet normal -0.63261246780383 -0.15186560445261 0.75943288298795
  outer loop
   vertex 66.35901641845703 11.18163585662843 1.69098281860352
   vertex 66.38054656982422 11.09194970130921 1.69098281860352
   vertex 66.49840545654297 11.11061620712281 1.79289281368256
  endloop
 endfacet
 facet normal -0.48382407193271 -0.20038944807558 0.85191451244736
  outer loop
   vertex 66.35901641845703 11.18163585662843 1.69098281860351
   vertex 66.32372284535268 11.26684928188761 1.69098280804367
   vertex 66.20451354980469 11.20610737800599 1.60899293422699
  endloop
 endfacet
 facet normal -0.48382407193271 -0.20038944807555 0.85191451244736
  outer loop
   vertex 66.20451354980469 11.20610737800599 1.60899293422699
   vertex 66.23177337646484 11.14029073715211 1.60899293422699
   vertex 66.35901641845703 11.18163585662843 1.69098281860351
  endloop
 endfacet
 facet normal -0.32715783782070 -0.20042931187833 0.92346945812650
  outer loop
   vertex 66.20451354980469 11.20610737800599 1.60899293422699
   vertex 66.16729091349744 11.26685000207800 1.60898960453612
   vertex 66.05000305175781 11.18163585662843 1.54894316196442
  endloop
 endfacet
 facet normal -0.32715783782069 -0.20042931187841 0.92346945812649
  outer loop
   vertex 66.05000305175781 11.18163585662843 1.54894316196442
   vertex 66.07533264160156 11.14029073715211 1.54894316196442
   vertex 66.20451354980469 11.20610737800599 1.60899293422699
  endloop
 endfacet
 facet normal -0.17805086005238 -0.15202309137189 0.97220721604211
  outer loop
   vertex 66.05000305175781 11.18163585662843 1.54894316196442
   vertex 66.01850929230807 11.21850833059665 1.54894108064153
   vertex 65.91062164306641 11.11061620712281 1.51231145858765
  endloop
 endfacet
 facet normal -0.17805086005233 -0.15202309137200 0.97220721604210
  outer loop
   vertex 65.91062164306641 11.11061620712281 1.51231145858765
   vertex 65.92655944824219 11.09194970130921 1.51231145858764
   vertex 66.05000305175781 11.18163585662843 1.54894316196442
  endloop
 endfacet
 facet normal -0.05110870887869 -0.05985039466457 0.99689810418881
  outer loop
   vertex 65.91062164306641 11.11061620712281 1.51231145858765
   vertex 65.89195251464844 11.12655854225160 1.51231145858765
   vertex 65.80000305175781 11.00000023841859 1.49999928474426
  endloop
 endfacet
 facet normal 0.76040494225349 0.64944924651313 0.00000000000000
  outer loop
   vertex 2.69098567962644 -11.58778595924379 13.80000019073487
   vertex 2.79289484024046 -11.70710587501527 13.80000019073487
   vertex 2.79289484024046 -11.70710587501527 2.49999952316284
  endloop
 endfacet
 facet normal 0.76040494225349 0.64944924651313 0.00000000000000
  outer loop
   vertex 2.79289484024046 -11.70710587501527 2.49999952316284
   vertex 2.69098567962644 -11.58778595924379 2.49999952316284
   vertex 2.69098567962644 -11.58778595924379 13.80000019073487
  endloop
 endfacet
 facet normal 0.85002777678306 0.52089906225129 0.07821090488525
  outer loop
   vertex 2.60899591445921 -11.45399117469789 2.49999952316284
   vertex 2.69098567962644 -11.58778595924379 2.49999952316284
   vertex 2.70094347000120 -11.58054757118226 2.34356522560120
  endloop
 endfacet
 facet normal 0.85002777678306 0.52089906225129 0.07821090488525
  outer loop
   vertex 2.70094347000120 -11.58054757118226 2.34356522560120
   vertex 2.61996346026528 -11.44840055742703 2.34356525239146
   vertex 2.60899591445921 -11.45399117469789 2.49999952316284
  endloop
 endfacet
 facet normal 0.89850176456055 0.37217053289286 0.23277386779410
  outer loop
   vertex 2.61996316909788 -11.44840073585511 2.34356522560120
   vertex 2.65260410308836 -11.43177056312562 2.19098281860352
   vertex 2.59549286755930 -11.29389163988449 2.19098313462586
  endloop
 endfacet
 facet normal 0.89850176456054 0.37217053289287 0.23277386779411
  outer loop
   vertex 2.59549286755930 -11.29389163988449 2.19098313462586
   vertex 2.56065273284910 -11.30521225929261 2.34356522560120
   vertex 2.61996316909788 -11.44840073585511 2.34356522560120
  endloop
 endfacet
 facet normal -0.76041544715921 0.64943694668663 0.00000000000000
  outer loop
   vertex 66.60901641845703 -11.58778595924379 13.80000019073487
   vertex 66.60901641845703 -11.58778595924379 2.49999952316284
   vertex 66.50711059570312 -11.70710587501527 2.49999952316284
  endloop
 endfacet
 facet normal -0.76041544715921 0.64943694668663 0.00000000000000
  outer loop
   vertex 66.50711059570312 -11.70710587501527 2.49999952316284
   vertex 66.50711059570312 -11.70710587501527 13.80000019073487
   vertex 66.60901641845703 -11.58778595924379 13.80000019073487
  endloop
 endfacet
 facet normal -0.85003260797585 0.52089234594667 0.07820312853037
  outer loop
   vertex 66.69100600914554 -11.45398902236820 2.49999984629855
   vertex 66.68003845214844 -11.44840073585511 2.34356522560120
   vertex 66.59906005859375 -11.58054757118226 2.34356522560120
  endloop
 endfacet
 facet normal -0.85003260797585 0.52089234594668 0.07820312853036
  outer loop
   vertex 66.59906005859375 -11.58054757118226 2.34356522560120
   vertex 66.60901641845703 -11.58778595924379 2.49999952316284
   vertex 66.69100600914554 -11.45398902236820 2.49999984629855
  endloop
 endfacet
 facet normal -0.89849840878511 0.37218675786660 0.23276087875622
  outer loop
   vertex 66.73935124653222 -11.30521303858631 2.34356473824080
   vertex 66.70451354980469 -11.29389214515687 2.19098281860352
   vertex 66.64739990234375 -11.43177056312562 2.19098281860352
  endloop
 endfacet
 facet normal -0.89849840878510 0.37218675786670 0.23276087875613
  outer loop
   vertex 66.64739990234375 -11.43177056312562 2.19098281860352
   vertex 66.68003845214842 -11.44840073585511 2.34356522560120
   vertex 66.73935124653222 -11.30521303858631 2.34356473824080
  endloop
 endfacet
 facet normal -0.89875283935876 0.21576725759851 0.38169074431140
  outer loop
   vertex 66.70451354980469 -11.29389214515687 2.19098281860351
   vertex 66.73935139254793 -11.14877773318066 2.19098195762507
   vertex 66.68003845214844 -11.13938355445863 2.04600954055786
  endloop
 endfacet
 facet normal -0.89875283935876 0.21576725759851 0.38169074431140
  outer loop
   vertex 66.68003845214844 -11.13938355445863 2.04600954055786
   vertex 66.64739990234375 -11.27533555030824 2.04600954055786
   vertex 66.70451354980469 -11.29389214515687 2.19098281860351
  endloop
 endfacet
 facet normal -0.85073467557701 0.06692741860219 0.52131682536642
  outer loop
   vertex 66.69100534984439 -10.99999991023507 2.04601209687321
   vertex 66.60901641845703 -11.00000023841859 1.91221475601197
   vertex 66.59906005859375 -11.12655854225160 1.91221475601196
  endloop
 endfacet
 facet normal -0.85073467557704 0.06692741860227 0.52131682536636
  outer loop
   vertex 66.59906005859375 -11.12655854225160 1.91221475601196
   vertex 66.68003845214842 -11.13938355445863 2.04600954055786
   vertex 66.69100534984439 -10.99999991023507 2.04601209687321
  endloop
 endfacet
 facet normal -0.76042089424984 0.00000000000000 0.64943056872023
  outer loop
   vertex 66.50711059570312 -11.00000023841859 1.79289281368256
   vertex 66.60901641845703 -11.00000023841859 1.91221475601197
   vertex 66.60901641845703 11.00000023841859 1.91221475601196
  endloop
 endfacet
 facet normal -0.76042089424983 0.00000000000000 0.64943056872024
  outer loop
   vertex 66.60901641845703 11.00000023841859 1.91221475601196
   vertex 66.50711059570312 11.00000023841859 1.79289281368256
   vertex 66.50711059570312 -11.00000023841859 1.79289281368256
  endloop
 endfacet
 facet normal -0.64859279369704 -0.05107156996504 0.75942022800659
  outer loop
   vertex 66.49840335467584 11.11061604161734 1.79289527470343
   vertex 66.38054656982422 11.09194970130921 1.69098281860352
   vertex 66.38778686523438 11.00000023841859 1.69098281860352
  endloop
 endfacet
 facet normal -0.64859279369702 -0.05107156996508 0.75942022800660
  outer loop
   vertex 66.38778686523438 11.00000023841859 1.69098281860352
   vertex 66.50711059570312 11.00000023841859 1.79289281368256
   vertex 66.49840335467584 11.11061604161734 1.79289527470343
  endloop
 endfacet
 facet normal -0.50921955500579 -0.12226471178865 0.85190773270991
  outer loop
   vertex 66.35901546222767 11.18163562703570 1.69098441834408
   vertex 66.23177337646484 11.14029073715211 1.60899293422699
   vertex 66.24840545654297 11.07101988792420 1.60899293422699
  endloop
 endfacet
 facet normal -0.50921955500579 -0.12226471178864 0.85190773270991
  outer loop
   vertex 66.24840545654297 11.07101988792420 1.60899293422699
   vertex 66.38054656982422 11.09194970130921 1.69098281860352
   vertex 66.35901546222767 11.18163562703570 1.69098441834408
  endloop
 endfacet
 facet normal -0.35447028741106 -0.14687251171710 0.92346049219478
  outer loop
   vertex 66.20451218269645 11.20610681155338 1.60899649579617
   vertex 66.07533264160156 11.14029073715211 1.54894316196442
   vertex 66.09389495849609 11.09549140930177 1.54894316196442
  endloop
 endfacet
 facet normal -0.35447028741104 -0.14687251171712 0.92346049219479
  outer loop
   vertex 66.09389495849609 11.09549140930177 1.54894316196442
   vertex 66.23177337646484 11.14029073715211 1.60899293422699
   vertex 66.20451218269645 11.20610681155338 1.60899649579617
  endloop
 endfacet
 facet normal -0.19963321153564 -0.12232781667834 0.97220496096177
  outer loop
   vertex 66.07533264160156 11.14029073715211 1.54894316196442
   vertex 66.05000284597023 11.18163573052944 1.54894416414096
   vertex 65.92655944824219 11.09194970130921 1.51231145858764
  endloop
 endfacet
 facet normal -0.19963321153566 -0.12232781667829 0.97220496096177
  outer loop
   vertex 65.92655944824219 11.09194970130921 1.51231145858764
   vertex 65.93938446044922 11.07101988792420 1.51231145858765
   vertex 66.07533264160156 11.14029073715211 1.54894316196442
  endloop
 endfacet
 facet normal -0.05985424283519 -0.05110465079954 0.99689808119049
  outer loop
   vertex 65.92655944824219 11.09194970130921 1.51231145858765
   vertex 65.91062164306641 11.11061620712281 1.51231145858765
   vertex 65.80000305175781 11.00000023841859 1.49999928474426
  endloop
 endfacet
 facet normal 0.64944725187227 0.76040664583863 0.00000000000000
  outer loop
   vertex 2.91221594810484 -11.80901551246644 13.80000019073487
   vertex 2.91221594810484 -11.80901551246644 2.49999952316284
   vertex 2.79289484024046 -11.70710587501527 2.49999952316284
  endloop
 endfacet
 facet normal 0.64944725187227 0.76040664583863 -0.00000000000000
  outer loop
   vertex 2.79289484024046 -11.70710587501527 2.49999952316284
   vertex 2.79289484024046 -11.70710587501527 13.80000019073487
   vertex 2.91221594810484 -11.80901551246644 13.80000019073487
  endloop
 endfacet
 facet normal 0.75807522783238 0.64745947607464 0.07821876877091
  outer loop
   vertex 2.69098567962644 -11.58778595924379 2.49999952316284
   vertex 2.79289484024046 -11.70710587501527 2.49999952316284
   vertex 2.80160093307493 -11.69840073585511 2.34356522560120
  endloop
 endfacet
 facet normal 0.75807522783238 0.64745947607464 0.07821876877091
  outer loop
   vertex 2.80160093307493 -11.69840073585511 2.34356522560120
   vertex 2.70094406205782 -11.58054706551652 2.34356528669004
   vertex 2.69098567962644 -11.58778595924379 2.49999952316284
  endloop
 endfacet
 facet normal 0.82921704584658 0.50814872501925 0.23277449202778
  outer loop
   vertex 2.70094347000120 -11.58054757118226 2.34356522560120
   vertex 2.73058199882505 -11.55901741981507 2.19098281860352
   vertex 2.65260432892949 -11.43177042472895 2.19098288200073
  endloop
 endfacet
 facet normal 0.82921704584657 0.50814872501925 0.23277449202778
  outer loop
   vertex 2.65260432892949 -11.43177042472895 2.19098288200073
   vertex 2.61996316909788 -11.44840073585511 2.34356522560120
   vertex 2.70094347000120 -11.58054757118226 2.34356522560120
  endloop
 endfacet
 facet normal -0.64943899819111 0.76041369505588 0.00000000000000
  outer loop
   vertex 66.50711059570312 -11.70710587501527 13.80000019073487
   vertex 66.50711059570312 -11.70710587501527 2.49999952316284
   vertex 66.38778686523438 -11.80901551246644 2.49999952316284
  endloop
 endfacet
 facet normal -0.64943899819111 0.76041369505588 0.00000000000000
  outer loop
   vertex 66.38778686523438 -11.80901551246644 2.49999952316284
   vertex 66.38778686523438 -11.80901551246644 13.80000019073487
   vertex 66.50711059570312 -11.70710587501527 13.80000019073487
  endloop
 endfacet
 facet normal -0.75808132079826 0.64745290361011 0.07821412061517
  outer loop
   vertex 66.60901727146108 -11.58778668776715 2.49999943515518
   vertex 66.59906005859375 -11.58054757118226 2.34356522560120
   vertex 66.49840545654297 -11.69840073585511 2.34356522560120
  endloop
 endfacet
 facet normal -0.75808132079826 0.64745290361011 0.07821412061518
  outer loop
   vertex 66.49840545654297 -11.69840073585511 2.34356522560120
   vertex 66.50711059570312 -11.70710587501527 2.49999952316284
   vertex 66.60901727146108 -11.58778668776715 2.49999943515518
  endloop
 endfacet
 facet normal -0.82920806213755 0.50815934305286 0.23278331502531
  outer loop
   vertex 66.59906005859375 -11.58054757118226 2.34356522560120
   vertex 66.68004153036102 -11.44840262226042 2.34356436145555
   vertex 66.64739990234375 -11.43177056312562 2.19098281860352
  endloop
 endfacet
 facet normal -0.82920806213751 0.50815934305290 0.23278331502537
  outer loop
   vertex 66.64739990234375 -11.43177056312562 2.19098281860352
   vertex 66.56941986083984 -11.55901741981507 2.19098281860352
   vertex 66.59906005859375 -11.58054757118226 2.34356522560120
  endloop
 endfacet
 facet normal -0.85393940245886 0.35371076897073 0.38167550202016
  outer loop
   vertex 66.64739990234375 -11.43177056312562 2.19098281860352
   vertex 66.70451140407627 -11.29389125637338 2.19098377765514
   vertex 66.64739990234375 -11.27533555030824 2.04600954055786
  endloop
 endfacet
 facet normal -0.85393940245883 0.35371076897076 0.38167550202019
  outer loop
   vertex 66.64739990234375 -11.27533555030824 2.04600954055786
   vertex 66.59389495849609 -11.40450882911683 2.04600954055786
   vertex 66.64739990234375 -11.43177056312562 2.19098281860352
  endloop
 endfacet
 facet normal -0.82976333872473 0.19923858965350 0.52134133358221
  outer loop
   vertex 66.64739990234375 -11.27533555030824 2.04600954055786
   vertex 66.68004227889796 -11.13938447331843 2.04600713620640
   vertex 66.59906005859375 -11.12655854225160 1.91221475601196
  endloop
 endfacet
 facet normal -0.82976333872474 0.19923858965348 0.52134133358220
  outer loop
   vertex 66.59906005859375 -11.12655854225160 1.91221475601196
   vertex 66.56941986083984 -11.25000023841859 1.91221475601197
   vertex 66.64739990234375 -11.27533555030824 2.04600954055786
  endloop
 endfacet
 facet normal -0.75905196098373 0.05973571662464 0.64828370694172
  outer loop
   vertex 66.60901843487537 -11.00000039710627 1.91221303384903
   vertex 66.50711059570312 -11.00000023841859 1.79289281368256
   vertex 66.49840545654297 -11.11061501502992 1.79289281368256
  endloop
 endfacet
 facet normal -0.75905196098373 0.05973571662465 0.64828370694172
  outer loop
   vertex 66.49840545654297 -11.11061501502992 1.79289281368256
   vertex 66.59906005859375 -11.12655854225160 1.91221475601196
   vertex 66.60901843487537 -11.00000039710627 1.91221303384903
  endloop
 endfacet
 facet normal -0.64944031600280 0.00000000000000 0.76041256956352
  outer loop
   vertex 66.50711059570312 -11.00000023841859 1.79289281368255
   vertex 66.50711059570312 11.00000023841859 1.79289281368255
   vertex 66.38778686523438 11.00000023841859 1.69098281860352
  endloop
 endfacet
 facet normal -0.64944031600280 0.00000000000000 0.76041256956352
  outer loop
   vertex 66.38778686523438 11.00000023841859 1.69098281860352
   vertex 66.38778686523438 -11.00000023841859 1.69098281860352
   vertex 66.50711059570312 -11.00000023841859 1.79289281368255
  endloop
 endfacet
 facet normal -0.52205423639054 -0.04105237188780 0.85192375071310
  outer loop
   vertex 66.38778686523438 11.00000023841859 1.69098281860352
   vertex 66.38054922360661 11.09194990999263 1.69097848798023
   vertex 66.24840545654297 11.07101988792420 1.60899293422699
  endloop
 endfacet
 facet normal -0.52205423639057 -0.04105237188789 0.85192375071308
  outer loop
   vertex 66.24840545654297 11.07101988792420 1.60899293422699
   vertex 66.25399017333984 11.00000023841859 1.60899293422699
   vertex 66.38778686523438 11.00000023841859 1.69098281860352
  endloop
 endfacet
 facet normal -0.37308122823847 -0.08952651554535 0.92346921992581
  outer loop
   vertex 66.24840545654297 11.07101988792420 1.60899293422699
   vertex 66.23177469683792 11.14029105399571 1.60898966597387
   vertex 66.09389495849609 11.09549140930177 1.54894316196442
  endloop
 endfacet
 facet normal -0.37308122823848 -0.08952651554546 0.92346921992579
  outer loop
   vertex 66.09389495849609 11.09549140930177 1.54894316196442
   vertex 66.10520935058594 11.04834127426148 1.54894316196441
   vertex 66.24840545654297 11.07101988792420 1.60899293422699
  endloop
 endfacet
 facet normal -0.21629417861124 -0.08964562712302 0.97220393428365
  outer loop
   vertex 66.07533239443052 11.14029063470921 1.54894427295436
   vertex 65.93938446044922 11.07101988792420 1.51231145858765
   vertex 65.94878387451172 11.04834127426148 1.51231145858765
  endloop
 endfacet
 facet normal -0.21629417861124 -0.08964562712302 0.97220393428365
  outer loop
   vertex 65.94878387451172 11.04834127426148 1.51231145858765
   vertex 66.09389495849609 11.09549140930177 1.54894316196442
   vertex 66.07533239443052 11.14029063470921 1.54894427295436
  endloop
 endfacet
 facet normal -0.06710774958865 -0.04112113623893 0.99689798981619
  outer loop
   vertex 65.93938446044922 11.07101988792420 1.51231145858765
   vertex 65.92655944824219 11.09194970130921 1.51231145858765
   vertex 65.80000305175781 11.00000023841859 1.49999928474426
  endloop
 endfacet
 facet normal 0.52250889928128 0.85263383123816 0.00000000000000
  outer loop
   vertex 2.91221594810484 -11.80901551246644 13.80000019073487
   vertex 3.04600977897642 -11.89100670814515 13.80000019073487
   vertex 3.04600977897642 -11.89100670814515 2.49999952316284
  endloop
 endfacet
 facet normal 0.52250889928128 0.85263383123816 0.00000000000000
  outer loop
   vertex 3.04600977897642 -11.89100670814515 2.49999952316284
   vertex 2.91221594810484 -11.80901551246644 2.49999952316284
   vertex 2.91221594810484 -11.80901551246644 13.80000019073487
  endloop
 endfacet
 facet normal 0.64745767251284 0.75807714276818 0.07821513866695
  outer loop
   vertex 2.91221594810484 -11.80901551246644 2.49999952316284
   vertex 2.91945409774778 -11.79905724525453 2.34356522560120
   vertex 2.80160063307596 -11.69840108710953 2.34356518936028
  endloop
 endfacet
 facet normal 0.64745767251286 0.75807714276816 0.07821513866693
  outer loop
   vertex 2.80160063307596 -11.69840108710953 2.34356518936028
   vertex 2.79289484024046 -11.70710587501527 2.49999952316284
   vertex 2.91221594810484 -11.80901551246644 2.49999952316284
  endloop
 endfacet
 facet normal 0.73951696582556 0.63161563702269 0.23275812407858
  outer loop
   vertex 2.80160093307493 -11.69840073585511 2.34356522560120
   vertex 2.82750272750852 -11.67249894142152 2.19098281860352
   vertex 2.73058038641321 -11.55901879696338 2.19098231110744
  endloop
 endfacet
 facet normal 0.73951696582556 0.63161563702269 0.23275812407858
  outer loop
   vertex 2.73058038641321 -11.55901879696338 2.19098231110744
   vertex 2.70094347000120 -11.58054757118226 2.34356522560120
   vertex 2.80160093307493 -11.69840073585511 2.34356522560120
  endloop
 endfacet
 facet normal 0.78808861006902 0.48294702962461 0.38167854178123
  outer loop
   vertex 2.73058199882505 -11.55901741981507 2.19098281860352
   vertex 2.77916336059568 -11.52372002601625 2.04600954055786
   vertex 2.70611004533947 -11.40450909391610 2.04600933128399
  endloop
 endfacet
 facet normal 0.78808861006902 0.48294702962461 0.38167854178123
  outer loop
   vertex 2.70611004533947 -11.40450909391610 2.04600933128399
   vertex 2.65260410308836 -11.43177056312562 2.19098281860352
   vertex 2.73058199882505 -11.55901741981507 2.19098281860352
  endloop
 endfacet
 facet normal -0.52250077661555 0.85263880889632 0.00000000000000
  outer loop
   vertex 66.38778686523438 -11.80901551246644 13.80000019073488
   vertex 66.38778686523438 -11.80901551246644 2.49999952316284
   vertex 66.25399017333984 -11.89100670814516 2.49999952316284
  endloop
 endfacet
 facet normal -0.52250077661555 0.85263880889632 0.00000000000000
  outer loop
   vertex 66.25399017333984 -11.89100670814516 2.49999952316284
   vertex 66.25399017333984 -11.89100670814516 13.80000019073488
   vertex 66.38778686523438 -11.80901551246644 13.80000019073488
  endloop
 endfacet
 facet normal -0.64744131327473 0.75809019062539 0.07822409310853
  outer loop
   vertex 66.38778686523438 -11.80901551246644 2.49999952316284
   vertex 66.50711162107044 -11.70710707561968 2.49999939927759
   vertex 66.49840545654297 -11.69840073585511 2.34356522560120
  endloop
 endfacet
 facet normal -0.64744131327474 0.75809019062538 0.07822409310852
  outer loop
   vertex 66.49840545654297 -11.69840073585511 2.34356522560120
   vertex 66.38054656982422 -11.79905724525453 2.34356522560120
   vertex 66.38778686523438 -11.80901551246644 2.49999952316284
  endloop
 endfacet
 facet normal -0.73954115297737 0.63158756013050 0.23275746377141
  outer loop
   vertex 66.49840545654297 -11.69840073585511 2.34356522560120
   vertex 66.59905737574276 -11.58054527995708 2.34356606998097
   vertex 66.56941986083984 -11.55901741981507 2.19098281860352
  endloop
 endfacet
 facet normal -0.73954115297737 0.63158756013050 0.23275746377141
  outer loop
   vertex 66.56941986083984 -11.55901741981507 2.19098281860352
   vertex 66.47250366210938 -11.67249894142152 2.19098281860351
   vertex 66.49840545654297 -11.69840073585511 2.34356522560120
  endloop
 endfacet
 facet normal -0.78810317625476 0.48294189933853 0.38165495600142
  outer loop
   vertex 66.64739715995020 -11.43176888261374 2.19098414666324
   vertex 66.59389495849609 -11.40450882911683 2.04600954055786
   vertex 66.52084350585938 -11.52372002601625 2.04600954055786
  endloop
 endfacet
 facet normal -0.78810317625476 0.48294189933856 0.38165495600140
  outer loop
   vertex 66.52084350585938 -11.52372002601625 2.04600954055786
   vertex 66.56941986083984 -11.55901741981507 2.19098281860352
   vertex 66.64739715995020 -11.43176888261374 2.19098414666324
  endloop
 endfacet
 facet normal -0.78841397126846 0.32654090875528 0.52131990640870
  outer loop
   vertex 66.64739699671314 -11.27533434687033 2.04601146183670
   vertex 66.56941986083984 -11.25000023841859 1.91221475601197
   vertex 66.52084350585936 -11.36728501319886 1.91221475601197
  endloop
 endfacet
 facet normal -0.78841397126845 0.32654090875521 0.52131990640875
  outer loop
   vertex 66.52084350585936 -11.36728501319886 1.91221475601197
   vertex 66.59389495849609 -11.40450882911683 2.04600954055786
   vertex 66.64739699671314 -11.27533434687033 2.04601146183670
  endloop
 endfacet
 facet normal -0.74037875077984 0.17774220721604 0.64826461662477
  outer loop
   vertex 66.59905696895865 -11.12655780052507 1.91221746125048
   vertex 66.49840545654297 -11.11061501502992 1.79289281368256
   vertex 66.47250366210938 -11.21850800514222 1.79289281368256
  endloop
 endfacet
 facet normal -0.74037875077984 0.17774220721604 0.64826461662477
  outer loop
   vertex 66.47250366210938 -11.21850800514222 1.79289281368256
   vertex 66.56941986083984 -11.25000023841859 1.91221475601197
   vertex 66.59905696895865 -11.12655780052507 1.91221746125048
  endloop
 endfacet
 facet normal -0.64857742534010 0.05107035982801 0.75943343466445
  outer loop
   vertex 66.49840545654297 -11.11061501502992 1.79289281368255
   vertex 66.50711265798483 -11.00000040080702 1.79289039891197
   vertex 66.38778686523438 -11.00000023841859 1.69098281860352
  endloop
 endfacet
 facet normal -0.64857742534006 0.05107035982807 0.75943343466448
  outer loop
   vertex 66.38778686523438 -11.00000023841859 1.69098281860352
   vertex 66.38054656982422 -11.09194970130921 1.69098281860352
   vertex 66.49840545654297 -11.11061501502992 1.79289281368255
  endloop
 endfacet
 facet normal -0.52249470148602 0.00000000000000 0.85264253173240
  outer loop
   vertex 66.38778686523438 -11.00000023841859 1.69098281860351
   vertex 66.38778686523438 11.00000023841859 1.69098281860351
   vertex 66.25399017333984 11.00000023841859 1.60899293422699
  endloop
 endfacet
 facet normal -0.52249470148602 0.00000000000000 0.85264253173240
  outer loop
   vertex 66.25399017333984 11.00000023841859 1.60899293422699
   vertex 66.25399017333984 -11.00000023841859 1.60899293422699
   vertex 66.38778686523438 -11.00000023841859 1.69098281860351
  endloop
 endfacet
 facet normal -0.38252447027712 -0.03018584573857 0.92345213430706
  outer loop
   vertex 66.24840258862312 11.07101966161035 1.60899985767087
   vertex 66.10520935058594 11.04834127426148 1.54894316196441
   vertex 66.10902404785156 11.00000023841859 1.54894316196442
  endloop
 endfacet
 facet normal -0.38252447027706 -0.03018584573870 0.92345213430707
  outer loop
   vertex 66.10902404785156 11.00000023841859 1.54894316196442
   vertex 66.25399017333984 11.00000023841859 1.60899293422699
   vertex 66.24840258862312 11.07101966161035 1.60899985767087
  endloop
 endfacet
 facet normal -0.22767051135605 -0.05464983697987 0.97220344248359
  outer loop
   vertex 66.10520935058594 11.04834127426148 1.54894316196441
   vertex 66.09389477778018 11.09549136592287 1.54894393366135
   vertex 65.94878387451172 11.04834127426148 1.51231145858765
  endloop
 endfacet
 facet normal -0.22767051135606 -0.05464983697982 0.97220344248359
  outer loop
   vertex 65.94878387451172 11.04834127426148 1.51231145858765
   vertex 65.95451354980469 11.02447152137757 1.51231145858765
   vertex 66.10520935058594 11.04834127426148 1.54894316196441
  endloop
 endfacet
 facet normal -0.07270613417941 -0.03013389928500 0.99689807210495
  outer loop
   vertex 65.94878387451172 11.04834127426148 1.51231145858765
   vertex 65.93938446044922 11.07101988792420 1.51231145858765
   vertex 65.80000305175781 11.00000023841859 1.49999928474426
  endloop
 endfacet
 facet normal 0.38267885806000 0.92388142723723 -0.00000000000000
  outer loop
   vertex 3.04600977897642 -11.89100670814515 13.80000019073487
   vertex 3.19098305702208 -11.95105576515199 13.80000019073487
   vertex 3.19098305702208 -11.95105576515199 2.49999952316284
  endloop
 endfacet
 facet normal 0.38267885806000 0.92388142723723 -0.00000000000000
  outer loop
   vertex 3.19098305702208 -11.95105576515199 2.49999952316284
   vertex 3.04600977897642 -11.89100670814515 2.49999952316284
   vertex 3.04600977897642 -11.89100670814515 13.80000019073487
  endloop
 endfacet
 facet normal 0.52090745429231 0.85002058162972 0.07823320822119
  outer loop
   vertex 3.04600977897642 -11.89100670814515 2.49999952316284
   vertex 3.05160140991209 -11.88003563880921 2.34356522560120
   vertex 2.91945577443547 -11.79905450922334 2.34356547741686
  endloop
 endfacet
 facet normal 0.52090745429232 0.85002058162971 0.07823320822118
  outer loop
   vertex 2.91945577443547 -11.79905450922334 2.34356547741686
   vertex 2.91221594810484 -11.80901551246644 2.49999952316284
   vertex 3.04600977897642 -11.89100670814515 2.49999952316284
  endloop
 endfacet
 facet normal 0.63161028653039 0.73951770781318 0.23277028543123
  outer loop
   vertex 2.91945409774778 -11.79905724525453 2.34356522560120
   vertex 2.94098639488218 -11.76942086219789 2.19098281860351
   vertex 2.82750397492432 -11.67249748089105 2.19098327831948
  endloop
 endfacet
 facet normal 0.63161028653038 0.73951770781319 0.23277028543124
  outer loop
   vertex 2.82750397492432 -11.67249748089105 2.19098327831948
   vertex 2.80160093307493 -11.69840073585511 2.34356522560120
   vertex 2.91945409774778 -11.79905724525453 2.34356522560120
  endloop
 endfacet
 facet normal 0.70284682122840 0.60027769368973 0.38167137218774
  outer loop
   vertex 2.73058199882505 -11.55901741981507 2.19098281860352
   vertex 2.82750272750852 -11.67249894142152 2.19098281860352
   vertex 2.86996364593504 -11.63003754615785 2.04600954055786
  endloop
 endfacet
 facet normal 0.70284682122840 0.60027769368974 0.38167137218773
  outer loop
   vertex 2.86996364593504 -11.63003754615785 2.04600954055786
   vertex 2.77916241605951 -11.52372083271264 2.04600902764039
   vertex 2.73058199882505 -11.55901741981507 2.19098281860352
  endloop
 endfacet
 facet normal -0.38269497405238 0.92387475170342 0.00000000000000
  outer loop
   vertex 66.25399017333984 -11.89100670814515 13.80000019073487
   vertex 66.25399017333984 -11.89100670814515 2.49999952316284
   vertex 66.10902404785156 -11.95105576515198 2.49999952316284
  endloop
 endfacet
 facet normal -0.38269497405238 0.92387475170342 0.00000000000000
  outer loop
   vertex 66.10902404785156 -11.95105576515198 2.49999952316284
   vertex 66.10902404785156 -11.95105576515198 13.80000019073487
   vertex 66.25399017333984 -11.89100670814515 13.80000019073487
  endloop
 endfacet
 facet normal -0.52090844888103 0.85002207788010 0.07821032541009
  outer loop
   vertex 66.38778608349585 -11.80901423682003 2.49999964053476
   vertex 66.38054656982422 -11.79905724525452 2.34356522560120
   vertex 66.24840545654297 -11.88003563880921 2.34356522560120
  endloop
 endfacet
 facet normal -0.52090844888107 0.85002207788007 0.07821032541014
  outer loop
   vertex 66.24840545654297 -11.88003563880921 2.34356522560120
   vertex 66.25399017333984 -11.89100670814515 2.49999952316284
   vertex 66.38778608349585 -11.80901423682003 2.49999964053476
  endloop
 endfacet
 facet normal -0.63158994186994 0.73953756845931 0.23276238993020
  outer loop
   vertex 66.38054656982422 -11.79905724525453 2.34356522560120
   vertex 66.49840595095112 -11.69840131476460 2.34356504339496
   vertex 66.47250366210938 -11.67249894142152 2.19098281860351
  endloop
 endfacet
 facet normal -0.63158994186991 0.73953756845932 0.23276238993023
  outer loop
   vertex 66.47250366210938 -11.67249894142152 2.19098281860351
   vertex 66.35901641845703 -11.76942086219789 2.19098281860351
   vertex 66.38054656982422 -11.79905724525453 2.34356522560120
  endloop
 endfacet
 facet normal -0.70283178974813 0.60028373811608 0.38168954540676
  outer loop
   vertex 66.56942360453500 -11.55902061727905 2.19098078550068
   vertex 66.52084350585938 -11.52372002601625 2.04600954055786
   vertex 66.43003845214844 -11.63003754615785 2.04600954055786
  endloop
 endfacet
 facet normal -0.70283178974815 0.60028373811605 0.38168954540679
  outer loop
   vertex 66.43003845214844 -11.63003754615785 2.04600954055786
   vertex 66.47250366210938 -11.67249894142152 2.19098281860351
   vertex 66.56942360453500 -11.55902061727905 2.19098078550068
  endloop
 endfacet
 facet normal -0.72761667137735 0.44587051089529 0.52131896862450
  outer loop
   vertex 66.59389445095377 -11.40450851810395 2.04600990419913
   vertex 66.52084350585938 -11.36728501319886 1.91221475601196
   vertex 66.45451354980469 -11.47552895545961 1.91221475601196
  endloop
 endfacet
 facet normal -0.72761667137734 0.44587051089535 0.52131896862446
  outer loop
   vertex 66.45451354980469 -11.47552895545961 1.91221475601196
   vertex 66.52084350585938 -11.52372002601625 2.04600954055786
   vertex 66.59389445095377 -11.40450851810395 2.04600990419913
  endloop
 endfacet
 facet normal -0.70342114012233 0.29139395783209 0.64829642985902
  outer loop
   vertex 66.52084350585938 -11.36728501319886 1.91221475601196
   vertex 66.56942439067033 -11.25000211491214 1.91221058116881
   vertex 66.47250366210938 -11.21850800514222 1.79289281368255
  endloop
 endfacet
 facet normal -0.70342114012234 0.29139395783208 0.64829642985902
  outer loop
   vertex 66.47250366210938 -11.21850800514222 1.79289281368255
   vertex 66.43003845214844 -11.32101845741273 1.79289281368256
   vertex 66.52084350585938 -11.36728501319886 1.91221475601196
  endloop
 endfacet
 facet normal -0.63261514083111 0.15186745729993 0.75943028580936
  outer loop
   vertex 66.49840518245325 -11.11061494923113 1.79289314271677
   vertex 66.38054656982422 -11.09194970130921 1.69098281860352
   vertex 66.35901641845703 -11.18163514137269 1.69098281860352
  endloop
 endfacet
 facet normal -0.63261514083110 0.15186745729991 0.75943028580937
  outer loop
   vertex 66.35901641845703 -11.18163514137269 1.69098281860352
   vertex 66.47250366210938 -11.21850800514222 1.79289281368256
   vertex 66.49840518245325 -11.11061494923113 1.79289314271677
  endloop
 endfacet
 facet normal -0.52208195534954 0.04105427595715 0.85190667230867
  outer loop
   vertex 66.38778419793782 -11.00000002867388 1.69098717096184
   vertex 66.25399017333984 -11.00000023841859 1.60899293422699
   vertex 66.24840545654297 -11.07102036476136 1.60899293422699
  endloop
 endfacet
 facet normal -0.52208195534956 0.04105427595722 0.85190667230866
  outer loop
   vertex 66.24840545654297 -11.07102036476136 1.60899293422699
   vertex 66.38054656982422 -11.09194970130921 1.69098281860352
   vertex 66.38778419793782 -11.00000002867388 1.69098717096184
  endloop
 endfacet
 facet normal -0.38269886479925 0.00000000000000 0.92387314003675
  outer loop
   vertex 66.25399017333984 -11.00000023841859 1.60899293422699
   vertex 66.25399017333984 11.00000023841859 1.60899293422699
   vertex 66.10902404785156 11.00000023841859 1.54894316196442
  endloop
 endfacet
 facet normal -0.38269886479925 0.00000000000000 0.92387314003675
  outer loop
   vertex 66.10902404785156 11.00000023841859 1.54894316196442
   vertex 66.10902404785156 -11.00000023841859 1.54894316196442
   vertex 66.25399017333984 -11.00000023841859 1.60899293422699
  endloop
 endfacet
 facet normal -0.23339763023127 -0.01833708583575 0.97220846400629
  outer loop
   vertex 66.10902404785156 11.00000023841859 1.54894316196442
   vertex 66.10521026260542 11.04834134591508 1.54893936298381
   vertex 65.95451354980469 11.02447152137757 1.51231145858765
  endloop
 endfacet
 facet normal -0.23339763023128 -0.01833708583584 0.97220846400629
  outer loop
   vertex 65.95451354980469 11.02447152137757 1.51231145858765
   vertex 65.95643615722656 11.00000023841859 1.51231145858765
   vertex 66.10902404785156 11.00000023841859 1.54894316196442
  endloop
 endfacet
 facet normal -0.07652845856621 -0.01836982646567 0.99689816155167
  outer loop
   vertex 65.95451354980469 11.02447152137757 1.51231145858765
   vertex 65.94878387451172 11.04834127426148 1.51231145858765
   vertex 65.80000305175781 11.00000023841859 1.49999928474426
  endloop
 endfacet
 facet normal 0.23344708107959 0.97236950812714 -0.00000000000000
  outer loop
   vertex 3.19098305702208 -11.95105576515199 13.80000019073487
   vertex 3.34356737136839 -11.98768830299379 13.80000019073487
   vertex 3.34356737136839 -11.98768830299379 2.49999952316284
  endloop
 endfacet
 facet normal 0.23344708107959 0.97236950812714 -0.00000000000000
  outer loop
   vertex 3.34356737136839 -11.98768830299379 2.49999952316284
   vertex 3.19098305702208 -11.95105576515199 2.49999952316284
   vertex 3.19098305702208 -11.95105576515199 13.80000019073487
  endloop
 endfacet
 facet normal 0.38150652099133 0.92105111555055 0.07821519663194
  outer loop
   vertex 3.19098305702208 -11.95105576515199 2.49999952316284
   vertex 3.19479036331175 -11.93934845924379 2.34356522560120
   vertex 3.05160041037576 -11.88003805193718 2.34356502067959
  endloop
 endfacet
 facet normal 0.38150652099132 0.92105111555056 0.07821519663195
  outer loop
   vertex 3.05160041037576 -11.88003805193718 2.34356502067959
   vertex 3.04600977897642 -11.89100670814515 2.49999952316284
   vertex 3.19098305702208 -11.95105576515199 2.49999952316284
  endloop
 endfacet
 facet normal 0.50814059614936 0.82922630389502 0.23275925647238
  outer loop
   vertex 2.91945409774778 -11.79905724525453 2.34356522560120
   vertex 3.05160140991209 -11.88003563880921 2.34356522560120
   vertex 3.06823110580443 -11.84739708900453 2.19098281860352
  endloop
 endfacet
 facet normal 0.50814059614936 0.82922630389502 0.23275925647239
  outer loop
   vertex 3.06823110580443 -11.84739708900453 2.19098281860352
   vertex 2.94098551321675 -11.76942230097324 2.19098241474720
   vertex 2.91945409774778 -11.79905724525453 2.34356522560120
  endloop
 endfacet
 facet normal 0.60027630407298 0.70284983910798 0.38166800027559
  outer loop
   vertex 2.82750272750852 -11.67249894142152 2.19098281860351
   vertex 2.94098639488218 -11.76942086219789 2.19098281860351
   vertex 2.97627973556516 -11.72083878517152 2.04600954055786
  endloop
 endfacet
 facet normal 0.60027630407298 0.70284983910797 0.38166800027560
  outer loop
   vertex 2.97627973556516 -11.72083878517152 2.04600954055786
   vertex 2.86996328163641 -11.63003797270680 2.04600930892931
   vertex 2.82750272750852 -11.67249894142152 2.19098281860351
  endloop
 endfacet
 facet normal 0.64890604191118 0.55419702872576 0.52133156639772
  outer loop
   vertex 2.86996364593504 -11.63003754615785 2.04600954055786
   vertex 2.92794036865232 -11.57206177711488 1.91221475601196
   vertex 2.84549404583994 -11.47552731459180 1.91221629957164
  endloop
 endfacet
 facet normal 0.64890604191118 0.55419702872576 0.52133156639772
  outer loop
   vertex 2.84549404583994 -11.47552731459180 1.91221629957164
   vertex 2.77916336059568 -11.52372002601625 2.04600954055786
   vertex 2.86996364593504 -11.63003754615785 2.04600954055786
  endloop
 endfacet
 facet normal -0.23344190783244 0.97237075010901 0.00000000000000
  outer loop
   vertex 66.10902404785156 -11.95105576515198 13.80000019073487
   vertex 66.10902404785156 -11.95105576515198 2.49999952316284
   vertex 65.95643615722656 -11.98768830299379 2.49999952316284
  endloop
 endfacet
 facet normal -0.23344190783244 0.97237075010901 0.00000000000000
  outer loop
   vertex 65.95643615722656 -11.98768830299379 2.49999952316284
   vertex 65.95643615722656 -11.98768830299379 13.80000019073487
   vertex 66.10902404785156 -11.95105576515198 13.80000019073487
  endloop
 endfacet
 facet normal -0.38150533456463 0.92105008514577 0.07823311544161
  outer loop
   vertex 66.10902404785156 -11.95105576515198 2.49999952316284
   vertex 66.25399125638165 -11.89100932288119 2.49999930106966
   vertex 66.24840545654297 -11.88003563880921 2.34356522560120
  endloop
 endfacet
 facet normal -0.38150533456470 0.92105008514575 0.07823311544154
  outer loop
   vertex 66.24840545654297 -11.88003563880921 2.34356522560120
   vertex 66.10520935058594 -11.93934845924379 2.34356522560120
   vertex 66.10902404785156 -11.95105576515198 2.49999952316284
  endloop
 endfacet
 facet normal -0.50815445403942 0.82921579027151 0.23276645807395
  outer loop
   vertex 66.38054680730043 -11.79905763277258 2.34356511682227
   vertex 66.35901641845703 -11.76942086219789 2.19098281860351
   vertex 66.23177337646484 -11.84739708900453 2.19098281860352
  endloop
 endfacet
 facet normal -0.50815445403944 0.82921579027149 0.23276645807397
  outer loop
   vertex 66.23177337646484 -11.84739708900453 2.19098281860352
   vertex 66.24840545654297 -11.88003563880921 2.34356522560120
   vertex 66.38054680730043 -11.79905763277258 2.34356511682227
  endloop
 endfacet
 facet normal -0.60028098292992 0.70284548142059 0.38166866622680
  outer loop
   vertex 66.35901641845705 -11.76942086219789 2.19098281860351
   vertex 66.47250180117749 -11.67249676252929 2.19098400181506
   vertex 66.43003845214844 -11.63003754615785 2.04600954055786
  endloop
 endfacet
 facet normal -0.60028098292986 0.70284548142062 0.38166866622684
  outer loop
   vertex 66.43003845214844 -11.63003754615785 2.04600954055786
   vertex 66.32372283935547 -11.72083878517152 2.04600954055786
   vertex 66.35901641845705 -11.76942086219789 2.19098281860351
  endloop
 endfacet
 facet normal -0.64888315651870 0.55422578273482 0.52132948404853
  outer loop
   vertex 66.43003845214844 -11.63003754615785 2.04600954055786
   vertex 66.52084483019038 -11.52372115715731 2.04600847655614
   vertex 66.45451354980469 -11.47552895545960 1.91221475601196
  endloop
 endfacet
 facet normal -0.64888315651873 0.55422578273481 0.52132948404851
  outer loop
   vertex 66.45451354980469 -11.47552895545960 1.91221475601196
   vertex 66.37206268310547 -11.57206177711488 1.91221475601196
   vertex 66.43003845214844 -11.63003754615785 2.04600954055786
  endloop
 endfacet
 facet normal -0.64918798373435 0.39782101434600 0.64830039512532
  outer loop
   vertex 66.45451354980469 -11.47552895545960 1.91221475601196
   vertex 66.52084422287105 -11.36728545258208 1.91221403998061
   vertex 66.43003845214844 -11.32101845741273 1.79289281368256
  endloop
 endfacet
 facet normal -0.64918798373437 0.39782101434599 0.64830039512531
  outer loop
   vertex 66.43003845214844 -11.32101845741273 1.79289281368256
   vertex 66.37206268310547 -11.41562676429750 1.79289281368256
   vertex 66.45451354980469 -11.47552895545960 1.91221475601196
  endloop
 endfacet
 facet normal -0.60109545190427 0.24895741079387 0.75941060389675
  outer loop
   vertex 66.47250071205606 -11.21850678331026 1.79289654071420
   vertex 66.35901641845703 -11.18163514137269 1.69098281860351
   vertex 66.32372283935547 -11.26684975624085 1.69098281860352
  endloop
 endfacet
 facet normal -0.60109545190427 0.24895741079390 0.75941060389673
  outer loop
   vertex 66.32372283935547 -11.26684975624085 1.69098281860352
   vertex 66.43003845214844 -11.32101845741273 1.79289281368256
   vertex 66.47250071205606 -11.21850678331026 1.79289654071420
  endloop
 endfacet
 facet normal -0.50920848331361 0.12226499916004 0.85191430936559
  outer loop
   vertex 66.35901641845703 -11.18163514137269 1.69098281860351
   vertex 66.38054761600876 -11.09194995250642 1.69098106831931
   vertex 66.24840545654297 -11.07102036476136 1.60899293422699
  endloop
 endfacet
 facet normal -0.50920848331361 0.12226499916004 0.85191430936559
  outer loop
   vertex 66.24840545654297 -11.07102036476136 1.60899293422699
   vertex 66.23177337646484 -11.14028954505922 1.60899293422699
   vertex 66.35901641845703 -11.18163514137269 1.69098281860351
  endloop
 endfacet
 facet normal -0.38247996755549 0.03018307824771 0.92347065801044
  outer loop
   vertex 66.24840545654297 -11.07102036476136 1.60899293422699
   vertex 66.25399306631553 -11.00000046671528 1.60898594934307
   vertex 66.10902404785156 -11.00000023841859 1.54894316196442
  endloop
 endfacet
 facet normal -0.38247996755551 0.03018307824765 0.92347065801044
  outer loop
   vertex 66.10902404785156 -11.00000023841859 1.54894316196442
   vertex 66.10520935058594 -11.04834008216859 1.54894316196441
   vertex 66.24840545654297 -11.07102036476136 1.60899293422699
  endloop
 endfacet
 facet normal -0.23343687995667 0.00000000000000 0.97237195716253
  outer loop
   vertex 66.10902404785156 11.00000023841859 1.54894316196442
   vertex 65.95643615722656 11.00000023841859 1.51231145858765
   vertex 65.95643615722656 -11.00000023841859 1.51231145858765
  endloop
 endfacet
 facet normal -0.23343687995666 0.00000000000000 0.97237195716254
  outer loop
   vertex 65.95643615722656 -11.00000023841859 1.51231145858765
   vertex 66.10902404785156 -11.00000023841859 1.54894316196442
   vertex 66.10902404785156 11.00000023841859 1.54894316196442
  endloop
 endfacet
 facet normal -0.07846154085169 -0.00616439853303 0.99689808245272
  outer loop
   vertex 65.80000305175781 11.00000023841859 1.49999928474426
   vertex 65.95643615722656 11.00000023841859 1.51231145858765
   vertex 65.95451354980469 11.02447152137757 1.51231145858765
  endloop
 endfacet
 facet normal -0.07846303165598 0.00000000000000 0.99691702396105
  outer loop
   vertex 65.80000305175781 -11.00000023841859 1.49999928474426
   vertex 65.95643615722656 -11.00000023841859 1.51231145858765
   vertex 65.95643615722656 11.00000023841859 1.51231145858765
  endloop
 endfacet
 facet normal -0.07846303165598 0.00000000000000 0.99691702396105
  outer loop
   vertex 65.95643615722656 11.00000023841859 1.51231145858765
   vertex 65.80000305175781 11.00000023841859 1.49999928474426
   vertex 65.80000305175781 -11.00000023841859 1.49999928474426
  endloop
 endfacet
 facet normal -0.23342197317614 0.01833899836019 0.97220258360987
  outer loop
   vertex 66.10902313053880 -11.00000016634912 1.54894698257236
   vertex 65.95643615722656 -11.00000023841859 1.51231145858765
   vertex 65.95451354980469 -11.02447152137758 1.51231145858765
  endloop
 endfacet
 facet normal -0.23342197317614 0.01833899836019 0.97220258360987
  outer loop
   vertex 65.95451354980469 -11.02447152137758 1.51231145858765
   vertex 66.10520935058594 -11.04834008216859 1.54894316196442
   vertex 66.10902313053880 -11.00000016634912 1.54894698257236
  endloop
 endfacet
 facet normal -0.37310305823339 0.08952903771864 0.92346015579562
  outer loop
   vertex 66.24840401006483 -11.07102001766746 1.60899651437703
   vertex 66.10520935058594 -11.04834008216859 1.54894316196441
   vertex 66.09389495849609 -11.09549164772035 1.54894316196442
  endloop
 endfacet
 facet normal -0.37310305823339 0.08952903771858 0.92346015579562
  outer loop
   vertex 66.09389495849609 -11.09549164772035 1.54894316196442
   vertex 66.23177337646484 -11.14028954505922 1.60899293422699
   vertex 66.24840401006483 -11.07102001766746 1.60899651437703
  endloop
 endfacet
 facet normal -0.48382298520854 0.20038827207815 0.85191540624491
  outer loop
   vertex 66.35901649810863 -11.18163517436254 1.69098267835300
   vertex 66.23177337646484 -11.14028954505922 1.60899293422699
   vertex 66.20451354980469 -11.20610642433168 1.60899293422699
  endloop
 endfacet
 facet normal -0.48382298520854 0.20038827207818 0.85191540624490
  outer loop
   vertex 66.20451354980469 -11.20610642433168 1.60899293422699
   vertex 66.32372283935547 -11.26684975624086 1.69098281860352
   vertex 66.35901649810863 -11.18163517436254 1.69098267835300
  endloop
 endfacet
 facet normal -0.55471939244817 0.33995415120619 0.75941923251891
  outer loop
   vertex 66.37206268310547 -11.41562676429750 1.79289281368256
   vertex 66.43003967435271 -11.32101920642821 1.79289114046644
   vertex 66.32372283935547 -11.26684975624086 1.69098281860352
  endloop
 endfacet
 facet normal -0.55471939244822 0.33995415120616 0.75941923251889
  outer loop
   vertex 66.32372283935547 -11.26684975624086 1.69098281860352
   vertex 66.27552795410156 -11.34549164772035 1.69098281860351
   vertex 66.37206268310547 -11.41562676429750 1.79289281368256
  endloop
 endfacet
 facet normal -0.57898067765433 0.49448164395016 0.64828178957864
  outer loop
   vertex 66.45451137843756 -11.47552710099152 1.91221718728095
   vertex 66.37206268310547 -11.41562676429750 1.79289281368256
   vertex 66.30000305175781 -11.50000023841859 1.79289281368256
  endloop
 endfacet
 facet normal -0.57898067765432 0.49448164395019 0.64828178957862
  outer loop
   vertex 66.30000305175781 -11.50000023841859 1.79289281368256
   vertex 66.37206268310547 -11.57206177711488 1.91221475601196
   vertex 66.45451137843756 -11.47552710099152 1.91221718728095
  endloop
 endfacet
 facet normal -0.55420408000966 0.64890058986376 0.52133085672642
  outer loop
   vertex 66.32372283935547 -11.72083878517152 2.04600954055786
   vertex 66.43003869110890 -11.63003782594934 2.04600931577160
   vertex 66.37206268310547 -11.57206177711488 1.91221475601196
  endloop
 endfacet
 facet normal -0.55420408000971 0.64890058986375 0.52133085672639
  outer loop
   vertex 66.37206268310547 -11.57206177711488 1.91221475601196
   vertex 66.27552795410156 -11.65450882911683 1.91221475601196
   vertex 66.32372283935547 -11.72083878517152 2.04600954055786
  endloop
 endfacet
 facet normal -0.48295353472725 0.78808897732308 0.38166955225211
  outer loop
   vertex 66.35901628706469 -11.76942064779039 2.19098292244054
   vertex 66.32372283935547 -11.72083878517152 2.04600954055786
   vertex 66.20451354980469 -11.79389214515688 2.04600954055786
  endloop
 endfacet
 facet normal -0.48295353472721 0.78808897732312 0.38166955225206
  outer loop
   vertex 66.20451354980469 -11.79389214515688 2.04600954055786
   vertex 66.23177337646484 -11.84739708900453 2.19098281860352
   vertex 66.35901628706469 -11.76942064779039 2.19098292244054
  endloop
 endfacet
 facet normal -0.37217658189132 0.89850384903846 0.23275614955307
  outer loop
   vertex 66.24840492068407 -11.88003434514567 2.34356556072291
   vertex 66.23177337646484 -11.84739708900453 2.19098281860352
   vertex 66.09389495849609 -11.90450882911683 2.19098281860352
  endloop
 endfacet
 facet normal -0.37217658189134 0.89850384903844 0.23275614955309
  outer loop
   vertex 66.09389495849609 -11.90450882911683 2.19098281860352
   vertex 66.10520935058594 -11.93934845924379 2.34356522560120
   vertex 66.24840492068407 -11.88003434514567 2.34356556072291
  endloop
 endfacet
 facet normal -0.23274025943759 0.96938913056277 0.07820923975900
  outer loop
   vertex 65.95643615722656 -11.98768830299379 2.49999952316284
   vertex 66.10902354484347 -11.95105367006716 2.49999969219196
   vertex 66.10520935058594 -11.93934845924379 2.34356522560120
  endloop
 endfacet
 facet normal -0.23274025943757 0.96938913056277 0.07820923975902
  outer loop
   vertex 66.10520935058594 -11.93934845924379 2.34356522560120
   vertex 65.95451354980469 -11.97552895545961 2.34356522560120
   vertex 65.95643615722656 -11.98768830299379 2.49999952316284
  endloop
 endfacet
 facet normal -0.07846152161566 0.99691714280865 0.00000000000000
  outer loop
   vertex 65.80000305175781 -12.00000023841859 2.49999952316284
   vertex 65.80000305175781 -12.00000023841859 13.80000019073487
   vertex 65.95643615722656 -11.98768830299379 13.80000019073487
  endloop
 endfacet
 facet normal -0.07846152161566 0.99691714280865 0.00000000000000
  outer loop
   vertex 65.95643615722656 -11.98768830299379 13.80000019073487
   vertex 65.95643615722656 -11.98768830299379 2.49999952316284
   vertex 65.80000305175781 -12.00000023841859 2.49999952316284
  endloop
 endfacet
 facet normal 0.07846104623265 0.99691718022315 0.00000000000000
  outer loop
   vertex 3.34356737136839 -11.98768830299379 13.80000019073487
   vertex 3.50000143051146 -12.00000023841859 13.80000019073487
   vertex 3.50000143051146 -12.00000023841859 2.49999952316284
  endloop
 endfacet
 facet normal 0.07846104623265 0.99691718022315 0.00000000000000
  outer loop
   vertex 3.50000143051146 -12.00000023841859 2.49999952316284
   vertex 3.34356737136839 -11.98768830299379 2.49999952316284
   vertex 3.34356737136839 -11.98768830299379 13.80000019073487
  endloop
 endfacet
 facet normal 0.23273193346293 0.96939072709875 0.07821422736023
  outer loop
   vertex 3.34356737136839 -11.98768830299379 2.49999952316284
   vertex 3.34549331665037 -11.97552895545961 2.34356522560120
   vertex 3.19479044527426 -11.93934811784800 2.34356525314634
  endloop
 endfacet
 facet normal 0.23273193346292 0.96939072709875 0.07821422736024
  outer loop
   vertex 3.19479044527426 -11.93934811784800 2.34356525314634
   vertex 3.19098305702208 -11.95105576515199 2.49999952316284
   vertex 3.34356737136839 -11.98768830299379 2.49999952316284
  endloop
 endfacet
 facet normal 0.37218322545447 0.89849928118868 0.23276315944265
  outer loop
   vertex 3.05160140991209 -11.88003563880921 2.34356522560120
   vertex 3.19479036331175 -11.93934845924379 2.34356522560120
   vertex 3.20610785484312 -11.90450882911683 2.19098281860352
  endloop
 endfacet
 facet normal 0.37218322545449 0.89849928118867 0.23276315944267
  outer loop
   vertex 3.20610785484312 -11.90450882911683 2.19098281860352
   vertex 3.06823131263932 -11.84739658967787 2.19098294795793
   vertex 3.05160140991209 -11.88003563880921 2.34356522560120
  endloop
 endfacet
 facet normal 0.48294616083119 0.78809077000301 0.38167518123986
  outer loop
   vertex 2.94098639488218 -11.76942086219789 2.19098281860351
   vertex 3.06823110580442 -11.84739708900453 2.19098281860352
   vertex 3.09549283981321 -11.79389214515687 2.04600954055786
  endloop
 endfacet
 facet normal 0.48294616083121 0.78809077000299 0.38167518123988
  outer loop
   vertex 3.09549283981321 -11.79389214515687 2.04600954055786
   vertex 2.97628013751894 -11.72083812924735 2.04600985822428
   vertex 2.94098639488218 -11.76942086219789 2.19098281860351
  endloop
 endfacet
 facet normal 0.55420614571737 0.64890117031094 0.52132793826746
  outer loop
   vertex 2.97627973556517 -11.72083878517152 2.04600954055786
   vertex 3.02447366714476 -11.65450882911683 1.91221475601196
   vertex 2.92794001327213 -11.57206219321749 1.91221442171466
  endloop
 endfacet
 facet normal 0.55420614571737 0.64890117031094 0.52132793826745
  outer loop
   vertex 2.92794001327213 -11.57206219321749 1.91221442171466
   vertex 2.86996364593504 -11.63003754615785 2.04600954055786
   vertex 2.97627973556517 -11.72083878517152 2.04600954055786
  endloop
 endfacet
 facet normal -0.00000000000000 1.00000000000000 0.00000000000000
  outer loop
   vertex 3.50000143051145 -12.00000023841859 13.80000019073487
   vertex 65.80000305175781 -12.00000023841859 13.80000019073487
   vertex 65.80000305175781 -12.00000023841859 2.49999952316284
  endloop
 endfacet
 facet normal 0.00000000000000 1.00000000000000 0.00000000000000
  outer loop
   vertex 65.80000305175781 -12.00000023841859 2.49999952316284
   vertex 3.50000143051145 -12.00000023841859 2.49999952316284
   vertex 3.50000143051145 -12.00000023841859 13.80000019073487
  endloop
 endfacet
 facet normal 0.07822064791442 0.99386270637839 0.07822052869979
  outer loop
   vertex 3.50000143051146 -12.00000023841859 2.49999952316284
   vertex 3.50000143051146 -11.98768830299379 2.34356522560120
   vertex 3.34549339508426 -11.97552795888750 2.34356530403496
  endloop
 endfacet
 facet normal 0.07822064791441 0.99386270637839 0.07822052869979
  outer loop
   vertex 3.34549339508426 -11.97552795888750 2.34356530403496
   vertex 3.34356737136839 -11.98768830299379 2.49999952316284
   vertex 3.50000143051146 -12.00000023841859 2.49999952316284
  endloop
 endfacet
 facet normal 0.22703302898877 0.94566276177990 0.23276156197059
  outer loop
   vertex 3.19479036331175 -11.93934845924379 2.34356522560120
   vertex 3.34549331665037 -11.97552895545961 2.34356522560120
   vertex 3.35122275352476 -11.93934845924379 2.19098281860352
  endloop
 endfacet
 facet normal 0.22703302898877 0.94566276177990 0.23276156197059
  outer loop
   vertex 3.35122275352476 -11.93934845924379 2.19098281860352
   vertex 3.20610770367405 -11.90450945878274 2.19098266362012
   vertex 3.19479036331175 -11.93934845924379 2.34356522560120
  endloop
 endfacet
 facet normal 0.35371825210848 0.85393165364019 0.38168590363891
  outer loop
   vertex 3.20610785484312 -11.90450882911683 2.19098281860352
   vertex 3.22466707229612 -11.84739708900453 2.04600954055786
   vertex 3.09549344769697 -11.79389067762959 2.04601019650553
  endloop
 endfacet
 facet normal 0.35371825210851 0.85393165364019 0.38168590363888
  outer loop
   vertex 3.09549344769697 -11.79389067762959 2.04601019650553
   vertex 3.06823110580443 -11.84739708900453 2.19098281860352
   vertex 3.20610785484312 -11.90450882911683 2.19098281860352
  endloop
 endfacet
 facet normal 0.44587525638025 0.72760751088165 0.52132769527088
  outer loop
   vertex 3.09549283981321 -11.79389214515687 2.04600954055786
   vertex 3.13271570205687 -11.72083878517152 1.91221475601196
   vertex 3.02447378790816 -11.65450863204746 1.91221489721133
  endloop
 endfacet
 facet normal 0.44587525638024 0.72760751088165 0.52132769527089
  outer loop
   vertex 3.02447378790816 -11.65450863204746 1.91221489721133
   vertex 2.97627973556516 -11.72083878517152 2.04600954055786
   vertex 3.09549283981321 -11.79389214515687 2.04600954055786
  endloop
 endfacet
 facet normal 0.49448491173159 0.57896866443520 0.64829002589267
  outer loop
   vertex 3.02447366714476 -11.65450882911683 1.91221475601196
   vertex 3.08437633514402 -11.57206177711488 1.79289281368256
   vertex 3.00000251911879 -11.50000008043199 1.79289299058528
  endloop
 endfacet
 facet normal 0.49448491173159 0.57896866443520 0.64829002589267
  outer loop
   vertex 3.00000251911879 -11.50000008043199 1.79289299058528
   vertex 2.92794036865232 -11.57206177711488 1.91221475601196
   vertex 3.02447366714476 -11.65450882911683 1.91221475601196
  endloop
 endfacet
 facet normal -0.07822117125115 0.99386329687605 0.07821250213851
  outer loop
   vertex 65.95643615722656 -11.98768830299379 2.49999952316284
   vertex 65.95451354980469 -11.97552895545961 2.34356522560120
   vertex 65.80000315054330 -11.98768955814339 2.34356512682666
  endloop
 endfacet
 facet normal -0.07822117125116 0.99386329687605 0.07821250213851
  outer loop
   vertex 65.80000315054330 -11.98768955814339 2.34356512682666
   vertex 65.80000305175781 -12.00000023841859 2.49999952316284
   vertex 65.95643615722656 -11.98768830299379 2.49999952316284
  endloop
 endfacet
 facet normal -0.22704322019171 0.94566032689676 0.23276151378284
  outer loop
   vertex 66.10520935058594 -11.93934845924379 2.34356522560120
   vertex 66.09389495849609 -11.90450882911683 2.19098281860352
   vertex 65.94878388172683 -11.93934848929545 2.19098281120670
  endloop
 endfacet
 facet normal -0.22704322019167 0.94566032689679 0.23276151378280
  outer loop
   vertex 65.94878388172683 -11.93934848929545 2.19098281120670
   vertex 65.95451354980469 -11.97552895545961 2.34356522560120
   vertex 66.10520935058594 -11.93934845924379 2.34356522560120
  endloop
 endfacet
 facet normal -0.35371684363414 0.85393858974129 0.38167169069786
  outer loop
   vertex 66.09389495849609 -11.90450882911683 2.19098281860351
   vertex 66.23177337646484 -11.84739708900453 2.19098281860352
   vertex 66.20451354980469 -11.79389214515687 2.04600954055786
  endloop
 endfacet
 facet normal -0.35371684363409 0.85393858974129 0.38167169069789
  outer loop
   vertex 66.20451354980469 -11.79389214515687 2.04600954055786
   vertex 66.07533388909505 -11.84740010068706 2.04600819447282
   vertex 66.09389495849609 -11.90450882911683 2.19098281860351
  endloop
 endfacet
 facet normal -0.44588522483715 0.72760049482572 0.52132896159842
  outer loop
   vertex 66.20451354980469 -11.79389214515687 2.04600954055786
   vertex 66.32372283935547 -11.72083878517152 2.04600954055786
   vertex 66.27552795410156 -11.65450882911683 1.91221475601196
  endloop
 endfacet
 facet normal -0.44588522483713 0.72760049482573 0.52132896159843
  outer loop
   vertex 66.27552795410156 -11.65450882911683 1.91221475601196
   vertex 66.16728978485556 -11.72083886834303 1.91221469641921
   vertex 66.20451354980469 -11.79389214515687 2.04600954055786
  endloop
 endfacet
 facet normal -0.49448469485501 0.57897699014484 0.64828275577634
  outer loop
   vertex 66.37206268310547 -11.57206177711488 1.91221475601196
   vertex 66.30000305175781 -11.50000023841859 1.79289281368256
   vertex 66.21562929025460 -11.57206144062795 1.79289319044826
  endloop
 endfacet
 facet normal -0.49448469485500 0.57897699014486 0.64828275577633
  outer loop
   vertex 66.21562929025460 -11.57206144062795 1.79289319044826
   vertex 66.27552795410156 -11.65450882911683 1.91221475601196
   vertex 66.37206268310547 -11.57206177711488 1.91221475601196
  endloop
 endfacet
 facet normal -0.49472823692751 0.42252538184108 0.75941837829134
  outer loop
   vertex 66.37206268310547 -11.41562676429749 1.79289281368256
   vertex 66.27552795410156 -11.34549164772035 1.69098281860352
   vertex 66.21562935563783 -11.41562657469812 1.69098315937653
  endloop
 endfacet
 facet normal -0.49472823692752 0.42252538184104 0.75941837829136
  outer loop
   vertex 66.21562935563783 -11.41562657469812 1.69098315937653
   vertex 66.30000305175781 -11.50000023841859 1.79289281368256
   vertex 66.37206268310547 -11.41562676429749 1.79289281368256
  endloop
 endfacet
 facet normal -0.44650118954400 0.27363372359143 0.85191623593478
  outer loop
   vertex 66.32372283935547 -11.26684975624086 1.69098281860352
   vertex 66.20451354980469 -11.20610642433168 1.60899293422699
   vertex 66.16728931149351 -11.26684949738146 1.60899374014564
  endloop
 endfacet
 facet normal -0.44650118954400 0.27363372359141 0.85191623593479
  outer loop
   vertex 66.16728931149351 -11.26684949738146 1.60899374014564
   vertex 66.27552795410156 -11.34549164772035 1.69098281860351
   vertex 66.32372283935547 -11.26684975624086 1.69098281860352
  endloop
 endfacet
 facet normal -0.35448895122023 0.14682111139304 0.92346150147805
  outer loop
   vertex 66.20451354980469 -11.20610642433168 1.60899293422699
   vertex 66.23177337646484 -11.14028954505922 1.60899293422699
   vertex 66.09389495849609 -11.09549164772035 1.54894316196442
  endloop
 endfacet
 facet normal -0.35448895122022 0.14682111139304 0.92346150147805
  outer loop
   vertex 66.09389495849609 -11.09549164772035 1.54894316196442
   vertex 66.07533365514672 -11.14028996484614 1.54894052162841
   vertex 66.20451354980469 -11.20610642433168 1.60899293422699
  endloop
 endfacet
 facet normal -0.22767380209300 0.05463213438025 0.97220366679702
  outer loop
   vertex 66.10520935058594 -11.04834008216859 1.54894316196441
   vertex 65.95451354980469 -11.02447152137758 1.51231145858765
   vertex 65.94878398983718 -11.04834010984185 1.51231096612944
  endloop
 endfacet
 facet normal -0.22767380209300 0.05463213438036 0.97220366679702
  outer loop
   vertex 65.94878398983718 -11.04834010984185 1.51231096612944
   vertex 66.09389495849609 -11.09549164772035 1.54894316196442
   vertex 66.10520935058594 -11.04834008216859 1.54894316196441
  endloop
 endfacet
 facet normal -0.07846154085170 0.00616439853300 0.99689808245272
  outer loop
   vertex 65.80000305175781 -11.00000023841859 1.49999928474426
   vertex 65.95451354980469 -11.02447152137758 1.51231145858765
   vertex 65.95643615722656 -11.00000023841859 1.51231145858765
  endloop
 endfacet
 facet normal 0.00000000000000 0.99691718957667 0.07846092738780
  outer loop
   vertex 3.50000143051145 -11.98768830299379 2.34356522560120
   vertex 3.50000143051145 -12.00000023841859 2.49999952316284
   vertex 65.80000305175781 -12.00000023841859 2.49999952316284
  endloop
 endfacet
 facet normal 0.00000000000000 0.99691718957667 0.07846092738780
  outer loop
   vertex 65.80000305175781 -12.00000023841859 2.49999952316284
   vertex 65.80000305175781 -11.98768830299379 2.34356522560120
   vertex 3.50000143051145 -11.98768830299379 2.34356522560120
  endloop
 endfacet
 facet normal 0.07629958435228 0.96953433015353 0.23276931945903
  outer loop
   vertex 3.34549331665037 -11.97552895545961 2.34356522560120
   vertex 3.50000143051146 -11.98768830299379 2.34356522560120
   vertex 3.50000143051146 -11.95105576515199 2.19098281860352
  endloop
 endfacet
 facet normal 0.07629958435227 0.96953433015353 0.23276931945902
  outer loop
   vertex 3.50000143051146 -11.95105576515199 2.19098281860352
   vertex 3.35122283869211 -11.93934737702731 2.19098307842597
   vertex 3.34549331665037 -11.97552895545961 2.34356522560120
  endloop
 endfacet
 facet normal 0.21577505214141 0.89875164332768 0.38168915427238
  outer loop
   vertex 3.35122275352476 -11.93934845924379 2.19098281860352
   vertex 3.36061787605284 -11.88003563880921 2.04600954055786
   vertex 3.22466725387007 -11.84739633270819 2.04600986174794
  endloop
 endfacet
 facet normal 0.21577505214140 0.89875164332768 0.38168915427239
  outer loop
   vertex 3.22466725387007 -11.84739633270819 2.04600986174794
   vertex 3.20610785484312 -11.90450882911683 2.19098281860351
   vertex 3.35122275352476 -11.93934845924379 2.19098281860352
  endloop
 endfacet
 facet normal 0.32656234042044 0.78840265306590 0.52132359860050
  outer loop
   vertex 3.09549283981321 -11.79389214515687 2.04600954055786
   vertex 3.22466707229612 -11.84739708900453 2.04600954055786
   vertex 3.25000286102293 -11.76942086219789 1.91221475601196
  endloop
 endfacet
 facet normal 0.32656234042046 0.78840265306588 0.52132359860052
  outer loop
   vertex 3.25000286102293 -11.76942086219789 1.91221475601196
   vertex 3.13271548349332 -11.72083931283823 1.91221440709747
   vertex 3.09549283981321 -11.79389214515687 2.04600954055786
  endloop
 endfacet
 facet normal 0.39782823053767 0.64920497133117 0.64827895553239
  outer loop
   vertex 3.02447366714476 -11.65450882911683 1.91221475601196
   vertex 3.13271570205687 -11.72083878517152 1.91221475601196
   vertex 3.17898011207579 -11.63003754615785 1.79289281368256
  endloop
 endfacet
 facet normal 0.39782823053766 0.64920497133119 0.64827895553237
  outer loop
   vertex 3.17898011207579 -11.63003754615785 1.79289281368256
   vertex 3.08437549799388 -11.57206314323723 1.79289144950883
   vertex 3.02447366714476 -11.65450882911683 1.91221475601196
  endloop
 endfacet
 facet normal -0.07629854244941 0.96953605125357 0.23276249212390
  outer loop
   vertex 65.80000305175781 -11.98768830299379 2.34356522560120
   vertex 65.95451354980469 -11.97552895545961 2.34356522560120
   vertex 65.94878387451172 -11.93934845924379 2.19098281860352
  endloop
 endfacet
 facet normal -0.07629854244939 0.96953605125357 0.23276249212391
  outer loop
   vertex 65.94878387451172 -11.93934845924379 2.19098281860352
   vertex 65.80000313605088 -11.95105683627553 2.19098256145229
   vertex 65.80000305175781 -11.98768830299379 2.34356522560120
  endloop
 endfacet
 facet normal -0.21578049865830 0.89875070283172 0.38168828978405
  outer loop
   vertex 65.94878387451172 -11.93934845924378 2.19098281860352
   vertex 66.09389495849609 -11.90450882911683 2.19098281860352
   vertex 66.07533264160156 -11.84739708900453 2.04600954055786
  endloop
 endfacet
 facet normal -0.21578049865831 0.89875070283172 0.38168828978404
  outer loop
   vertex 66.07533264160156 -11.84739708900453 2.04600954055786
   vertex 65.93938468631625 -11.88003657957145 2.04600914102779
   vertex 65.94878387451172 -11.93934845924378 2.19098281860352
  endloop
 endfacet
 facet normal -0.32654681556595 0.78840591489550 0.52132839036593
  outer loop
   vertex 66.20451354980469 -11.79389214515687 2.04600954055786
   vertex 66.16728973388672 -11.72083878517152 1.91221475601196
   vertex 66.05000213601345 -11.76941865124910 1.91221621798777
  endloop
 endfacet
 facet normal -0.32654681556593 0.78840591489552 0.52132839036591
  outer loop
   vertex 66.05000213601345 -11.76941865124910 1.91221621798777
   vertex 66.07533264160156 -11.84739708900453 2.04600954055786
   vertex 66.20451354980469 -11.79389214515687 2.04600954055786
  endloop
 endfacet
 facet normal -0.39783735891503 0.64919698768441 0.64828134866970
  outer loop
   vertex 66.27552795410156 -11.65450882911683 1.91221475601196
   vertex 66.21562957763672 -11.57206177711488 1.79289281368255
   vertex 66.12102488919285 -11.63003722590378 1.79289313348493
  endloop
 endfacet
 facet normal -0.39783735891505 0.64919698768437 0.64828134866973
  outer loop
   vertex 66.12102488919285 -11.63003722590378 1.79289313348493
   vertex 66.16728973388672 -11.72083878517152 1.91221475601196
   vertex 66.27552795410156 -11.65450882911683 1.91221475601196
  endloop
 endfacet
 facet normal -0.42253301076299 0.49472407464365 0.75941684520660
  outer loop
   vertex 66.21562957763672 -11.57206177711488 1.79289281368255
   vertex 66.30000305175781 -11.50000023841859 1.79289281368255
   vertex 66.21562957763672 -11.41562676429750 1.69098281860351
  endloop
 endfacet
 facet normal -0.42253301076300 0.49472407464365 0.75941684520660
  outer loop
   vertex 66.21562957763672 -11.41562676429750 1.69098281860351
   vertex 66.14549261784872 -11.47552903055551 1.69098270332896
   vertex 66.21562957763672 -11.57206177711488 1.79289281368255
  endloop
 endfacet
 facet normal -0.39821887313205 0.34009587696383 0.85191344839347
  outer loop
   vertex 66.27552795410156 -11.34549164772035 1.69098281860351
   vertex 66.16728973388672 -11.26684975624086 1.60899293422699
   vertex 66.12102544553369 -11.32101876494021 1.60899216389482
  endloop
 endfacet
 facet normal -0.39821887313204 0.34009587696385 0.85191344839346
  outer loop
   vertex 66.12102544553369 -11.32101876494021 1.60899216389482
   vertex 66.21562957763672 -11.41562676429750 1.69098281860351
   vertex 66.27552795410156 -11.34549164772035 1.69098281860351
  endloop
 endfacet
 facet normal -0.32713592306656 0.20047052075760 0.92346827674077
  outer loop
   vertex 66.20451354980469 -11.20610642433168 1.60899293422699
   vertex 66.07533264160156 -11.14028954505922 1.54894316196442
   vertex 66.05000228152625 -11.18163466937095 1.54894533624237
  endloop
 endfacet
 facet normal -0.32713592306655 0.20047052075761 0.92346827674077
  outer loop
   vertex 66.05000228152625 -11.18163466937095 1.54894533624237
   vertex 66.16728973388672 -11.26684975624085 1.60899293422699
   vertex 66.20451354980469 -11.20610642433168 1.60899293422699
  endloop
 endfacet
 facet normal -0.21630001142273 0.08962539750352 0.97220450172835
  outer loop
   vertex 66.07533264160156 -11.14028954505922 1.54894316196442
   vertex 66.09389495849609 -11.09549164772035 1.54894316196442
   vertex 65.94878387451172 -11.04834008216859 1.51231145858765
  endloop
 endfacet
 facet normal -0.21630001142273 0.08962539750351 0.97220450172835
  outer loop
   vertex 65.94878387451172 -11.04834008216859 1.51231145858765
   vertex 65.93938453918810 -11.07102039738736 1.51231110467972
   vertex 66.07533264160156 -11.14028954505922 1.54894316196442
  endloop
 endfacet
 facet normal -0.07652831815822 0.01837071022434 0.99689815604490
  outer loop
   vertex 65.80000305175781 -11.00000023841859 1.49999928474426
   vertex 65.94878387451172 -11.04834008216859 1.51231145858765
   vertex 65.95451354980469 -11.02447152137758 1.51231145858765
  endloop
 endfacet
 facet normal 0.00000000000000 0.97236884570305 0.23344984023579
  outer loop
   vertex 3.50000143051145 -11.95105576515199 2.19098281860352
   vertex 3.50000143051145 -11.98768830299379 2.34356522560120
   vertex 65.80000305175781 -11.98768830299379 2.34356522560120
  endloop
 endfacet
 facet normal 0.00000000000000 0.97236884570305 0.23344984023579
  outer loop
   vertex 65.80000305175781 -11.98768830299379 2.34356522560120
   vertex 65.80000305175781 -11.95105576515199 2.19098281860352
   vertex 3.50000143051145 -11.95105576515199 2.19098281860352
  endloop
 endfacet
 facet normal 0.07250832234121 0.92144959335958 0.38167157359269
  outer loop
   vertex 3.35122275352476 -11.93934845924379 2.19098281860352
   vertex 3.50000143051146 -11.95105576515199 2.19098281860352
   vertex 3.50000143051146 -11.89100670814515 2.04600954055786
  endloop
 endfacet
 facet normal 0.07250832234121 0.92144959335959 0.38167157359269
  outer loop
   vertex 3.50000143051146 -11.89100670814515 2.04600954055786
   vertex 3.36061767160238 -11.88003823700457 2.04600846436518
   vertex 3.35122275352476 -11.93934845924379 2.19098281860352
  endloop
 endfacet
 facet normal 0.19921140652488 0.82978413552784 0.52131862036253
  outer loop
   vertex 3.22466707229612 -11.84739708900453 2.04600954055786
   vertex 3.36061787605284 -11.88003563880921 2.04600954055786
   vertex 3.37344408035276 -11.79905724525453 1.91221475601196
  endloop
 endfacet
 facet normal 0.19921140652489 0.82978413552783 0.52131862036254
  outer loop
   vertex 3.37344408035276 -11.79905724525453 1.91221475601196
   vertex 3.25000268142011 -11.76942161030552 1.91221428600726
   vertex 3.22466707229612 -11.84739708900453 2.04600954055786
  endloop
 endfacet
 facet normal 0.29137594145505 0.70344164877466 0.64828227456129
  outer loop
   vertex 3.13271570205687 -11.72083878517152 1.91221475601196
   vertex 3.25000286102293 -11.76942086219789 1.91221475601196
   vertex 3.28149271011351 -11.67249894142152 1.79289281368256
  endloop
 endfacet
 facet normal 0.29137594145507 0.70344164877465 0.64828227456130
  outer loop
   vertex 3.28149271011351 -11.67249894142152 1.79289281368256
   vertex 3.17898028424129 -11.63003713051479 1.79289319673355
   vertex 3.13271570205687 -11.72083878517152 1.91221475601196
  endloop
 endfacet
 facet normal 0.33994791230320 0.55472065303895 0.75942110453472
  outer loop
   vertex 3.17898011207579 -11.63003754615785 1.79289281368256
   vertex 3.23315334320066 -11.52372002601625 1.69098281860352
   vertex 3.15450966411287 -11.47552759292862 1.69098468392939
  endloop
 endfacet
 facet normal 0.33994791230321 0.55472065303895 0.75942110453472
  outer loop
   vertex 3.15450966411287 -11.47552759292862 1.69098468392939
   vertex 3.08437633514402 -11.57206177711488 1.79289281368256
   vertex 3.17898011207579 -11.63003754615785 1.79289281368256
  endloop
 endfacet
 facet normal -0.07250668631707 0.92144209180138 0.38168999449293
  outer loop
   vertex 65.80000305175781 -11.95105576515199 2.19098281860352
   vertex 65.94878387451172 -11.93934845924379 2.19098281860352
   vertex 65.93938446044922 -11.88003563880921 2.04600954055786
  endloop
 endfacet
 facet normal -0.07250668631708 0.92144209180139 0.38168999449292
  outer loop
   vertex 65.93938446044922 -11.88003563880921 2.04600954055786
   vertex 65.80000282546446 -11.89100383232458 2.04601073181225
   vertex 65.80000305175781 -11.95105576515199 2.19098281860352
  endloop
 endfacet
 facet normal -0.19921528020793 0.82978426321295 0.52131693685878
  outer loop
   vertex 66.07533264160156 -11.84739708900453 2.04600954055786
   vertex 66.05000305175781 -11.76942086219789 1.91221475601196
   vertex 65.92655945776174 -11.79905728490601 1.91221473110068
  endloop
 endfacet
 facet normal -0.19921528020792 0.82978426321295 0.52131693685878
  outer loop
   vertex 65.92655945776174 -11.79905728490601 1.91221473110068
   vertex 65.93938446044922 -11.88003563880921 2.04600954055786
   vertex 66.07533264160156 -11.84739708900453 2.04600954055786
  endloop
 endfacet
 facet normal -0.29137776414247 0.70344318922109 0.64827978381390
  outer loop
   vertex 66.05000305175781 -11.76942086219788 1.91221475601196
   vertex 66.16728973388672 -11.72083878517152 1.91221475601196
   vertex 66.12102508544920 -11.63003754615785 1.79289281368256
  endloop
 endfacet
 facet normal -0.29137776414252 0.70344318922109 0.64827978381388
  outer loop
   vertex 66.12102508544920 -11.63003754615785 1.79289281368256
   vertex 66.01850942231364 -11.67250017551249 1.79289167636792
   vertex 66.05000305175781 -11.76942086219788 1.91221475601196
  endloop
 endfacet
 facet normal -0.33994841702075 0.55472567062218 0.75941721347219
  outer loop
   vertex 66.12102508544920 -11.63003754615785 1.79289281368256
   vertex 66.21562957763672 -11.57206177711488 1.79289281368255
   vertex 66.14549255371094 -11.47552895545961 1.69098281860351
  endloop
 endfacet
 facet normal -0.33994841702080 0.55472567062217 0.75941721347217
  outer loop
   vertex 66.14549255371094 -11.47552895545961 1.69098281860351
   vertex 66.06684943851486 -11.52372114156269 1.69098129142492
   vertex 66.12102508544920 -11.63003754615785 1.79289281368256
  endloop
 endfacet
 facet normal -0.34009872383084 0.39820767600805 0.85191754578533
  outer loop
   vertex 66.14549255371094 -11.47552895545961 1.69098281860351
   vertex 66.21562957763672 -11.41562676429750 1.69098281860351
   vertex 66.12102508544922 -11.32101845741273 1.60899293422699
  endloop
 endfacet
 facet normal -0.34009872383091 0.39820767600803 0.85191754578531
  outer loop
   vertex 66.12102508544922 -11.32101845741273 1.60899293422699
   vertex 66.06684930013964 -11.36728565161775 1.60899156840639
   vertex 66.14549255371094 -11.47552895545961 1.69098281860351
  endloop
 endfacet
 facet normal -0.29175852647958 0.24918643726364 0.92346255024788
  outer loop
   vertex 66.12102508544922 -11.32101845741273 1.60899293422699
   vertex 66.16728973388672 -11.26684975624086 1.60899293422699
   vertex 66.05000305175781 -11.18163514137269 1.54894316196442
  endloop
 endfacet
 facet normal -0.29175852647961 0.24918643726362 0.92346255024787
  outer loop
   vertex 66.05000305175781 -11.18163514137269 1.54894316196442
   vertex 66.01850904724023 -11.21850812138945 1.54894273116262
   vertex 66.12102508544922 -11.32101845741273 1.60899293422699
  endloop
 endfacet
 facet normal -0.19964460509590 0.12230845392220 0.97220505746230
  outer loop
   vertex 66.07533264160156 -11.14028954505922 1.54894316196442
   vertex 65.93938446044922 -11.07102036476136 1.51231145858765
   vertex 65.92655956996603 -11.09194977588100 1.51231086583166
  endloop
 endfacet
 facet normal -0.19964460509586 0.12230845392231 0.97220505746229
  outer loop
   vertex 65.92655956996603 -11.09194977588100 1.51231086583166
   vertex 66.05000305175781 -11.18163514137269 1.54894316196442
   vertex 66.07533264160156 -11.14028954505922 1.54894316196442
  endloop
 endfacet
 facet normal -0.07270698153067 0.03013203304879 0.99689806671547
  outer loop
   vertex 65.93938446044922 -11.07102036476136 1.51231145858765
   vertex 65.94878387451172 -11.04834008216859 1.51231145858765
   vertex 65.80000305175781 -11.00000023841859 1.49999928474426
  endloop
 endfacet
 facet normal -0.00000000000000 0.92388142723723 0.38267885806000
  outer loop
   vertex 3.50000143051145 -11.89100670814515 2.04600954055786
   vertex 3.50000143051145 -11.95105576515199 2.19098281860352
   vertex 65.80000305175781 -11.95105576515199 2.19098281860352
  endloop
 endfacet
 facet normal -0.00000000000000 0.92388142723723 0.38267885806000
  outer loop
   vertex 65.80000305175781 -11.95105576515199 2.19098281860352
   vertex 65.80000305175781 -11.89100670814515 2.04600954055786
   vertex 3.50000143051145 -11.89100670814515 2.04600954055786
  endloop
 endfacet
 facet normal 0.06696147132820 0.85072180292667 0.52133345891354
  outer loop
   vertex 3.50000143051146 -11.89100670814515 2.04600954055786
   vertex 3.50000143051146 -11.80901551246644 1.91221475601196
   vertex 3.37344426458637 -11.79905490463175 1.91221619037625
  endloop
 endfacet
 facet normal 0.06696147132820 0.85072180292668 0.52133345891353
  outer loop
   vertex 3.37344426458637 -11.79905490463175 1.91221619037625
   vertex 3.36061787605284 -11.88003563880921 2.04600954055786
   vertex 3.50000143051146 -11.89100670814515 2.04600954055786
  endloop
 endfacet
 facet normal 0.17774841254762 0.74035622825122 0.64828863720292
  outer loop
   vertex 3.25000286102293 -11.76942086219789 1.91221475601196
   vertex 3.37344408035276 -11.79905724525453 1.91221475601196
   vertex 3.38938450813292 -11.69840073585511 1.79289281368256
  endloop
 endfacet
 facet normal 0.17774841254764 0.74035622825121 0.64828863720293
  outer loop
   vertex 3.38938450813292 -11.69840073585511 1.79289281368256
   vertex 3.28149289514837 -11.67249817071582 1.79289348854653
   vertex 3.25000286102293 -11.76942086219789 1.91221475601196
  endloop
 endfacet
 facet normal 0.24897233614428 0.60108248584815 0.75941597365440
  outer loop
   vertex 3.17898011207579 -11.63003754615785 1.79289281368256
   vertex 3.28149271011351 -11.67249894142152 1.79289281368256
   vertex 3.31836557388304 -11.55901741981507 1.69098281860352
  endloop
 endfacet
 facet normal 0.24897233614427 0.60108248584816 0.75941597365440
  outer loop
   vertex 3.31836557388304 -11.55901741981507 1.69098281860352
   vertex 3.23315305512287 -11.52372072150926 1.69098193990797
   vertex 3.17898011207579 -11.63003754615785 1.79289281368256
  endloop
 endfacet
 facet normal -0.06696323282855 0.85073108521892 0.52131808532928
  outer loop
   vertex 65.80000305175781 -11.89100670814515 2.04600954055786
   vertex 65.93938446044922 -11.88003563880921 2.04600954055786
   vertex 65.92655944824219 -11.79905724525453 1.91221475601196
  endloop
 endfacet
 facet normal -0.06696323282855 0.85073108521892 0.52131808532928
  outer loop
   vertex 65.92655944824219 -11.79905724525453 1.91221475601196
   vertex 65.80000324045831 -11.80901790980251 1.91221328695239
   vertex 65.80000305175781 -11.89100670814515 2.04600954055786
  endloop
 endfacet
 facet normal -0.17774546103568 0.74035823389311 0.64828715596400
  outer loop
   vertex 66.05000305175781 -11.76942086219789 1.91221475601196
   vertex 66.01850891113281 -11.67249894142152 1.79289281368256
   vertex 65.91062161914557 -11.69840063621831 1.79289290092851
  endloop
 endfacet
 facet normal -0.17774546103571 0.74035823389308 0.64828715596402
  outer loop
   vertex 65.91062161914557 -11.69840063621831 1.79289290092851
   vertex 65.92655944824219 -11.79905724525453 1.91221475601196
   vertex 66.05000305175781 -11.76942086219789 1.91221475601196
  endloop
 endfacet
 facet normal -0.24896148379614 0.60107725411346 0.75942367238153
  outer loop
   vertex 66.01850891113281 -11.67249894142152 1.79289281368256
   vertex 66.12102508544920 -11.63003754615785 1.79289281368256
   vertex 66.06684875488281 -11.52372002601625 1.69098281860352
  endloop
 endfacet
 facet normal -0.24896148379614 0.60107725411346 0.75942367238153
  outer loop
   vertex 66.06684875488281 -11.52372002601625 1.69098281860352
   vertex 65.98163560460031 -11.55901635083548 1.69098416919266
   vertex 66.01850891113281 -11.67249894142152 1.79289281368256
  endloop
 endfacet
 facet normal -0.27360781571164 0.44650508420087 0.85192251582188
  outer loop
   vertex 66.14549255371094 -11.47552895545960 1.69098281860351
   vertex 66.06684875488281 -11.36728501319886 1.60899293422699
   vertex 66.00611050524390 -11.40450778505645 1.60899492627272
  endloop
 endfacet
 facet normal -0.27360781571160 0.44650508420093 0.85192251582186
  outer loop
   vertex 66.00611050524390 -11.40450778505645 1.60899492627272
   vertex 66.06684875488281 -11.52372002601625 1.69098281860352
   vertex 66.14549255371094 -11.47552895545960 1.69098281860351
  endloop
 endfacet
 facet normal -0.24917205408386 0.29177074758614 0.92346257006803
  outer loop
   vertex 66.06684875488281 -11.36728501319886 1.60899293422699
   vertex 66.12102508544920 -11.32101845741273 1.60899293422699
   vertex 66.01850891113281 -11.21850800514222 1.54894316196442
  endloop
 endfacet
 facet normal -0.24917205408377 0.29177074758618 0.92346257006804
  outer loop
   vertex 66.01850891113281 -11.21850800514222 1.54894316196442
   vertex 65.98163584173632 -11.24999999763746 1.54894392404340
   vertex 66.06684875488281 -11.36728501319886 1.60899293422699
  endloop
 endfacet
 facet normal -0.17802652906857 0.15205742023500 0.97220630315755
  outer loop
   vertex 66.05000305175781 -11.18163514137269 1.54894316196442
   vertex 65.92655944824219 -11.09194970130921 1.51231145858765
   vertex 65.91062149222171 -11.11061488618926 1.51231228235344
  endloop
 endfacet
 facet normal -0.17802652906863 0.15205742023488 0.97220630315756
  outer loop
   vertex 65.91062149222171 -11.11061488618926 1.51231228235344
   vertex 66.01850891113281 -11.21850800514222 1.54894316196442
   vertex 66.05000305175781 -11.18163514137269 1.54894316196442
  endloop
 endfacet
 facet normal -0.06710727892928 0.04112178470065 0.99689799475059
  outer loop
   vertex 65.92655944824219 -11.09194970130921 1.51231145858765
   vertex 65.93938446044922 -11.07102036476136 1.51231145858765
   vertex 65.80000305175781 -11.00000023841859 1.49999928474426
  endloop
 endfacet
 facet normal 0.00000000000000 0.85263549048334 0.52250619170324
  outer loop
   vertex 3.50000143051145 -11.80901551246644 1.91221475601196
   vertex 3.50000143051145 -11.89100670814515 2.04600954055786
   vertex 65.80000305175781 -11.89100670814515 2.04600954055786
  endloop
 endfacet
 facet normal 0.00000000000000 0.85263549048334 0.52250619170324
  outer loop
   vertex 65.80000305175781 -11.89100670814515 2.04600954055786
   vertex 65.80000305175781 -11.80901551246644 1.91221475601196
   vertex 3.50000143051145 -11.80901551246644 1.91221475601196
  endloop
 endfacet
 facet normal 0.05972657089526 0.75905138772807 0.64828522080731
  outer loop
   vertex 3.37344408035276 -11.79905724525453 1.91221475601196
   vertex 3.50000143051146 -11.80901551246644 1.91221475601196
   vertex 3.50000143051146 -11.70710587501527 1.79289281368256
  endloop
 endfacet
 facet normal 0.05972657089527 0.75905138772807 0.64828522080731
  outer loop
   vertex 3.50000143051146 -11.70710587501527 1.79289281368256
   vertex 3.38938445566293 -11.69840140268421 1.79289224416190
   vertex 3.37344408035276 -11.79905724525453 1.91221475601196
  endloop
 endfacet
 facet normal 0.15187613705419 0.63262757895131 0.75941818871008
  outer loop
   vertex 3.38938450813292 -11.69840073585511 1.79289281368256
   vertex 3.40805196762083 -11.58054757118226 1.69098281860352
   vertex 3.31836567343683 -11.55901700513191 1.69098331639708
  endloop
 endfacet
 facet normal 0.15187613705419 0.63262757895132 0.75941818871008
  outer loop
   vertex 3.31836567343683 -11.55901700513191 1.69098331639708
   vertex 3.28149271011351 -11.67249894142152 1.79289281368256
   vertex 3.38938450813292 -11.69840073585511 1.79289281368256
  endloop
 endfacet
 facet normal 0.20040631015768 0.48380537182681 0.85192116597752
  outer loop
   vertex 3.31836557388304 -11.55901741981507 1.69098281860352
   vertex 3.35971260070799 -11.43177056312562 1.60899293422699
   vertex 3.29389449759223 -11.40450833019455 1.60899381276716
  endloop
 endfacet
 facet normal 0.20040631015768 0.48380537182681 0.85192116597753
  outer loop
   vertex 3.29389449759223 -11.40450833019455 1.60899381276716
   vertex 3.23315334320066 -11.52372002601625 1.69098281860352
   vertex 3.31836557388304 -11.55901741981507 1.69098281860352
  endloop
 endfacet
 facet normal -0.05972678279001 0.75904836078957 0.64828874539069
  outer loop
   vertex 65.92655944824219 -11.79905724525453 1.91221475601196
   vertex 65.91062164306641 -11.69840073585511 1.79289281368256
   vertex 65.80000300821493 -11.70710532164295 1.79289328630731
  endloop
 endfacet
 facet normal -0.05972678279001 0.75904836078957 0.64828874539068
  outer loop
   vertex 65.80000300821493 -11.70710532164295 1.79289328630731
   vertex 65.80000305175781 -11.80901551246644 1.91221475601196
   vertex 65.92655944824219 -11.79905724525453 1.91221475601196
  endloop
 endfacet
 facet normal -0.15188284266458 0.63262894789984 0.75941570722712
  outer loop
   vertex 65.91062164306641 -11.69840073585511 1.79289281368256
   vertex 66.01850891113281 -11.67249894142152 1.79289281368256
   vertex 65.98163604736327 -11.55901741981507 1.69098281860352
  endloop
 endfacet
 facet normal -0.15188284266460 0.63262894789985 0.75941570722711
  outer loop
   vertex 65.98163604736327 -11.55901741981507 1.69098281860352
   vertex 65.89195263507351 -11.58054807278198 1.69098221647694
   vertex 65.91062164306641 -11.69840073585511 1.79289281368256
  endloop
 endfacet
 facet normal -0.20040891595845 0.48381436989954 0.85191544291853
  outer loop
   vertex 65.98163604736327 -11.55901741981507 1.69098281860351
   vertex 66.06684875488281 -11.52372002601625 1.69098281860352
   vertex 66.00611114501953 -11.40450882911683 1.60899293422699
  endloop
 endfacet
 facet normal -0.20040891595852 0.48381436989954 0.85191544291851
  outer loop
   vertex 66.00611114501953 -11.40450882911683 1.60899293422699
   vertex 65.94029256943196 -11.43177107258922 1.60899203714759
   vertex 65.98163604736327 -11.55901741981507 1.69098281860351
  endloop
 endfacet
 facet normal -0.20049404799620 0.32714349581835 0.92346048635653
  outer loop
   vertex 66.00611114501953 -11.40450882911683 1.60899293422699
   vertex 66.06684875488281 -11.36728501319886 1.60899293422699
   vertex 65.98163604736327 -11.25000023841859 1.54894316196442
  endloop
 endfacet
 facet normal -0.20049404799626 0.32714349581834 0.92346048635653
  outer loop
   vertex 65.98163604736327 -11.25000023841859 1.54894316196442
   vertex 65.94029253504581 -11.27533583854143 1.54894234833992
   vertex 66.00611114501953 -11.40450882911683 1.60899293422699
  endloop
 endfacet
 facet normal -0.15205525337663 0.17803477428852 0.97220513219413
  outer loop
   vertex 65.98163604736327 -11.25000023841859 1.54894316196442
   vertex 66.01850891113281 -11.21850800514222 1.54894316196442
   vertex 65.91062164306641 -11.11061501502992 1.51231145858765
  endloop
 endfacet
 facet normal -0.15205525337672 0.17803477428847 0.97220513219412
  outer loop
   vertex 65.91062164306641 -11.11061501502992 1.51231145858765
   vertex 65.89195255065233 -11.12655858440696 1.51231122838732
   vertex 65.98163604736327 -11.25000023841859 1.54894316196442
  endloop
 endfacet
 facet normal -0.05985277844855 0.05110666428740 0.99689806589109
  outer loop
   vertex 65.91062164306641 -11.11061501502992 1.51231145858765
   vertex 65.92655944824219 -11.09194970130921 1.51231145858765
   vertex 65.80000305175781 -11.00000023841859 1.49999928474426
  endloop
 endfacet
 facet normal 0.00000000000000 0.76040888880053 0.64944462568655
  outer loop
   vertex 3.50000143051145 -11.70710587501527 1.79289281368256
   vertex 3.50000143051145 -11.80901551246644 1.91221475601196
   vertex 65.80000305175781 -11.80901551246644 1.91221475601196
  endloop
 endfacet
 facet normal 0.00000000000000 0.76040888880054 0.64944462568654
  outer loop
   vertex 65.80000305175781 -11.80901551246644 1.91221475601196
   vertex 65.80000305175781 -11.70710587501527 1.79289281368256
   vertex 3.50000143051145 -11.70710587501527 1.79289281368256
  endloop
 endfacet
 facet normal 0.05104285202123 0.64860573692562 0.75941110426745
  outer loop
   vertex 3.38938450813292 -11.69840073585511 1.79289281368256
   vertex 3.50000143051146 -11.70710587501527 1.79289281368256
   vertex 3.50000143051146 -11.58778595924379 1.69098281860352
  endloop
 endfacet
 facet normal 0.05104285202124 0.64860573692561 0.75941110426746
  outer loop
   vertex 3.50000143051146 -11.58778595924379 1.69098281860352
   vertex 3.40805189119973 -11.58054854227155 1.69098168161698
   vertex 3.38938450813292 -11.69840073585511 1.79289281368256
  endloop
 endfacet
 facet normal 0.12224052004598 0.50920735412314 0.85191849713796
  outer loop
   vertex 3.40805196762083 -11.58054757118226 1.69098281860352
   vertex 3.42898249626158 -11.44840073585511 1.60899293422699
   vertex 3.35971252513912 -11.43177087791669 1.60899240757251
  endloop
 endfacet
 facet normal 0.12224052004599 0.50920735412314 0.85191849713796
  outer loop
   vertex 3.35971252513912 -11.43177087791669 1.60899240757251
   vertex 3.31836557388304 -11.55901741981507 1.69098281860352
   vertex 3.40805196762083 -11.58054757118226 1.69098281860352
  endloop
 endfacet
 facet normal -0.05104148753808 0.64859818388644 0.75941764689077
  outer loop
   vertex 65.91062164306641 -11.69840073585511 1.79289281368256
   vertex 65.89195251464844 -11.58054757118226 1.69098281860352
   vertex 65.80000297172543 -11.58778494225046 1.69098400936029
  endloop
 endfacet
 facet normal -0.05104148753807 0.64859818388645 0.75941764689076
  outer loop
   vertex 65.80000297172543 -11.58778494225046 1.69098400936029
   vertex 65.80000305175781 -11.70710587501527 1.79289281368256
   vertex 65.91062164306641 -11.69840073585511 1.79289281368256
  endloop
 endfacet
 facet normal -0.12224388965926 0.50920514633045 0.85191933326551
  outer loop
   vertex 65.89195251464844 -11.58054757118226 1.69098281860352
   vertex 65.98163604736327 -11.55901741981507 1.69098281860352
   vertex 65.94029235839844 -11.43177056312562 1.60899293422699
  endloop
 endfacet
 facet normal -0.12224388965922 0.50920514633045 0.85191933326552
  outer loop
   vertex 65.94029235839844 -11.43177056312562 1.60899293422699
   vertex 65.87101748832464 -11.44840087027511 1.60899270933729
   vertex 65.89195251464844 -11.58054757118226 1.69098281860352
  endloop
 endfacet
 facet normal -0.14682512381219 0.35448410918008 0.92346272223428
  outer loop
   vertex 65.94029235839844 -11.43177056312562 1.60899293422699
   vertex 66.00611114501953 -11.40450882911683 1.60899293422699
   vertex 65.94029235839844 -11.27533555030824 1.54894316196442
  endloop
 endfacet
 facet normal -0.14682512381218 0.35448410918008 0.92346272223428
  outer loop
   vertex 65.94029235839844 -11.27533555030824 1.54894316196442
   vertex 65.89549251243483 -11.29389204550276 1.54894342157226
   vertex 65.94029235839844 -11.43177056312562 1.60899293422699
  endloop
 endfacet
 facet normal -0.12233155555402 0.19962800558521 0.97220555948925
  outer loop
   vertex 65.94029235839844 -11.27533555030824 1.54894316196442
   vertex 65.98163604736327 -11.25000023841859 1.54894316196442
   vertex 65.89195251464844 -11.12655854225160 1.51231145858765
  endloop
 endfacet
 facet normal -0.12233155555391 0.19962800558524 0.97220555948926
  outer loop
   vertex 65.89195251464844 -11.12655854225160 1.51231145858765
   vertex 65.87101755228984 -11.13938371150097 1.51231069377794
   vertex 65.94029235839844 -11.27533555030824 1.54894316196442
  endloop
 endfacet
 facet normal -0.05111106633400 0.05984868013841 0.99689808625751
  outer loop
   vertex 65.89195251464844 -11.12655854225160 1.51231145858765
   vertex 65.91062164306641 -11.11061501502992 1.51231145858765
   vertex 65.80000305175781 -11.00000023841859 1.49999928474426
  endloop
 endfacet
 facet normal 0.00000000000000 0.64945232139011 0.76040231604131
  outer loop
   vertex 3.50000143051145 -11.58778595924379 1.69098281860352
   vertex 3.50000143051145 -11.70710587501527 1.79289281368256
   vertex 65.80000305175781 -11.70710587501527 1.79289281368256
  endloop
 endfacet
 facet normal 0.00000000000000 0.64945232139010 0.76040231604132
  outer loop
   vertex 65.80000305175781 -11.70710587501527 1.79289281368256
   vertex 65.80000305175781 -11.58778595924379 1.69098281860352
   vertex 3.50000143051145 -11.58778595924379 1.69098281860352
  endloop
 endfacet
 facet normal 0.04109717697622 0.52205868449773 0.85191886467262
  outer loop
   vertex 3.40805196762083 -11.58054757118226 1.69098281860351
   vertex 3.50000143051146 -11.58778595924379 1.69098281860351
   vertex 3.50000143051146 -11.45399117469789 1.60899293422699
  endloop
 endfacet
 facet normal 0.04109717697621 0.52205868449774 0.85191886467261
  outer loop
   vertex 3.50000143051146 -11.45399117469789 1.60899293422699
   vertex 3.42898250203826 -11.44840066247376 1.60899305397399
   vertex 3.40805196762083 -11.58054757118226 1.69098281860351
  endloop
 endfacet
 facet normal 0.08957095430729 0.37309117291955 0.92346089296407
  outer loop
   vertex 3.35971260070799 -11.43177056312562 1.60899293422699
   vertex 3.42898249626158 -11.44840073585511 1.60899293422699
   vertex 3.45166015624998 -11.30521225929261 1.54894316196442
  endloop
 endfacet
 facet normal 0.08957095430728 0.37309117291956 0.92346089296407
  outer loop
   vertex 3.45166015624998 -11.30521225929261 1.54894316196442
   vertex 3.40450929807144 -11.29389217799004 1.54894308069702
   vertex 3.35971260070799 -11.43177056312562 1.60899293422699
  endloop
 endfacet
 facet normal -0.04109715750112 0.52205843710527 0.85191901721498
  outer loop
   vertex 65.89195251464844 -11.58054757118226 1.69098281860352
   vertex 65.87101745605469 -11.44840073585511 1.60899293422699
   vertex 65.80000304988350 -11.45399115088850 1.60899297308025
  endloop
 endfacet
 facet normal -0.04109715750114 0.52205843710526 0.85191901721498
  outer loop
   vertex 65.80000304988350 -11.45399115088850 1.60899297308025
   vertex 65.80000305175781 -11.58778595924379 1.69098281860352
   vertex 65.89195251464844 -11.58054757118226 1.69098281860352
  endloop
 endfacet
 facet normal -0.08956442843541 0.37309095547352 0.92346161376794
  outer loop
   vertex 65.94029235839844 -11.43177056312562 1.60899293422699
   vertex 65.89549255371094 -11.29389214515687 1.54894316196442
   vertex 65.84834285072461 -11.30521207274300 1.54894362370546
  endloop
 endfacet
 facet normal -0.08956442843539 0.37309095547353 0.92346161376794
  outer loop
   vertex 65.84834285072461 -11.30521207274300 1.54894362370546
   vertex 65.87101745605469 -11.44840073585511 1.60899293422699
   vertex 65.94029235839844 -11.43177056312562 1.60899293422699
  endloop
 endfacet
 facet normal -0.08959533961846 0.21630335460536 0.97220652842136
  outer loop
   vertex 65.94029235839844 -11.27533555030824 1.54894316196442
   vertex 65.87101745605469 -11.13938355445863 1.51231145858765
   vertex 65.84834286395750 -11.14877717030565 1.51231180094281
  endloop
 endfacet
 facet normal -0.08959533961835 0.21630335460544 0.97220652842136
  outer loop
   vertex 65.84834286395750 -11.14877717030565 1.51231180094281
   vertex 65.89549255371094 -11.29389214515687 1.54894316196442
   vertex 65.94029235839844 -11.27533555030824 1.54894316196442
  endloop
 endfacet
 facet normal -0.04111357838235 0.06711223026843 0.99689799990821
  outer loop
   vertex 65.87101745605469 -11.13938355445863 1.51231145858765
   vertex 65.89195251464844 -11.12655854225160 1.51231145858765
   vertex 65.80000305175781 -11.00000023841859 1.49999928474426
  endloop
 endfacet
 facet normal 0.00000000000000 0.52250011655804 0.85263921338209
  outer loop
   vertex 3.50000143051145 -11.45399117469789 1.60899293422699
   vertex 3.50000143051145 -11.58778595924379 1.69098281860352
   vertex 65.80000305175781 -11.58778595924379 1.69098281860352
  endloop
 endfacet
 facet normal 0.00000000000000 0.52250011655804 0.85263921338209
  outer loop
   vertex 65.80000305175781 -11.58778595924379 1.69098281860352
   vertex 65.80000305175781 -11.45399117469789 1.60899293422699
   vertex 3.50000143051145 -11.45399117469789 1.60899293422699
  endloop
 endfacet
 facet normal 0.03011011792225 0.38250816172334 0.92346136194956
  outer loop
   vertex 3.42898249626158 -11.44840073585511 1.60899293422699
   vertex 3.50000143051146 -11.45399117469789 1.60899293422699
   vertex 3.50000143051146 -11.30901741981507 1.54894316196442
  endloop
 endfacet
 facet normal 0.03011011792223 0.38250816172335 0.92346136194956
  outer loop
   vertex 3.50000143051146 -11.30901741981507 1.54894316196442
   vertex 3.45166015795156 -11.30521223767630 1.54894321415108
   vertex 3.42898249626158 -11.44840073585511 1.60899293422699
  endloop
 endfacet
 facet normal -0.03011208609927 0.38250876480667 0.92346104796944
  outer loop
   vertex 65.87101745605469 -11.44840073585511 1.60899293422699
   vertex 65.84834289550781 -11.30521225929261 1.54894316196442
   vertex 65.80000305495828 -11.30901746047028 1.54894306381372
  endloop
 endfacet
 facet normal -0.03011208609927 0.38250876480667 0.92346104796944
  outer loop
   vertex 65.80000305495828 -11.30901746047028 1.54894306381372
   vertex 65.80000305175781 -11.45399117469789 1.60899293422699
   vertex 65.87101745605469 -11.44840073585511 1.60899293422699
  endloop
 endfacet
 facet normal -0.05465883744391 0.22765724108094 0.97220604404246
  outer loop
   vertex 65.89549255154917 -11.29389213615294 1.54894320041555
   vertex 65.84834289550781 -11.14877724647523 1.51231145858765
   vertex 65.82447052001953 -11.15450882911683 1.51231145858765
  endloop
 endfacet
 facet normal -0.05465883744392 0.22765724108094 0.97220604404246
  outer loop
   vertex 65.82447052001953 -11.15450882911683 1.51231145858765
   vertex 65.84834289550781 -11.30521225929261 1.54894316196442
   vertex 65.89549255154917 -11.29389213615294 1.54894320041555
  endloop
 endfacet
 facet normal -0.03012324200920 0.07271169563558 0.99689798856686
  outer loop
   vertex 65.84834289550781 -11.14877724647523 1.51231145858765
   vertex 65.87101745605469 -11.13938355445863 1.51231145858765
   vertex 65.80000305175781 -11.00000023841859 1.49999928474426
  endloop
 endfacet
 facet normal 0.00000000000000 0.38268167433670 0.92388026070853
  outer loop
   vertex 3.50000143051145 -11.30901741981507 1.54894316196442
   vertex 3.50000143051145 -11.45399117469789 1.60899293422699
   vertex 65.80000305175781 -11.45399117469789 1.60899293422699
  endloop
 endfacet
 facet normal 0.00000000000000 0.38268167433670 0.92388026070853
  outer loop
   vertex 65.80000305175781 -11.45399117469789 1.60899293422699
   vertex 65.80000305175781 -11.30901741981507 1.54894316196442
   vertex 3.50000143051145 -11.30901741981507 1.54894316196442
  endloop
 endfacet
 facet normal 0.01835609375036 0.23340801072064 0.97220561320827
  outer loop
   vertex 3.50000144515936 -11.30901723355883 1.54894393777056
   vertex 3.50000143051146 -11.15643334388734 1.51231145858765
   vertex 3.47553014755247 -11.15450882911683 1.51231145858765
  endloop
 endfacet
 facet normal 0.01835609375037 0.23340801072065 0.97220561320827
  outer loop
   vertex 3.47553014755247 -11.15450882911683 1.51231145858765
   vertex 3.45166015624998 -11.30521225929261 1.54894316196442
   vertex 3.50000144515936 -11.30901723355883 1.54894393777056
  endloop
 endfacet
 facet normal -0.00000000000000 0.23344239798973 0.97237063243436
  outer loop
   vertex 3.50000143051145 -11.30901741981507 1.54894316196442
   vertex 65.80000305175781 -11.30901741981507 1.54894316196442
   vertex 65.80000305175781 -11.15643334388734 1.51231145858765
  endloop
 endfacet
 facet normal 0.00000000000000 0.23344239798973 0.97237063243436
  outer loop
   vertex 65.80000305175781 -11.15643334388734 1.51231145858765
   vertex 3.50000143051145 -11.15643334388734 1.51231145858765
   vertex 3.50000143051145 -11.30901741981507 1.54894316196442
  endloop
 endfacet
 facet normal -0.01835856585722 0.23340305531869 0.97220675621370
  outer loop
   vertex 65.80000305175781 -11.30901741981507 1.54894316196442
   vertex 65.84834290809971 -11.30521241938071 1.54894249514053
   vertex 65.82447052001953 -11.15450882911683 1.51231145858765
  endloop
 endfacet
 facet normal -0.01835856585725 0.23340305531869 0.97220675621370
  outer loop
   vertex 65.82447052001953 -11.15450882911683 1.51231145858765
   vertex 65.80000305175781 -11.15643334388734 1.51231145858765
   vertex 65.80000305175781 -11.30901741981507 1.54894316196442
  endloop
 endfacet
 facet normal -0.00000000000000 0.07846303165598 0.99691702396105
  outer loop
   vertex 3.50000143051145 -11.15643334388734 1.51231145858765
   vertex 65.80000305175781 -11.15643334388734 1.51231145858765
   vertex 65.80000305175781 -11.00000023841859 1.49999928474426
  endloop
 endfacet
 facet normal 0.00000000000000 0.07846303165598 0.99691702396105
  outer loop
   vertex 65.80000305175781 -11.00000023841859 1.49999928474426
   vertex 3.50000143051145 -11.00000023841859 1.49999928474426
   vertex 3.50000143051145 -11.15643334388734 1.51231145858765
  endloop
 endfacet
 facet normal -0.01837409373501 0.07652917044508 0.99689802826087
  outer loop
   vertex 65.82447052001953 -11.15450882911683 1.51231145858765
   vertex 65.84834289550781 -11.14877724647523 1.51231145858765
   vertex 65.80000305175781 -11.00000023841859 1.49999928474426
  endloop
 endfacet
 facet normal -0.00617147577669 0.07846153742656 0.99689803893447
  outer loop
   vertex 65.80000305175781 -11.00000023841859 1.49999928474426
   vertex 65.80000305175781 -11.15643334388734 1.51231145858765
   vertex 65.82447052001953 -11.15450882911683 1.51231145858765
  endloop
 endfacet
 facet normal 0.00617506279378 -0.07846106030610 0.99689805427392
  outer loop
   vertex 3.50000143051146 11.00000023841859 1.49999928474426
   vertex 3.50000143051146 11.15643429756165 1.51231145858765
   vertex 3.47553014755247 11.15450835227968 1.51231145858765
  endloop
 endfacet
 facet normal 0.05465318128225 -0.22765829846540 0.97220611441997
  outer loop
   vertex 3.45166015624998 11.30521225929261 1.54894316196442
   vertex 3.40450930534623 11.29389286294413 1.54894315115365
   vertex 3.45166015624998 11.14877796173097 1.51231145858765
  endloop
 endfacet
 facet normal 0.05465318128224 -0.22765829846540 0.97220611441997
  outer loop
   vertex 3.45166015624998 11.14877796173097 1.51231145858765
   vertex 3.47553014755247 11.15450835227968 1.51231145858765
   vertex 3.45166015624998 11.30521225929261 1.54894316196442
  endloop
 endfacet
 facet normal 0.14684177627001 -0.35448463594858 0.92345987222958
  outer loop
   vertex 3.29389443947864 11.40450847049737 1.60899386845840
   vertex 3.35971260070799 11.27533626556398 1.54894316196442
   vertex 3.40450930595396 11.29389286041261 1.54894316196442
  endloop
 endfacet
 facet normal 0.14684177627003 -0.35448463594857 0.92345987222958
  outer loop
   vertex 3.40450930595396 11.29389286041261 1.54894316196442
   vertex 3.35971260070799 11.43177056312562 1.60899293422699
   vertex 3.29389443947864 11.40450847049737 1.60899386845840
  endloop
 endfacet
 facet normal 0.27362435318107 -0.44650236645337 0.85191862880077
  outer loop
   vertex 3.15450912872991 11.47552822813001 1.69098375143710
   vertex 3.23315334320066 11.36728572845460 1.60899293422699
   vertex 3.29389429092405 11.40450882911683 1.60899293422699
  endloop
 endfacet
 facet normal 0.27362435318108 -0.44650236645335 0.85191862880077
  outer loop
   vertex 3.29389429092405 11.40450882911683 1.60899293422699
   vertex 3.23315334320067 11.52372097969056 1.69098281860352
   vertex 3.15450912872991 11.47552822813001 1.69098375143710
  endloop
 endfacet
 facet normal 0.42255200302857 -0.49472082960475 0.75940839177068
  outer loop
   vertex 3.00000334493199 11.49999911358386 1.79289454033096
   vertex 3.08437633514402 11.41562700271608 1.69098281860352
   vertex 3.15450882911680 11.47552871704103 1.69098281860352
  endloop
 endfacet
 facet normal 0.42255200302857 -0.49472082960474 0.75940839177069
  outer loop
   vertex 3.15450882911680 11.47552871704103 1.69098281860352
   vertex 3.08437633514402 11.57206130027772 1.79289281368256
   vertex 3.00000334493199 11.49999911358386 1.79289454033096
  endloop
 endfacet
 facet normal 0.57896796802598 -0.49448854672778 0.64828787521819
  outer loop
   vertex 2.92794036865232 11.57206130027772 1.91221475601196
   vertex 2.84549249252306 11.47552840276670 1.91221516803412
   vertex 2.92794036865232 11.41562700271608 1.79289281368256
  endloop
 endfacet
 facet normal 0.57896796802597 -0.49448854672778 0.64828787521820
  outer loop
   vertex 2.92794036865232 11.41562700271608 1.79289281368256
   vertex 3.00000238418577 11.50000023841859 1.79289281368256
   vertex 2.92794036865232 11.57206130027772 1.91221475601196
  endloop
 endfacet
 facet normal 0.72761950699065 -0.44586816350366 0.52131701854108
  outer loop
   vertex 2.70611178729132 11.40450802647526 2.04601047902072
   vertex 2.77916336059568 11.36728572845460 1.91221475601196
   vertex 2.84549212455747 11.47552871704103 1.91221475601196
  endloop
 endfacet
 facet normal 0.72761950699064 -0.44586816350367 0.52131701854107
  outer loop
   vertex 2.84549212455747 11.47552871704103 1.91221475601196
   vertex 2.77916336059568 11.52372097969056 2.04600954055786
   vertex 2.70611178729132 11.40450802647526 2.04601047902072
  endloop
 endfacet
 facet normal 0.85393168427763 -0.35372024806052 0.38168398538421
  outer loop
   vertex 2.65260410308836 11.43177056312562 2.19098281860352
   vertex 2.59549164772032 11.29389286041261 2.19098281860352
   vertex 2.65260410308836 11.27533626556398 2.04600954055786
  endloop
 endfacet
 facet normal 0.85393168427762 -0.35372024806053 0.38168398538422
  outer loop
   vertex 2.65260410308836 11.27533626556398 2.04600954055786
   vertex 2.70611061650723 11.40450877151475 2.04600960271374
   vertex 2.65260410308836 11.43177056312562 2.19098281860352
  endloop
 endfacet
 facet normal 0.94566408739955 -0.22702891840013 0.23276018562640
  outer loop
   vertex 2.56065273284910 11.30521225929261 2.34356522560120
   vertex 2.52447271347044 11.15450835227968 2.34356522560120
   vertex 2.56065273284910 11.14877796173097 2.19098281860352
  endloop
 endfacet
 facet normal 0.94566408739955 -0.22702891840013 0.23276018562640
  outer loop
   vertex 2.56065273284910 11.14877796173097 2.19098281860352
   vertex 2.59549104992232 11.29389300392808 2.19098267146504
   vertex 2.56065273284910 11.30521225929261 2.34356522560120
  endloop
 endfacet
 facet normal 0.99386270637839 -0.07822064791441 0.07822052869979
  outer loop
   vertex 2.50000143051146 11.00000023841859 2.49999952316284
   vertex 2.51231336593626 11.00000023841859 2.34356522560120
   vertex 2.52447371004255 11.15450827384579 2.34356530403496
  endloop
 endfacet
 facet normal 0.99386270637839 -0.07822064791441 0.07822052869979
  outer loop
   vertex 2.52447371004255 11.15450827384579 2.34356530403496
   vertex 2.51231336593626 11.15643429756165 2.49999952316284
   vertex 2.50000143051146 11.00000023841859 2.49999952316284
  endloop
 endfacet
 facet normal 0.01837213004036 -0.07652926629426 0.99689805709423
  outer loop
   vertex 3.47553014755247 11.15450835227968 1.51231145858765
   vertex 3.45166015624998 11.14877796173097 1.51231145858765
   vertex 3.50000143051146 11.00000023841859 1.49999928474426
  endloop
 endfacet
 facet normal 0.08959480969027 -0.21630513003982 0.97220618224481
  outer loop
   vertex 3.40450930595396 11.29389286041261 1.54894316196442
   vertex 3.35971257074923 11.27533633789221 1.54894283687756
   vertex 3.42898249626158 11.13938474655153 1.51231145858765
  endloop
 endfacet
 facet normal 0.08959480969026 -0.21630513003982 0.97220618224481
  outer loop
   vertex 3.42898249626158 11.13938474655153 1.51231145858765
   vertex 3.45166015624998 11.14877796173097 1.51231145858765
   vertex 3.40450930595396 11.29389286041261 1.54894316196442
  endloop
 endfacet
 facet normal 0.20046539605385 -0.32715484792220 0.92346268493425
  outer loop
   vertex 3.29389429092405 11.40450882911683 1.60899293422699
   vertex 3.23315309067555 11.36728614056969 1.60899177094632
   vertex 3.31836557388304 11.25000071525575 1.54894316196442
  endloop
 endfacet
 facet normal 0.20046539605386 -0.32715484792219 0.92346268493425
  outer loop
   vertex 3.31836557388304 11.25000071525575 1.54894316196442
   vertex 3.35971260070799 11.27533626556398 1.54894316196442
   vertex 3.29389429092405 11.40450882911683 1.60899293422699
  endloop
 endfacet
 facet normal 0.34008526830130 -0.39820789356650 0.85192281562696
  outer loop
   vertex 3.15450882911680 11.47552871704103 1.69098281860351
   vertex 3.08437555041326 11.41562792156207 1.69098085283167
   vertex 3.17898011207579 11.32101964950563 1.60899293422699
  endloop
 endfacet
 facet normal 0.34008526830131 -0.39820789356649 0.85192281562696
  outer loop
   vertex 3.17898011207579 11.32101964950563 1.60899293422699
   vertex 3.23315334320066 11.36728572845460 1.60899293422699
   vertex 3.15450882911680 11.47552871704103 1.69098281860351
  endloop
 endfacet
 facet normal 0.49471697642064 -0.42253963832125 0.75941778178323
  outer loop
   vertex 3.00000238418577 11.50000023841859 1.79289281368256
   vertex 2.92794000550125 11.41562731288478 1.79289225622567
   vertex 3.02447366714476 11.34549188613892 1.69098281860352
  endloop
 endfacet
 facet normal 0.49471697642065 -0.42253963832125 0.75941778178323
  outer loop
   vertex 3.02447366714476 11.34549188613892 1.69098281860352
   vertex 3.08437633514402 11.41562700271608 1.69098281860352
   vertex 3.00000238418577 11.50000023841859 1.79289281368256
  endloop
 endfacet
 facet normal 0.64918970232268 -0.39783262172820 0.64829155130008
  outer loop
   vertex 2.84549212455747 11.47552871704102 1.91221475601196
   vertex 2.77916164582519 11.36728677929018 1.91221304361385
   vertex 2.86996364593504 11.32101964950563 1.79289281368256
  endloop
 endfacet
 facet normal 0.64918970232268 -0.39783262172820 0.64829155130008
  outer loop
   vertex 2.86996364593504 11.32101964950563 1.79289281368256
   vertex 2.92794036865232 11.41562700271608 1.79289281368256
   vertex 2.84549212455747 11.47552871704102 1.91221475601196
  endloop
 endfacet
 facet normal 0.78839895727198 -0.32656768258941 0.52132584135129
  outer loop
   vertex 2.70611047744749 11.40450882911683 2.04600954055786
   vertex 2.65260472199617 11.27533600920229 2.04600994980832
   vertex 2.73058199882505 11.25000071525575 1.91221475601196
  endloop
 endfacet
 facet normal 0.78839895727198 -0.32656768258941 0.52132584135129
  outer loop
   vertex 2.73058199882505 11.25000071525575 1.91221475601196
   vertex 2.77916336059568 11.36728572845460 1.91221475601196
   vertex 2.70611047744749 11.40450882911683 2.04600954055786
  endloop
 endfacet
 facet normal 0.89875864503217 -0.21577230324737 0.38167422120345
  outer loop
   vertex 2.59549164772032 11.29389286041261 2.19098281860352
   vertex 2.56065273284910 11.14877796173097 2.19098281860352
   vertex 2.61996316909788 11.13938474655153 2.04600954055786
  endloop
 endfacet
 facet normal 0.89875864503217 -0.21577230324736 0.38167422120345
  outer loop
   vertex 2.61996316909788 11.13938474655153 2.04600954055786
   vertex 2.65260253096304 11.27533664299689 2.04600887292622
   vertex 2.59549164772032 11.29389286041261 2.19098281860352
  endloop
 endfacet
 facet normal 0.96953672334534 -0.07629977268964 0.23275928933618
  outer loop
   vertex 2.51231336593626 11.00000023841859 2.34356522560120
   vertex 2.54894423484800 11.00000023841859 2.19098281860352
   vertex 2.56065262395339 11.14877797030075 2.19098279246063
  endloop
 endfacet
 facet normal 0.96953672334534 -0.07629977268964 0.23275928933618
  outer loop
   vertex 2.56065262395339 11.14877797030075 2.19098279246063
   vertex 2.52447271347044 11.15450835227968 2.34356522560120
   vertex 2.51231336593626 11.00000023841859 2.34356522560120
  endloop
 endfacet
 facet normal 0.99691718957667 -0.00000000000000 0.07846092738780
  outer loop
   vertex 2.51231336593626 11.00000023841859 2.34356522560120
   vertex 2.50000143051146 11.00000023841859 2.49999952316284
   vertex 2.50000143051146 6.50000023841858 2.49999952316284
  endloop
 endfacet
 facet normal 0.99691718957667 -0.00000000000000 0.07846092738780
  outer loop
   vertex 2.50000143051146 6.50000023841858 2.49999952316284
   vertex 2.51231336593626 6.50000023841858 2.34356522560120
   vertex 2.51231336593626 11.00000023841859 2.34356522560120
  endloop
 endfacet
 facet normal 0.97237125994644 -0.00000000000000 0.23343978416323
  outer loop
   vertex 2.54894423484800 11.00000023841859 2.19098281860352
   vertex 2.51231336593626 11.00000023841859 2.34356522560120
   vertex 2.51231336593626 6.50000023841858 2.34356522560120
  endloop
 endfacet
 facet normal 0.97237125994644 -0.00000000000000 0.23343978416323
  outer loop
   vertex 2.51231336593626 6.50000023841858 2.34356522560120
   vertex 2.54894423484800 6.50000023841858 2.19098281860352
   vertex 2.54894423484800 11.00000023841859 2.19098281860352
  endloop
 endfacet
 facet normal 0.92387551819517 0.00000000000000 0.38269312363773
  outer loop
   vertex 2.60899591445921 11.00000023841859 2.04600954055786
   vertex 2.54894423484800 11.00000023841859 2.19098281860352
   vertex 2.54894423484800 6.50000023841858 2.19098281860352
  endloop
 endfacet
 facet normal 0.92387551819517 0.00000000000000 0.38269312363773
  outer loop
   vertex 2.54894423484800 6.50000023841858 2.19098281860352
   vertex 2.60899591445921 6.50000023841858 2.04600954055786
   vertex 2.60899591445921 11.00000023841859 2.04600954055786
  endloop
 endfacet
 facet normal 0.92144320649336 -0.07251566767628 0.38168559725080
  outer loop
   vertex 2.54894423484800 11.00000023841859 2.19098281860352
   vertex 2.60899591445921 11.00000023841859 2.04600954055786
   vertex 2.61996488149900 11.13938461178911 2.04601024987867
  endloop
 endfacet
 facet normal 0.92144320649336 -0.07251566767628 0.38168559725080
  outer loop
   vertex 2.61996488149900 11.13938461178911 2.04601024987867
   vertex 2.56065273284910 11.14877796173097 2.19098281860352
   vertex 2.54894423484800 11.00000023841859 2.19098281860352
  endloop
 endfacet
 facet normal 0.82977622616701 -0.19922301142296 0.52132677488079
  outer loop
   vertex 2.65260410308836 11.27533626556398 2.04600954055786
   vertex 2.61996316909788 11.13938474655153 2.04600954055786
   vertex 2.70094347000120 11.12655854225160 1.91221475601196
  endloop
 endfacet
 facet normal 0.82977622616701 -0.19922301142295 0.52132677488079
  outer loop
   vertex 2.70094347000120 11.12655854225160 1.91221475601196
   vertex 2.73058131413178 11.25000087964544 1.91221432583703
   vertex 2.65260410308836 11.27533626556398 2.04600954055786
  endloop
 endfacet
 facet normal 0.70344702732418 -0.29137184395073 0.64827827998594
  outer loop
   vertex 2.73058260657330 11.25000046352289 1.91221531609676
   vertex 2.82750272750853 11.21850800514222 1.79289281368256
   vertex 2.86996364593504 11.32101964950563 1.79289281368256
  endloop
 endfacet
 facet normal 0.70344702732418 -0.29137184395073 0.64827827998594
  outer loop
   vertex 2.86996364593504 11.32101964950563 1.79289281368256
   vertex 2.77916336059568 11.36728572845460 1.91221475601196
   vertex 2.73058260657330 11.25000046352289 1.91221531609676
  endloop
 endfacet
 facet normal 0.85263955182690 0.00000000000000 0.52249956426817
  outer loop
   vertex 2.69098567962644 11.00000023841859 1.91221475601196
   vertex 2.60899591445921 11.00000023841859 2.04600954055786
   vertex 2.60899591445921 6.50000023841858 2.04600954055786
  endloop
 endfacet
 facet normal 0.85263955182690 0.00000000000000 0.52249956426817
  outer loop
   vertex 2.60899591445921 6.50000023841858 2.04600954055786
   vertex 2.69098567962644 6.50000023841858 1.91221475601196
   vertex 2.69098567962644 11.00000023841859 1.91221475601196
  endloop
 endfacet
 facet normal 0.85072718917875 -0.06693815429521 0.52132766384642
  outer loop
   vertex 2.60899591445921 11.00000023841859 2.04600954055786
   vertex 2.69098567962644 11.00000023841859 1.91221475601196
   vertex 2.70094365397382 11.12655852777600 1.91221486875083
  endloop
 endfacet
 facet normal 0.85072718917875 -0.06693815429521 0.52132766384643
  outer loop
   vertex 2.70094365397382 11.12655852777600 1.91221486875083
   vertex 2.61996316909788 11.13938474655153 2.04600954055786
   vertex 2.60899591445921 11.00000023841859 2.04600954055786
  endloop
 endfacet
 facet normal 0.74036441207463 -0.17774072876286 0.64828139775273
  outer loop
   vertex 2.70094540248380 11.12655807831673 1.91221644814155
   vertex 2.80160093307493 11.11061620712281 1.79289281368256
   vertex 2.82750272750853 11.21850800514222 1.79289281368256
  endloop
 endfacet
 facet normal 0.74036441207463 -0.17774072876286 0.64828139775273
  outer loop
   vertex 2.82750272750853 11.21850800514222 1.79289281368256
   vertex 2.73058199882505 11.25000071525575 1.91221475601196
   vertex 2.70094540248380 11.12655807831673 1.91221644814155
  endloop
 endfacet
 facet normal 0.75904264332109 -0.05974088366705 0.64829414037057
  outer loop
   vertex 2.70094347000120 11.12655854225160 1.91221475601196
   vertex 2.69098392063720 11.00000037686084 1.91221325366893
   vertex 2.79289484024046 11.00000023841859 1.79289281368256
  endloop
 endfacet
 facet normal 0.75904264332109 -0.05974088366705 0.64829414037057
  outer loop
   vertex 2.79289484024046 11.00000023841859 1.79289281368256
   vertex 2.80160093307493 11.11061620712281 1.79289281368256
   vertex 2.70094347000120 11.12655854225160 1.91221475601196
  endloop
 endfacet
 facet normal 0.76041038947518 0.00000000000000 0.64944286860216
  outer loop
   vertex 2.69098567962644 11.00000023841859 1.91221475601196
   vertex 2.69098567962644 6.50000023841858 1.91221475601196
   vertex 2.79289484024046 6.50000023841858 1.79289281368256
  endloop
 endfacet
 facet normal 0.76041038947518 -0.00000000000000 0.64944286860216
  outer loop
   vertex 2.79289484024046 6.50000023841858 1.79289281368256
   vertex 2.79289484024046 11.00000023841859 1.79289281368256
   vertex 2.69098567962644 11.00000023841859 1.91221475601196
  endloop
 endfacet
 facet normal 0.55472737101072 -0.33994922184899 0.75941561112200
  outer loop
   vertex 2.92794036865232 11.41562700271608 1.79289281368256
   vertex 2.86996341232142 11.32101979266922 1.79289249386811
   vertex 2.97627973556517 11.26684927940370 1.69098281860352
  endloop
 endfacet
 facet normal 0.55472737101072 -0.33994922184899 0.75941561112200
  outer loop
   vertex 2.97627973556517 11.26684927940370 1.69098281860352
   vertex 3.02447366714476 11.34549188613892 1.69098281860352
   vertex 2.92794036865232 11.41562700271608 1.79289281368256
  endloop
 endfacet
 facet normal 0.39821530138193 -0.34009728831972 0.85191455453166
  outer loop
   vertex 3.02447422306408 11.34549141135392 1.69098400789926
   vertex 3.13271570205687 11.26684927940370 1.60899293422699
   vertex 3.17898011207579 11.32101964950563 1.60899293422699
  endloop
 endfacet
 facet normal 0.39821530138193 -0.34009728831972 0.85191455453166
  outer loop
   vertex 3.17898011207579 11.32101964950563 1.60899293422699
   vertex 3.08437633514402 11.41562700271608 1.69098281860352
   vertex 3.02447422306408 11.34549141135392 1.69098400789926
  endloop
 endfacet
 facet normal 0.60109160047217 -0.24895761660804 0.75941358492896
  outer loop
   vertex 2.82750383757999 11.21850754537745 1.79289421613660
   vertex 2.94098639488218 11.18163585662843 1.69098281860352
   vertex 2.97627973556517 11.26684927940370 1.69098281860352
  endloop
 endfacet
 facet normal 0.60109160047217 -0.24895761660804 0.75941358492896
  outer loop
   vertex 2.97627973556517 11.26684927940370 1.69098281860352
   vertex 2.86996364593504 11.32101964950563 1.79289281368256
   vertex 2.82750383757999 11.21850754537745 1.79289421613660
  endloop
 endfacet
 facet normal 0.63262256024039 -0.15188316293120 0.75942096434909
  outer loop
   vertex 2.82750272750853 11.21850800514222 1.79289281368256
   vertex 2.80160037128831 11.11061634199934 1.79289213929538
   vertex 2.91945409774778 11.09194970130921 1.69098281860352
  endloop
 endfacet
 facet normal 0.63262256024040 -0.15188316293120 0.75942096434909
  outer loop
   vertex 2.91945409774778 11.09194970130921 1.69098281860352
   vertex 2.94098639488218 11.18163585662843 1.69098281860352
   vertex 2.82750272750853 11.21850800514222 1.79289281368256
  endloop
 endfacet
 facet normal 0.64859693517402 -0.05105676017194 0.75941768673347
  outer loop
   vertex 2.80160093307493 11.11061620712281 1.79289281368256
   vertex 2.79289422546426 11.00000028681302 1.79289209386430
   vertex 2.91221594810484 11.00000023841859 1.69098281860352
  endloop
 endfacet
 facet normal 0.64859693517402 -0.05105676017193 0.75941768673347
  outer loop
   vertex 2.91221594810484 11.00000023841859 1.69098281860352
   vertex 2.91945409774778 11.09194970130921 1.69098281860352
   vertex 2.80160093307493 11.11061620712281 1.79289281368256
  endloop
 endfacet
 facet normal 0.44650462907400 -0.27361969113142 0.85191894029927
  outer loop
   vertex 3.02447366714476 11.34549188613892 1.69098281860352
   vertex 2.97628002480144 11.26684910215863 1.69098337045863
   vertex 3.09549283981321 11.20610737800599 1.60899293422699
  endloop
 endfacet
 facet normal 0.44650462907401 -0.27361969113141 0.85191894029927
  outer loop
   vertex 3.09549283981321 11.20610737800599 1.60899293422699
   vertex 3.13271570205687 11.26684927940370 1.60899293422699
   vertex 3.02447366714476 11.34549188613892 1.69098281860352
  endloop
 endfacet
 facet normal 0.29176331282879 -0.24918156379200 0.92346235307853
  outer loop
   vertex 3.13271570205687 11.26684927940370 1.60899293422699
   vertex 3.25000286102293 11.18163585662843 1.54894316196442
   vertex 3.28149279091324 11.21850793613491 1.54894341770429
  endloop
 endfacet
 facet normal 0.29176331282879 -0.24918156379200 0.92346235307853
  outer loop
   vertex 3.28149279091324 11.21850793613491 1.54894341770429
   vertex 3.17898011207579 11.32101964950563 1.60899293422699
   vertex 3.13271570205687 11.26684927940370 1.60899293422699
  endloop
 endfacet
 facet normal 0.64944856967628 0.00000000000000 0.76040552032809
  outer loop
   vertex 2.79289484024046 11.00000023841859 1.79289281368256
   vertex 2.79289484024046 6.50000023841858 1.79289281368256
   vertex 2.91221594810484 6.50000023841858 1.69098281860352
  endloop
 endfacet
 facet normal 0.64944856967628 -0.00000000000000 0.76040552032809
  outer loop
   vertex 2.91221594810484 6.50000023841858 1.69098281860352
   vertex 2.91221594810484 11.00000023841859 1.69098281860352
   vertex 2.79289484024046 11.00000023841859 1.79289281368256
  endloop
 endfacet
 facet normal 0.24919139472072 -0.29176277039843 0.92345987168180
  outer loop
   vertex 3.17898030735485 11.32101942086546 1.60899365789716
   vertex 3.28149271011351 11.21850800514222 1.54894316196442
   vertex 3.31836557388304 11.25000071525575 1.54894316196442
  endloop
 endfacet
 facet normal 0.24919139472073 -0.29176277039842 0.92345987168180
  outer loop
   vertex 3.31836557388304 11.25000071525575 1.54894316196442
   vertex 3.23315334320066 11.36728572845460 1.60899293422699
   vertex 3.17898030735485 11.32101942086546 1.60899365789716
  endloop
 endfacet
 facet normal 0.48380921540810 -0.20039731548649 0.85192109906494
  outer loop
   vertex 2.94098576704170 11.18163611668455 1.69098171306328
   vertex 3.06823110580442 11.14029073715211 1.60899293422699
   vertex 3.09549283981321 11.20610737800599 1.60899293422699
  endloop
 endfacet
 facet normal 0.48380921540809 -0.20039731548649 0.85192109906494
  outer loop
   vertex 3.09549283981321 11.20610737800599 1.60899293422699
   vertex 2.97627973556517 11.26684927940370 1.69098281860352
   vertex 2.94098576704170 11.18163611668455 1.69098171306328
  endloop
 endfacet
 facet normal 0.32715094770328 -0.20047414054596 0.92346216835840
  outer loop
   vertex 3.09549294259796 11.20610731502074 1.60899322436163
   vertex 3.22466707229612 11.14029073715211 1.54894316196442
   vertex 3.25000286102293 11.18163585662843 1.54894316196442
  endloop
 endfacet
 facet normal 0.32715094770328 -0.20047414054595 0.92346216835840
  outer loop
   vertex 3.25000286102293 11.18163585662843 1.54894316196442
   vertex 3.13271570205687 11.26684927940370 1.60899293422699
   vertex 3.09549294259796 11.20610731502074 1.60899322436163
  endloop
 endfacet
 facet normal 0.50921004810207 -0.12224490300960 0.85191625797378
  outer loop
   vertex 2.91945449834397 11.09194960513900 1.69098348880710
   vertex 3.05160140991209 11.07101988792420 1.60899293422699
   vertex 3.06823110580442 11.14029073715211 1.60899293422699
  endloop
 endfacet
 facet normal 0.50921004810208 -0.12224490300961 0.85191625797378
  outer loop
   vertex 3.06823110580442 11.14029073715211 1.60899293422699
   vertex 2.94098639488218 11.18163585662843 1.69098281860352
   vertex 2.91945449834397 11.09194960513900 1.69098348880710
  endloop
 endfacet
 facet normal 0.52205739620512 -0.04110344541456 0.85191935172444
  outer loop
   vertex 2.91945409774778 11.09194970130921 1.69098281860352
   vertex 2.91221557735383 11.00000026760914 1.69098221359349
   vertex 3.04600977897642 11.00000023841859 1.60899293422699
  endloop
 endfacet
 facet normal 0.52205739620512 -0.04110344541456 0.85191935172444
  outer loop
   vertex 3.04600977897642 11.00000023841859 1.60899293422699
   vertex 3.05160140991209 11.07101988792420 1.60899293422699
   vertex 2.91945409774778 11.09194970130921 1.69098281860352
  endloop
 endfacet
 facet normal 0.17804373414808 -0.15204202191011 0.97220556072473
  outer loop
   vertex 3.25000294190956 11.18163578755458 1.54894360364483
   vertex 3.37344408035276 11.09194970130921 1.51231145858765
   vertex 3.38938450813292 11.11061620712281 1.51231145858765
  endloop
 endfacet
 facet normal 0.17804373414809 -0.15204202191010 0.97220556072473
  outer loop
   vertex 3.38938450813292 11.11061620712281 1.51231145858765
   vertex 3.28149271011351 11.21850800514222 1.54894316196442
   vertex 3.25000294190956 11.18163578755458 1.54894360364483
  endloop
 endfacet
 facet normal 0.35447223822746 -0.14684879586348 0.92346351496931
  outer loop
   vertex 3.09549283981321 11.20610737800599 1.60899293422699
   vertex 3.06823055049349 11.14029096720325 1.60899148754279
   vertex 3.20610785484312 11.09549140930177 1.54894316196442
  endloop
 endfacet
 facet normal 0.35447223822746 -0.14684879586348 0.92346351496931
  outer loop
   vertex 3.20610785484312 11.09549140930177 1.54894316196442
   vertex 3.22466707229612 11.14029073715211 1.54894316196442
   vertex 3.09549283981321 11.20610737800599 1.60899293422699
  endloop
 endfacet
 facet normal 0.19962848099671 -0.12232991662493 0.97220566809368
  outer loop
   vertex 3.25000286102293 11.18163585662843 1.54894316196442
   vertex 3.22466707229612 11.14029073715211 1.54894316196442
   vertex 3.36061787605284 11.07101988792420 1.51231145858765
  endloop
 endfacet
 facet normal 0.19962848099670 -0.12232991662494 0.97220566809368
  outer loop
   vertex 3.36061787605284 11.07101988792420 1.51231145858765
   vertex 3.37344405373131 11.09194971762252 1.51231132893918
   vertex 3.25000286102293 11.18163585662843 1.54894316196442
  endloop
 endfacet
 facet normal 0.52250282412824 0.00000000000000 0.85263755416825
  outer loop
   vertex 2.91221594810484 11.00000023841859 1.69098281860352
   vertex 2.91221594810484 6.50000023841858 1.69098281860352
   vertex 3.04600977897642 6.50000023841858 1.60899293422699
  endloop
 endfacet
 facet normal 0.52250282412824 -0.00000000000000 0.85263755416825
  outer loop
   vertex 3.04600977897642 6.50000023841858 1.60899293422699
   vertex 3.04600977897642 11.00000023841859 1.60899293422699
   vertex 2.91221594810484 11.00000023841859 1.69098281860352
  endloop
 endfacet
 facet normal 0.15204576775738 -0.17803591424916 0.97220640696538
  outer loop
   vertex 3.31836557388304 11.25000071525575 1.54894316196442
   vertex 3.28149263856746 11.21850808891809 1.54894270448686
   vertex 3.38938450813292 11.11061620712281 1.51231145858765
  endloop
 endfacet
 facet normal 0.15204576775739 -0.17803591424916 0.97220640696538
  outer loop
   vertex 3.38938450813292 11.11061620712281 1.51231145858765
   vertex 3.40805196762083 11.12655854225160 1.51231145858765
   vertex 3.31836557388304 11.25000071525575 1.54894316196442
  endloop
 endfacet
 facet normal 0.05985019339565 -0.05110960213863 0.99689807047648
  outer loop
   vertex 3.38938450813292 11.11061620712281 1.51231145858765
   vertex 3.37344408035276 11.09194970130921 1.51231145858765
   vertex 3.50000143051146 11.00000023841859 1.49999928474426
  endloop
 endfacet
 facet normal 0.37309798359757 -0.08955506206143 0.92345968265788
  outer loop
   vertex 3.05160176465500 11.07101980277493 1.60899381225580
   vertex 3.19479036331175 11.04834127426148 1.54894316196442
   vertex 3.20610785484312 11.09549140930177 1.54894316196442
  endloop
 endfacet
 facet normal 0.37309798359757 -0.08955506206143 0.92345968265788
  outer loop
   vertex 3.20610785484312 11.09549140930177 1.54894316196442
   vertex 3.06823110580442 11.14029073715211 1.60899293422699
   vertex 3.05160176465500 11.07101980277493 1.60899381225580
  endloop
 endfacet
 facet normal 0.21630143170247 -0.08960770195506 0.97220581688951
  outer loop
   vertex 3.22466707229612 11.14029073715211 1.54894316196442
   vertex 3.20610785927483 11.09549140746584 1.54894318188352
   vertex 3.35122275352476 11.04834127426148 1.51231145858765
  endloop
 endfacet
 facet normal 0.21630143170247 -0.08960770195506 0.97220581688951
  outer loop
   vertex 3.35122275352476 11.04834127426148 1.51231145858765
   vertex 3.36061787605284 11.07101988792420 1.51231145858765
   vertex 3.22466707229612 11.14029073715211 1.54894316196442
  endloop
 endfacet
 facet normal 0.06710548171528 -0.04112356867652 0.99689804214025
  outer loop
   vertex 3.37344408035276 11.09194970130921 1.51231145858765
   vertex 3.36061787605284 11.07101988792420 1.51231145858765
   vertex 3.50000143051146 11.00000023841859 1.49999928474426
  endloop
 endfacet
 facet normal 0.38250493963521 -0.03012582244280 0.92346218437834
  outer loop
   vertex 3.05160140991209 11.07101988792420 1.60899293422699
   vertex 3.04600951164470 11.00000025947345 1.60899228882163
   vertex 3.19098305702208 11.00000023841859 1.54894316196442
  endloop
 endfacet
 facet normal 0.38250493963521 -0.03012582244280 0.92346218437833
  outer loop
   vertex 3.19098305702208 11.00000023841859 1.54894316196442
   vertex 3.19479036331175 11.04834127426148 1.54894316196442
   vertex 3.05160140991209 11.07101988792420 1.60899293422699
  endloop
 endfacet
 facet normal 0.12233149724033 -0.19962748501274 0.97220567371849
  outer loop
   vertex 3.31836561933023 11.25000064109244 1.54894352314707
   vertex 3.40805196762083 11.12655854225160 1.51231145858765
   vertex 3.42898249626158 11.13938474655153 1.51231145858765
  endloop
 endfacet
 facet normal 0.12233149724033 -0.19962748501274 0.97220567371849
  outer loop
   vertex 3.42898249626158 11.13938474655153 1.51231145858765
   vertex 3.35971260070799 11.27533626556398 1.54894316196442
   vertex 3.31836561933023 11.25000064109244 1.54894352314707
  endloop
 endfacet
 facet normal 0.05111152749381 -0.05984834474678 0.99689808274884
  outer loop
   vertex 3.40805196762083 11.12655854225160 1.51231145858765
   vertex 3.38938450813292 11.11061620712281 1.51231145858765
   vertex 3.50000143051146 11.00000023841859 1.49999928474426
  endloop
 endfacet
 facet normal 0.04112238290347 -0.06710583996713 0.99689806693897
  outer loop
   vertex 3.42898249626158 11.13938474655153 1.51231145858765
   vertex 3.40805196762083 11.12655854225160 1.51231145858765
   vertex 3.50000143051146 11.00000023841859 1.49999928474426
  endloop
 endfacet
 facet normal 0.03011803485011 -0.07271275498345 0.99689806863063
  outer loop
   vertex 3.45166015624998 11.14877796173097 1.51231145858765
   vertex 3.42898249626158 11.13938474655153 1.51231145858765
   vertex 3.50000143051146 11.00000023841859 1.49999928474426
  endloop
 endfacet
 facet normal 0.22766114394646 -0.05464531448383 0.97220589030408
  outer loop
   vertex 3.19479036766267 11.04834127321713 1.54894318054464
   vertex 3.34549331665037 11.02447152137757 1.51231145858765
   vertex 3.35122275352476 11.04834127426148 1.51231145858765
  endloop
 endfacet
 facet normal 0.22766114394646 -0.05464531448383 0.97220589030408
  outer loop
   vertex 3.35122275352476 11.04834127426148 1.51231145858765
   vertex 3.20610785484312 11.09549140930177 1.54894316196442
   vertex 3.19479036766267 11.04834127321713 1.54894318054464
  endloop
 endfacet
 facet normal 0.07271099840740 -0.03012215602487 0.99689807223558
  outer loop
   vertex 3.36061787605284 11.07101988792420 1.51231145858765
   vertex 3.35122275352476 11.04834127426148 1.51231145858765
   vertex 3.50000143051146 11.00000023841859 1.49999928474426
  endloop
 endfacet
 facet normal 0.38268274869925 0.00000000000000 0.92387981569465
  outer loop
   vertex 3.04600977897642 11.00000023841859 1.60899293422699
   vertex 3.04600977897642 6.50000023841858 1.60899293422699
   vertex 3.19098305702208 6.50000023841858 1.54894316196442
  endloop
 endfacet
 facet normal 0.38268274869925 -0.00000000000000 0.92387981569465
  outer loop
   vertex 3.19098305702208 6.50000023841858 1.54894316196442
   vertex 3.19098305702208 11.00000023841859 1.54894316196442
   vertex 3.04600977897642 11.00000023841859 1.60899293422699
  endloop
 endfacet
 facet normal 0.23340665130183 -0.01836963103289 0.97220568388782
  outer loop
   vertex 3.19098320724712 11.00000022659554 1.54894378769483
   vertex 3.34356737136839 11.00000023841859 1.51231145858765
   vertex 3.34549331665037 11.02447152137757 1.51231145858765
  endloop
 endfacet
 facet normal 0.23340665130183 -0.01836963103290 0.97220568388782
  outer loop
   vertex 3.34549331665037 11.02447152137757 1.51231145858765
   vertex 3.19479036331175 11.04834127426148 1.54894316196442
   vertex 3.19098320724712 11.00000022659554 1.54894378769483
  endloop
 endfacet
 facet normal 0.07652970615044 -0.01836936153202 0.99689807434533
  outer loop
   vertex 3.50000143051146 11.00000023841859 1.49999928474426
   vertex 3.35122275352476 11.04834127426148 1.51231145858765
   vertex 3.34549331665037 11.02447152137757 1.51231145858765
  endloop
 endfacet
 facet normal 0.23344205310524 0.00000000000000 0.97237071523263
  outer loop
   vertex 3.19098305702208 11.00000023841859 1.54894316196442
   vertex 3.19098305702208 6.50000023841858 1.54894316196442
   vertex 3.34356737136839 6.50000023841858 1.51231145858765
  endloop
 endfacet
 facet normal 0.23344205310524 -0.00000000000000 0.97237071523263
  outer loop
   vertex 3.34356737136839 6.50000023841858 1.51231145858765
   vertex 3.34356737136839 11.00000023841859 1.51231145858765
   vertex 3.19098305702208 11.00000023841859 1.54894316196442
  endloop
 endfacet
 facet normal 0.07846255626394 0.00000000000000 0.99691706137699
  outer loop
   vertex 3.34356737136839 11.00000023841859 1.51231145858765
   vertex 3.34356737136839 6.50000023841858 1.51231145858765
   vertex 3.50000143051146 6.50000023841858 1.49999928474426
  endloop
 endfacet
 facet normal 0.07846255626394 -0.00000000000000 0.99691706137699
  outer loop
   vertex 3.50000143051146 6.50000023841858 1.49999928474426
   vertex 3.50000143051146 11.00000023841859 1.49999928474426
   vertex 3.34356737136839 11.00000023841859 1.51231145858765
  endloop
 endfacet
 facet normal 0.07846106030610 -0.00617506279377 0.99689805427392
  outer loop
   vertex 3.50000143051146 11.00000023841859 1.49999928474426
   vertex 3.34549331665037 11.02447152137757 1.51231145858765
   vertex 3.34356737136839 11.00000023841859 1.51231145858765
  endloop
 endfacet
 facet normal 0.00617051377501 0.07846153789237 0.99689804485279
  outer loop
   vertex 3.50000143051146 -11.00000023841859 1.49999928474426
   vertex 3.47553014755247 -11.15450882911683 1.51231145858765
   vertex 3.50000143051146 -11.15643334388734 1.51231145858765
  endloop
 endfacet
 facet normal 0.05466375520846 0.22765498518963 0.97220629579571
  outer loop
   vertex 3.40450930595396 -11.29389214515687 1.54894316196442
   vertex 3.45166013645500 -11.30521234173161 1.54894280990661
   vertex 3.47553014755247 -11.15450882911683 1.51231145858765
  endloop
 endfacet
 facet normal 0.05466375520843 0.22765498518965 0.97220629579571
  outer loop
   vertex 3.47553014755247 -11.15450882911683 1.51231145858765
   vertex 3.45166015624998 -11.14877724647523 1.51231145858765
   vertex 3.40450930595396 -11.29389214515687 1.54894316196442
  endloop
 endfacet
 facet normal 0.14683891926039 0.35447773896025 0.92346297401253
  outer loop
   vertex 3.29389429092405 -11.40450882911683 1.60899293422699
   vertex 3.35971245215918 -11.43177092173113 1.60899200001062
   vertex 3.40450930595396 -11.29389214515687 1.54894316196442
  endloop
 endfacet
 facet normal 0.14683891926039 0.35447773896026 0.92346297401253
  outer loop
   vertex 3.40450930595396 -11.29389214515687 1.54894316196442
   vertex 3.35971260070799 -11.27533555030824 1.54894316196442
   vertex 3.29389429092405 -11.40450882911683 1.60899293422699
  endloop
 endfacet
 facet normal 0.27360999460156 0.44651270090872 0.85191782396035
  outer loop
   vertex 3.15450882911680 -11.47552895545960 1.69098281860351
   vertex 3.23315334320066 -11.52372002601625 1.69098281860352
   vertex 3.29389429092405 -11.40450882911683 1.60899293422699
  endloop
 endfacet
 facet normal 0.27360999460155 0.44651270090875 0.85191782396034
  outer loop
   vertex 3.29389429092405 -11.40450882911683 1.60899293422699
   vertex 3.23315291193523 -11.36728571699440 1.60899159142988
   vertex 3.15450882911680 -11.47552895545960 1.69098281860351
  endloop
 endfacet
 facet normal 0.42253712524247 0.49473168805769 0.75940959608331
  outer loop
   vertex 3.00000238418577 -11.50000023841859 1.79289281368256
   vertex 3.08437633514402 -11.57206177711488 1.79289281368256
   vertex 3.15450882911680 -11.47552895545961 1.69098281860351
  endloop
 endfacet
 facet normal 0.42253712524248 0.49473168805767 0.75940959608332
  outer loop
   vertex 3.15450882911680 -11.47552895545961 1.69098281860351
   vertex 3.08437551974767 -11.41562771901222 1.69098135312325
   vertex 3.00000238418577 -11.50000023841859 1.79289281368256
  endloop
 endfacet
 facet normal 0.57896447553479 0.49449092632558 0.64828917918657
  outer loop
   vertex 2.92794036865232 -11.57206177711488 1.91221475601196
   vertex 3.00000238418577 -11.50000023841859 1.79289281368256
   vertex 2.92794003844217 -11.41562704632849 1.79289244393332
  endloop
 endfacet
 facet normal 0.57896447553479 0.49449092632558 0.64828917918656
  outer loop
   vertex 2.92794003844217 -11.41562704632849 1.79289244393332
   vertex 2.84549212455747 -11.47552895545960 1.91221475601196
   vertex 2.92794036865232 -11.57206177711488 1.91221475601196
  endloop
 endfacet
 facet normal 0.72761240718246 0.44588248035062 0.52131468292245
  outer loop
   vertex 2.70611047744749 -11.40450882911683 2.04600954055786
   vertex 2.77916336059568 -11.52372002601625 2.04600954055786
   vertex 2.84549212455747 -11.47552895545960 1.91221475601196
  endloop
 endfacet
 facet normal 0.72761240718246 0.44588248035061 0.52131468292246
  outer loop
   vertex 2.84549212455747 -11.47552895545960 1.91221475601196
   vertex 2.77916158096744 -11.36728610375895 1.91221348095628
   vertex 2.70611047744749 -11.40450882911683 2.04600954055786
  endloop
 endfacet
 facet normal 0.85393271711005 0.35371884093065 0.38168297868745
  outer loop
   vertex 2.65260410308836 -11.43177056312562 2.19098281860352
   vertex 2.70611047744749 -11.40450882911683 2.04600954055786
   vertex 2.65260395038795 -11.27533561356031 2.04600947230524
  endloop
 endfacet
 facet normal 0.85393271711005 0.35371884093065 0.38168297868745
  outer loop
   vertex 2.65260395038795 -11.27533561356031 2.04600947230524
   vertex 2.59549164772032 -11.29389214515687 2.19098281860352
   vertex 2.65260410308836 -11.43177056312562 2.19098281860352
  endloop
 endfacet
 facet normal 0.94566277526012 0.22702932172601 0.23276512316917
  outer loop
   vertex 2.52447271347044 -11.15450882911683 2.34356522560120
   vertex 2.56065273284910 -11.30521225929261 2.34356522560120
   vertex 2.59549164772032 -11.29389214515687 2.19098281860352
  endloop
 endfacet
 facet normal 0.94566277526012 0.22702932172601 0.23276512316917
  outer loop
   vertex 2.59549164772032 -11.29389214515687 2.19098281860352
   vertex 2.56065323206839 -11.14877712662551 2.19098294148119
   vertex 2.52447271347044 -11.15450882911683 2.34356522560120
  endloop
 endfacet
 facet normal 0.99386322274027 0.07822116541636 0.07821345002765
  outer loop
   vertex 2.51231336593626 -11.15643334388734 2.49999952316284
   vertex 2.52447271347044 -11.15450882911683 2.34356522560120
   vertex 2.51231225906630 -11.00000032553385 2.34356513849452
  endloop
 endfacet
 facet normal 0.99386322274027 0.07822116541636 0.07821345002765
  outer loop
   vertex 2.51231225906630 -11.00000032553385 2.34356513849452
   vertex 2.50000143051146 -11.00000023841859 2.49999952316284
   vertex 2.51231336593626 -11.15643334388734 2.49999952316284
  endloop
 endfacet
 facet normal 0.01837575725200 0.07652845526445 0.99689805250098
  outer loop
   vertex 3.50000143051146 -11.00000023841859 1.49999928474426
   vertex 3.45166015624998 -11.14877724647523 1.51231145858765
   vertex 3.47553014755247 -11.15450882911683 1.51231145858765
  endloop
 endfacet
 facet normal 0.08959912206139 0.21630456073894 0.97220591148653
  outer loop
   vertex 3.35971260070799 -11.27533555030824 1.54894316196442
   vertex 3.40450931765885 -11.29389211689965 1.54894328896976
   vertex 3.45166015624998 -11.14877724647523 1.51231145858765
  endloop
 endfacet
 facet normal 0.08959912206141 0.21630456073892 0.97220591148654
  outer loop
   vertex 3.45166015624998 -11.14877724647523 1.51231145858765
   vertex 3.42898249626158 -11.13938355445863 1.51231145858765
   vertex 3.35971260070799 -11.27533555030824 1.54894316196442
  endloop
 endfacet
 facet normal 0.20046820488069 0.32716251060398 0.92345936049575
  outer loop
   vertex 3.29389461334050 -11.40450830293577 1.60899441944249
   vertex 3.35971260070799 -11.27533555030824 1.54894316196442
   vertex 3.31836557388304 -11.25000023841859 1.54894316196442
  endloop
 endfacet
 facet normal 0.20046820488070 0.32716251060398 0.92345936049575
  outer loop
   vertex 3.31836557388304 -11.25000023841859 1.54894316196442
   vertex 3.23315334320066 -11.36728501319886 1.60899293422699
   vertex 3.29389461334050 -11.40450830293577 1.60899441944249
  endloop
 endfacet
 facet normal 0.34010551979942 0.39818991350236 0.85192313514010
  outer loop
   vertex 3.15450882911680 -11.47552895545960 1.69098281860351
   vertex 3.23315334320066 -11.36728501319886 1.60899293422699
   vertex 3.17898070354799 -11.32101776492686 1.60899441579323
  endloop
 endfacet
 facet normal 0.34010551979943 0.39818991350236 0.85192313514010
  outer loop
   vertex 3.17898070354799 -11.32101776492686 1.60899441579323
   vertex 3.08437633514402 -11.41562676429750 1.69098281860352
   vertex 3.15450882911680 -11.47552895545960 1.69098281860351
  endloop
 endfacet
 facet normal 0.49472175083746 0.42253382197368 0.75941790770079
  outer loop
   vertex 3.00000238418577 -11.50000023841859 1.79289281368256
   vertex 3.08437633514402 -11.41562676429750 1.69098281860352
   vertex 3.02447401044728 -11.34549135451123 1.69098334558678
  endloop
 endfacet
 facet normal 0.49472175083745 0.42253382197368 0.75941790770079
  outer loop
   vertex 3.02447401044728 -11.34549135451123 1.69098334558678
   vertex 2.92794036865232 -11.41562676429750 1.79289281368256
   vertex 3.00000238418577 -11.50000023841859 1.79289281368256
  endloop
 endfacet
 facet normal 0.64920213723101 0.39781233410882 0.64829154849156
  outer loop
   vertex 2.77916336059568 -11.36728501319886 1.91221475601196
   vertex 2.84549212455747 -11.47552895545960 1.91221475601196
   vertex 2.92794036865232 -11.41562676429750 1.79289281368256
  endloop
 endfacet
 facet normal 0.64920213723101 0.39781233410882 0.64829154849156
  outer loop
   vertex 2.92794036865232 -11.41562676429750 1.79289281368256
   vertex 2.86996511372251 -11.32101755799493 1.79289427941127
   vertex 2.77916336059568 -11.36728501319886 1.91221475601196
  endloop
 endfacet
 facet normal 0.78839665244674 0.32657099686854 0.52132725078885
  outer loop
   vertex 2.70611047744749 -11.40450882911683 2.04600954055786
   vertex 2.77916336059568 -11.36728501319886 1.91221475601196
   vertex 2.73058166547027 -11.25000037650137 1.91221453558113
  endloop
 endfacet
 facet normal 0.78839665244674 0.32657099686854 0.52132725078885
  outer loop
   vertex 2.73058166547027 -11.25000037650137 1.91221453558113
   vertex 2.65260410308836 -11.27533555030824 2.04600954055786
   vertex 2.70611047744749 -11.40450882911683 2.04600954055786
  endloop
 endfacet
 facet normal 0.89875450602771 0.21577130956287 0.38168452924425
  outer loop
   vertex 2.59549164772032 -11.29389214515687 2.19098281860352
   vertex 2.65260410308836 -11.27533555030824 2.04600954055786
   vertex 2.61996464873786 -11.13938319922942 2.04601016893378
  endloop
 endfacet
 facet normal 0.89875450602771 0.21577130956287 0.38168452924425
  outer loop
   vertex 2.61996464873786 -11.13938319922942 2.04601016893378
   vertex 2.56065273284910 -11.14877724647523 2.19098281860352
   vertex 2.59549164772032 -11.29389214515687 2.19098281860352
  endloop
 endfacet
 facet normal 0.96953644211905 0.07629951508523 0.23276054519805
  outer loop
   vertex 2.51231336593626 -11.00000023841859 2.34356522560120
   vertex 2.52447271347044 -11.15450882911683 2.34356522560120
   vertex 2.56065273284910 -11.14877724647523 2.19098281860352
  endloop
 endfacet
 facet normal 0.96953644211905 0.07629951508522 0.23276054519805
  outer loop
   vertex 2.56065273284910 -11.14877724647523 2.19098281860352
   vertex 2.54894443062067 -11.00000022301189 2.19098286560345
   vertex 2.51231336593626 -11.00000023841859 2.34356522560120
  endloop
 endfacet
 facet normal 0.99691718957667 0.00000000000000 0.07846092738780
  outer loop
   vertex 2.50000143051146 -11.00000023841859 2.49999952316284
   vertex 2.51231336593626 -11.00000023841859 2.34356522560120
   vertex 2.51231336593626 -6.50000023841859 2.34356522560120
  endloop
 endfacet
 facet normal 0.99691718957667 0.00000000000000 0.07846092738780
  outer loop
   vertex 2.51231336593626 -6.50000023841859 2.34356522560120
   vertex 2.50000143051146 -6.50000023841858 2.49999952316284
   vertex 2.50000143051146 -11.00000023841859 2.49999952316284
  endloop
 endfacet
 facet normal 0.97237125994644 0.00000000000000 0.23343978416323
  outer loop
   vertex 2.54894423484800 -6.50000023841859 2.19098281860352
   vertex 2.51231336593626 -6.50000023841859 2.34356522560120
   vertex 2.51231336593626 -11.00000023841859 2.34356522560120
  endloop
 endfacet
 facet normal 0.97237125994644 0.00000000000000 0.23343978416323
  outer loop
   vertex 2.51231336593626 -11.00000023841859 2.34356522560120
   vertex 2.54894423484800 -11.00000023841859 2.19098281860352
   vertex 2.54894423484800 -6.50000023841859 2.19098281860352
  endloop
 endfacet
 facet normal 0.92144759973589 0.07251636204109 0.38167485924185
  outer loop
   vertex 2.54894423484800 -11.00000023841859 2.19098281860352
   vertex 2.56065273284910 -11.14877724647523 2.19098281860352
   vertex 2.61996316909788 -11.13938355445863 2.04600954055786
  endloop
 endfacet
 facet normal 0.92144759973589 0.07251636204108 0.38167485924185
  outer loop
   vertex 2.61996316909788 -11.13938355445863 2.04600954055786
   vertex 2.60899423692151 -11.00000037043796 2.04600884570124
   vertex 2.54894423484800 -11.00000023841859 2.19098281860352
  endloop
 endfacet
 facet normal 0.82977388460034 0.19922175047893 0.52133098370553
  outer loop
   vertex 2.65260410308836 -11.27533555030824 2.04600954055786
   vertex 2.73058199882505 -11.25000023841859 1.91221475601196
   vertex 2.70094430508857 -11.12655834175412 1.91221528068131
  endloop
 endfacet
 facet normal 0.82977388460034 0.19922175047892 0.52133098370553
  outer loop
   vertex 2.70094430508857 -11.12655834175412 1.91221528068131
   vertex 2.61996316909788 -11.13938355445863 2.04600954055786
   vertex 2.65260410308836 -11.27533555030824 2.04600954055786
  endloop
 endfacet
 facet normal 0.70344345781906 0.29137832402811 0.64827924071201
  outer loop
   vertex 2.73058199882505 -11.25000023841859 1.91221475601196
   vertex 2.77916336059568 -11.36728501319886 1.91221475601196
   vertex 2.86996364593504 -11.32101845741273 1.79289281368256
  endloop
 endfacet
 facet normal 0.70344345781906 0.29137832402811 0.64827924071201
  outer loop
   vertex 2.86996364593504 -11.32101845741273 1.79289281368256
   vertex 2.82750239794680 -11.21850814165233 1.79289250996514
   vertex 2.73058199882505 -11.25000023841859 1.91221475601196
  endloop
 endfacet
 facet normal 0.55473018174766 0.33995403621811 0.75941140280958
  outer loop
   vertex 2.92794094438190 -11.41562641147445 1.79289360184159
   vertex 3.02447366714476 -11.34549164772035 1.69098281860351
   vertex 2.97627973556517 -11.26684975624086 1.69098281860352
  endloop
 endfacet
 facet normal 0.55473018174765 0.33995403621812 0.75941140280959
  outer loop
   vertex 2.97627973556517 -11.26684975624086 1.69098281860352
   vertex 2.86996364593504 -11.32101845741273 1.79289281368256
   vertex 2.92794094438190 -11.41562641147445 1.79289360184159
  endloop
 endfacet
 facet normal 0.39820570315043 0.34009956901071 0.85191813053673
  outer loop
   vertex 3.02447366714476 -11.34549164772035 1.69098281860351
   vertex 3.08437607188592 -11.41562698914100 1.69098225539121
   vertex 3.17898011207579 -11.32101845741273 1.60899293422699
  endloop
 endfacet
 facet normal 0.39820570315044 0.34009956901070 0.85191813053673
  outer loop
   vertex 3.17898011207579 -11.32101845741273 1.60899293422699
   vertex 3.13271570205687 -11.26684975624086 1.60899293422699
   vertex 3.02447366714476 -11.34549164772035 1.69098281860351
  endloop
 endfacet
 facet normal 0.24918766796407 0.29176282460670 0.92346086019503
  outer loop
   vertex 3.23315323352592 -11.36728514161217 1.60899252778499
   vertex 3.31836557388304 -11.25000023841859 1.54894316196442
   vertex 3.28149271011351 -11.21850800514222 1.54894316196442
  endloop
 endfacet
 facet normal 0.24918766796407 0.29176282460670 0.92346086019503
  outer loop
   vertex 3.28149271011351 -11.21850800514222 1.54894316196442
   vertex 3.17898011207579 -11.32101845741273 1.60899293422699
   vertex 3.23315323352592 -11.36728514161217 1.60899252778499
  endloop
 endfacet
 facet normal 0.12232348310568 0.19963094827179 0.97220597096140
  outer loop
   vertex 3.35971260070799 -11.27533555030824 1.54894316196442
   vertex 3.42898249626158 -11.13938355445863 1.51231145858765
   vertex 3.40805197077899 -11.12655853709751 1.51231148368815
  endloop
 endfacet
 facet normal 0.12232348310568 0.19963094827179 0.97220597096140
  outer loop
   vertex 3.40805197077899 -11.12655853709751 1.51231148368815
   vertex 3.31836557388304 -11.25000023841859 1.54894316196442
   vertex 3.35971260070799 -11.27533555030824 1.54894316196442
  endloop
 endfacet
 facet normal 0.03011950896355 0.07271262269253 0.99689803374316
  outer loop
   vertex 3.42898249626158 -11.13938355445863 1.51231145858765
   vertex 3.45166015624998 -11.14877724647523 1.51231145858765
   vertex 3.50000143051146 -11.00000023841859 1.49999928474426
  endloop
 endfacet
 facet normal 0.92387551819517 0.00000000000000 0.38269312363773
  outer loop
   vertex 2.60899591445921 -6.50000023841859 2.04600954055786
   vertex 2.54894423484800 -6.50000023841859 2.19098281860352
   vertex 2.54894423484800 -11.00000023841859 2.19098281860352
  endloop
 endfacet
 facet normal 0.92387551819517 0.00000000000000 0.38269312363773
  outer loop
   vertex 2.54894423484800 -11.00000023841859 2.19098281860352
   vertex 2.60899591445921 -11.00000023841859 2.04600954055786
   vertex 2.60899591445921 -6.50000023841859 2.04600954055786
  endloop
 endfacet
 facet normal 0.85072811359466 0.06693879952884 0.52132607248949
  outer loop
   vertex 2.60899591445921 -11.00000023841859 2.04600954055786
   vertex 2.61996316909788 -11.13938355445863 2.04600954055786
   vertex 2.70094347000120 -11.12655854225160 1.91221475601196
  endloop
 endfacet
 facet normal 0.85072811359466 0.06693879952884 0.52132607248949
  outer loop
   vertex 2.70094347000120 -11.12655854225160 1.91221475601196
   vertex 2.69098543401452 -11.00000025774435 1.91221460550101
   vertex 2.60899591445921 -11.00000023841859 2.04600954055786
  endloop
 endfacet
 facet normal 0.74035344493380 0.17773613205935 0.64829518271790
  outer loop
   vertex 2.70094347000120 -11.12655854225160 1.91221475601196
   vertex 2.73057982418048 -11.25000076048399 1.91221285177067
   vertex 2.82750272750853 -11.21850800514222 1.79289281368256
  endloop
 endfacet
 facet normal 0.74035344493380 0.17773613205934 0.64829518271790
  outer loop
   vertex 2.82750272750853 -11.21850800514222 1.79289281368256
   vertex 2.80160093307493 -11.11061501502992 1.79289281368256
   vertex 2.70094347000120 -11.12655854225160 1.91221475601196
  endloop
 endfacet
 facet normal 0.60108362727322 0.24895083160485 0.75942212008035
  outer loop
   vertex 2.82750272750853 -11.21850800514222 1.79289281368256
   vertex 2.86996214291087 -11.32101907992032 1.79289091472915
   vertex 2.97627973556517 -11.26684975624086 1.69098281860352
  endloop
 endfacet
 facet normal 0.60108362727322 0.24895083160486 0.75942212008034
  outer loop
   vertex 2.97627973556517 -11.26684975624086 1.69098281860352
   vertex 2.94098639488218 -11.18163514137269 1.69098281860351
   vertex 2.82750272750853 -11.21850800514222 1.79289281368256
  endloop
 endfacet
 facet normal 0.44650241099836 0.27361188814765 0.85192260894810
  outer loop
   vertex 2.97627973556517 -11.26684975624086 1.69098281860352
   vertex 3.02447306426355 -11.34549201715948 1.69098166831157
   vertex 3.13271570205687 -11.26684975624086 1.60899293422699
  endloop
 endfacet
 facet normal 0.44650241099836 0.27361188814766 0.85192260894809
  outer loop
   vertex 3.13271570205687 -11.26684975624086 1.60899293422699
   vertex 3.09549283981321 -11.20610642433168 1.60899293422699
   vertex 2.97627973556517 -11.26684975624086 1.69098281860352
  endloop
 endfacet
 facet normal 0.85263955182690 0.00000000000000 0.52249956426817
  outer loop
   vertex 2.60899591445921 -11.00000023841859 2.04600954055786
   vertex 2.69098567962645 -11.00000023841859 1.91221475601196
   vertex 2.69098567962644 -6.50000023841859 1.91221475601196
  endloop
 endfacet
 facet normal 0.85263955182690 0.00000000000000 0.52249956426817
  outer loop
   vertex 2.69098567962644 -6.50000023841859 1.91221475601196
   vertex 2.60899591445921 -6.50000023841859 2.04600954055786
   vertex 2.60899591445921 -11.00000023841859 2.04600954055786
  endloop
 endfacet
 facet normal 0.76041038947518 0.00000000000000 0.64944286860216
  outer loop
   vertex 2.69098567962644 -6.50000023841859 1.91221475601196
   vertex 2.69098567962644 -11.00000023841859 1.91221475601196
   vertex 2.79289484024046 -11.00000023841859 1.79289281368256
  endloop
 endfacet
 facet normal 0.76041038947518 -0.00000000000000 0.64944286860216
  outer loop
   vertex 2.79289484024046 -11.00000023841859 1.79289281368256
   vertex 2.79289484024046 -6.50000023841859 1.79289281368256
   vertex 2.69098567962644 -6.50000023841859 1.91221475601196
  endloop
 endfacet
 facet normal 0.75905217101666 0.05974227738396 0.64828285645070
  outer loop
   vertex 2.69098567962645 -11.00000023841859 1.91221475601196
   vertex 2.70094529088413 -11.12655839893643 1.91221631117145
   vertex 2.80160093307493 -11.11061501502992 1.79289281368256
  endloop
 endfacet
 facet normal 0.75905217101666 0.05974227738397 0.64828285645069
  outer loop
   vertex 2.80160093307493 -11.11061501502992 1.79289281368256
   vertex 2.79289484024046 -11.00000023841859 1.79289281368256
   vertex 2.69098567962645 -11.00000023841859 1.91221475601196
  endloop
 endfacet
 facet normal 0.63262737720866 0.15188553071459 0.75941647807092
  outer loop
   vertex 2.82750348652604 -11.21850782291208 1.79289372481987
   vertex 2.94098639488218 -11.18163514137269 1.69098281860351
   vertex 2.91945409774778 -11.09194970130921 1.69098281860352
  endloop
 endfacet
 facet normal 0.63262737720866 0.15188553071459 0.75941647807092
  outer loop
   vertex 2.91945409774778 -11.09194970130921 1.69098281860352
   vertex 2.80160093307493 -11.11061501502992 1.79289281368256
   vertex 2.82750348652604 -11.21850782291208 1.79289372481987
  endloop
 endfacet
 facet normal 0.64944856967628 0.00000000000000 0.76040552032809
  outer loop
   vertex 2.79289484024046 -6.50000023841859 1.79289281368256
   vertex 2.79289484024046 -11.00000023841859 1.79289281368256
   vertex 2.91221594810484 -11.00000023841859 1.69098281860352
  endloop
 endfacet
 facet normal 0.64944856967628 -0.00000000000000 0.76040552032809
  outer loop
   vertex 2.91221594810484 -11.00000023841859 1.69098281860352
   vertex 2.91221594810484 -6.50000023841859 1.69098281860352
   vertex 2.79289484024046 -6.50000023841859 1.79289281368256
  endloop
 endfacet
 facet normal 0.64860151641264 0.05105712080145 0.75941374975878
  outer loop
   vertex 2.80160150838279 -11.11061496974239 1.79289348728058
   vertex 2.91945409774778 -11.09194970130921 1.69098281860352
   vertex 2.91221594810484 -11.00000023841859 1.69098281860352
  endloop
 endfacet
 facet normal 0.64860151641264 0.05105712080145 0.75941374975878
  outer loop
   vertex 2.91221594810484 -11.00000023841859 1.69098281860352
   vertex 2.79289484024046 -11.00000023841859 1.79289281368256
   vertex 2.80160150838279 -11.11061496974239 1.79289348728058
  endloop
 endfacet
 facet normal 0.29176759722098 0.24917287855468 0.92346334296748
  outer loop
   vertex 3.13271570205687 -11.26684975624086 1.60899293422699
   vertex 3.17897979563938 -11.32101872765305 1.60899193268528
   vertex 3.28149271011351 -11.21850800514222 1.54894316196442
  endloop
 endfacet
 facet normal 0.29176759722097 0.24917287855468 0.92346334296748
  outer loop
   vertex 3.28149271011351 -11.21850800514222 1.54894316196442
   vertex 3.25000286102293 -11.18163514137269 1.54894316196442
   vertex 3.13271570205687 -11.26684975624086 1.60899293422699
  endloop
 endfacet
 facet normal 0.48381547998592 0.20039918438110 0.85191710173314
  outer loop
   vertex 2.94098639488218 -11.18163514137269 1.69098281860351
   vertex 2.97628044907402 -11.26684946070134 1.69098407497174
   vertex 3.09549283981321 -11.20610642433168 1.60899293422699
  endloop
 endfacet
 facet normal 0.48381547998592 0.20039918438111 0.85191710173313
  outer loop
   vertex 3.09549283981321 -11.20610642433168 1.60899293422699
   vertex 3.06823110580442 -11.14028954505922 1.60899293422699
   vertex 2.94098639488218 -11.18163514137269 1.69098281860351
  endloop
 endfacet
 facet normal 0.15205296648695 0.17803103117941 0.97220617531453
  outer loop
   vertex 3.28149271011351 -11.21850800514222 1.54894316196442
   vertex 3.31836556878095 -11.25000024439237 1.54894312934234
   vertex 3.40805196762083 -11.12655854225160 1.51231145858765
  endloop
 endfacet
 facet normal 0.15205296648697 0.17803103117939 0.97220617531453
  outer loop
   vertex 3.40805196762083 -11.12655854225160 1.51231145858765
   vertex 3.38938450813292 -11.11061501502992 1.51231145858765
   vertex 3.28149271011351 -11.21850800514222 1.54894316196442
  endloop
 endfacet
 facet normal 0.04111973742371 0.06710776005150 0.99689804681074
  outer loop
   vertex 3.40805196762083 -11.12655854225160 1.51231145858765
   vertex 3.42898249626158 -11.13938355445863 1.51231145858765
   vertex 3.50000143051146 -11.00000023841859 1.49999928474426
  endloop
 endfacet
 facet normal 0.32715004380566 0.20047127459434 0.92346311074156
  outer loop
   vertex 3.09549283981321 -11.20610642433168 1.60899293422699
   vertex 3.13271564714714 -11.26684978988848 1.60899277923050
   vertex 3.25000286102293 -11.18163514137269 1.54894316196442
  endloop
 endfacet
 facet normal 0.32715004380566 0.20047127459435 0.92346311074156
  outer loop
   vertex 3.25000286102293 -11.18163514137269 1.54894316196442
   vertex 3.22466707229612 -11.14028954505922 1.54894316196442
   vertex 3.09549283981321 -11.20610642433168 1.60899293422699
  endloop
 endfacet
 facet normal 0.50920568466003 0.12224680075804 0.85191859377192
  outer loop
   vertex 2.91945409774778 -11.09194970130921 1.69098281860352
   vertex 2.94098608427573 -11.18163521594107 1.69098229894826
   vertex 3.06823110580442 -11.14028954505922 1.60899293422699
  endloop
 endfacet
 facet normal 0.50920568466003 0.12224680075803 0.85191859377193
  outer loop
   vertex 3.06823110580442 -11.14028954505922 1.60899293422699
   vertex 3.05160140991209 -11.07102036476136 1.60899293422699
   vertex 2.91945409774778 -11.09194970130921 1.69098281860352
  endloop
 endfacet
 facet normal 0.52250282412824 0.00000000000000 0.85263755416825
  outer loop
   vertex 2.91221594810484 -6.50000023841859 1.69098281860352
   vertex 2.91221594810484 -11.00000023841859 1.69098281860352
   vertex 3.04600977897642 -11.00000023841859 1.60899293422699
  endloop
 endfacet
 facet normal 0.52250282412824 -0.00000000000000 0.85263755416825
  outer loop
   vertex 3.04600977897642 -11.00000023841859 1.60899293422699
   vertex 3.04600977897642 -6.50000023841859 1.60899293422699
   vertex 2.91221594810484 -6.50000023841859 1.69098281860352
  endloop
 endfacet
 facet normal 0.52206125445419 0.04110347321309 0.85191698603064
  outer loop
   vertex 2.91945445525656 -11.09194967316146 1.69098340199828
   vertex 3.05160140991209 -11.07102036476136 1.60899293422699
   vertex 3.04600977897642 -11.00000023841859 1.60899293422699
  endloop
 endfacet
 facet normal 0.52206125445419 0.04110347321309 0.85191698603064
  outer loop
   vertex 3.04600977897642 -11.00000023841859 1.60899293422699
   vertex 2.91221594810484 -11.00000023841859 1.69098281860352
   vertex 2.91945445525656 -11.09194967316146 1.69098340199828
  endloop
 endfacet
 facet normal 0.17803772344846 0.15204659912172 0.97220594563334
  outer loop
   vertex 3.25000286102293 -11.18163514137269 1.54894316196442
   vertex 3.28149271233759 -11.21850800324282 1.54894317410942
   vertex 3.38938450813292 -11.11061501502992 1.51231145858765
  endloop
 endfacet
 facet normal 0.17803772344846 0.15204659912172 0.97220594563334
  outer loop
   vertex 3.38938450813292 -11.11061501502992 1.51231145858765
   vertex 3.37344408035276 -11.09194970130921 1.51231145858765
   vertex 3.25000286102293 -11.18163514137269 1.54894316196442
  endloop
 endfacet
 facet normal 0.05111388499785 0.05984663018418 0.99689806480704
  outer loop
   vertex 3.38938450813292 -11.11061501502992 1.51231145858765
   vertex 3.40805196762083 -11.12655854225160 1.51231145858765
   vertex 3.50000143051146 -11.00000023841859 1.49999928474426
  endloop
 endfacet
 facet normal 0.35448053403942 0.14685692197401 0.92345903832030
  outer loop
   vertex 3.09549351696802 -11.20610614379477 1.60899469828642
   vertex 3.22466707229612 -11.14028954505922 1.54894316196442
   vertex 3.20610785484312 -11.09549164772035 1.54894316196442
  endloop
 endfacet
 facet normal 0.35448053403941 0.14685692197402 0.92345903832030
  outer loop
   vertex 3.20610785484312 -11.09549164772035 1.54894316196442
   vertex 3.06823110580442 -11.14028954505922 1.60899293422699
   vertex 3.09549351696802 -11.20610614379477 1.60899469828642
  endloop
 endfacet
 facet normal 0.19962597778931 0.12233754131882 0.97220522266429
  outer loop
   vertex 3.25000294825942 -11.18163508791122 1.54894358681781
   vertex 3.37344408035276 -11.09194970130921 1.51231145858765
   vertex 3.36061787605284 -11.07102036476136 1.51231145858765
  endloop
 endfacet
 facet normal 0.19962597778930 0.12233754131883 0.97220522266429
  outer loop
   vertex 3.36061787605284 -11.07102036476136 1.51231145858765
   vertex 3.22466707229612 -11.14028954505922 1.54894316196442
   vertex 3.25000294825942 -11.18163508791122 1.54894358681781
  endloop
 endfacet
 facet normal 0.05984872896528 0.05111161569959 0.99689805516001
  outer loop
   vertex 3.37344408035276 -11.09194970130921 1.51231145858765
   vertex 3.38938450813292 -11.11061501502992 1.51231145858765
   vertex 3.50000143051146 -11.00000023841859 1.49999928474426
  endloop
 endfacet
 facet normal 0.37309211515318 0.08955093652262 0.92346245369178
  outer loop
   vertex 3.05160140991209 -11.07102036476136 1.60899293422699
   vertex 3.06823062509501 -11.14028966044085 1.60899174439456
   vertex 3.20610785484312 -11.09549164772035 1.54894316196442
  endloop
 endfacet
 facet normal 0.37309211515318 0.08955093652262 0.92346245369178
  outer loop
   vertex 3.20610785484312 -11.09549164772035 1.54894316196442
   vertex 3.19479036331175 -11.04834008216859 1.54894316196442
   vertex 3.05160140991209 -11.07102036476136 1.60899293422699
  endloop
 endfacet
 facet normal 0.38268274869925 0.00000000000000 0.92387981569465
  outer loop
   vertex 3.04600977897642 -6.50000023841859 1.60899293422699
   vertex 3.04600977897642 -11.00000023841859 1.60899293422699
   vertex 3.19098305702208 -11.00000023841859 1.54894316196442
  endloop
 endfacet
 facet normal 0.38268274869925 0.00000000000000 0.92387981569465
  outer loop
   vertex 3.19098305702208 -11.00000023841859 1.54894316196442
   vertex 3.19098305702208 -6.50000023841859 1.54894316196442
   vertex 3.04600977897642 -6.50000023841859 1.60899293422699
  endloop
 endfacet
 facet normal 0.38250904221630 0.03012688849014 0.92346045026989
  outer loop
   vertex 3.05160170292674 -11.07102034168317 1.60899364162840
   vertex 3.19479036331175 -11.04834008216859 1.54894316196442
   vertex 3.19098305702208 -11.00000023841859 1.54894316196442
  endloop
 endfacet
 facet normal 0.38250904221630 0.03012688849013 0.92346045026989
  outer loop
   vertex 3.19098305702208 -11.00000023841859 1.54894316196442
   vertex 3.04600977897642 -11.00000023841859 1.60899293422699
   vertex 3.05160170292674 -11.07102034168317 1.60899364162840
  endloop
 endfacet
 facet normal 0.21630249083367 0.08960154690305 0.97220614853627
  outer loop
   vertex 3.22466697624410 -11.14028958484799 1.54894273024321
   vertex 3.36061787605284 -11.07102036476136 1.51231145858765
   vertex 3.35122275352476 -11.04834008216859 1.51231145858765
  endloop
 endfacet
 facet normal 0.21630249083367 0.08960154690304 0.97220614853627
  outer loop
   vertex 3.35122275352476 -11.04834008216859 1.51231145858765
   vertex 3.20610785484312 -11.09549164772035 1.54894316196442
   vertex 3.22466697624410 -11.14028958484799 1.54894273024321
  endloop
 endfacet
 facet normal 0.06710501104380 0.04112421715943 0.99689804707193
  outer loop
   vertex 3.36061787605284 -11.07102036476136 1.51231145858765
   vertex 3.37344408035276 -11.09194970130921 1.51231145858765
   vertex 3.50000143051146 -11.00000023841859 1.49999928474426
  endloop
 endfacet
 facet normal 0.22766099451910 0.05464800782412 0.97220577390562
  outer loop
   vertex 3.19479036331175 -11.04834008216859 1.54894316196442
   vertex 3.20610789758549 -11.09549163746042 1.54894334449187
   vertex 3.35122275352476 -11.04834008216859 1.51231145858765
  endloop
 endfacet
 facet normal 0.22766099451910 0.05464800782412 0.97220577390562
  outer loop
   vertex 3.35122275352476 -11.04834008216859 1.51231145858765
   vertex 3.34549331665037 -11.02447152137757 1.51231145858765
   vertex 3.19479036331175 -11.04834008216859 1.54894316196442
  endloop
 endfacet
 facet normal 0.07271184548322 0.03012029037835 0.99689806682225
  outer loop
   vertex 3.35122275352476 -11.04834008216859 1.51231145858765
   vertex 3.36061787605284 -11.07102036476136 1.51231145858765
   vertex 3.50000143051146 -11.00000023841859 1.49999928474426
  endloop
 endfacet
 facet normal 0.23344205310524 -0.00000000000000 0.97237071523263
  outer loop
   vertex 3.34356737136839 -11.00000023841859 1.51231145858765
   vertex 3.34356737136839 -6.50000023841859 1.51231145858765
   vertex 3.19098305702208 -6.50000023841859 1.54894316196442
  endloop
 endfacet
 facet normal 0.23344205310524 0.00000000000000 0.97237071523263
  outer loop
   vertex 3.19098305702208 -6.50000023841859 1.54894316196442
   vertex 3.19098305702208 -11.00000023841859 1.54894316196442
   vertex 3.34356737136839 -11.00000023841859 1.51231145858765
  endloop
 endfacet
 facet normal 0.23340266439421 0.01836931725425 0.97220664698268
  outer loop
   vertex 3.19479020798080 -11.04834009439349 1.54894251495476
   vertex 3.34549331665037 -11.02447152137757 1.51231145858765
   vertex 3.34356737136839 -11.00000023841859 1.51231145858765
  endloop
 endfacet
 facet normal 0.23340266439421 0.01836931725425 0.97220664698268
  outer loop
   vertex 3.34356737136839 -11.00000023841859 1.51231145858765
   vertex 3.19098305702208 -11.00000023841859 1.54894316196442
   vertex 3.19479020798080 -11.04834009439349 1.54894251495476
  endloop
 endfacet
 facet normal 0.07846255626394 0.00000000000000 0.99691706137699
  outer loop
   vertex 3.34356737136839 -6.50000023841859 1.51231145858765
   vertex 3.34356737136839 -11.00000023841859 1.51231145858765
   vertex 3.50000143051146 -11.00000023841859 1.49999928474426
  endloop
 endfacet
 facet normal 0.07846255626394 -0.00000000000000 0.99691706137699
  outer loop
   vertex 3.50000143051146 -11.00000023841859 1.49999928474426
   vertex 3.50000143051146 -6.50000023841859 1.49999928474426
   vertex 3.34356737136839 -6.50000023841859 1.51231145858765
  endloop
 endfacet
 facet normal 0.07652956574376 0.01837024526918 0.99689806883945
  outer loop
   vertex 3.34549331665037 -11.02447152137757 1.51231145858765
   vertex 3.35122275352476 -11.04834008216859 1.51231145858765
   vertex 3.50000143051146 -11.00000023841859 1.49999928474426
  endloop
 endfacet
 facet normal 0.07846106030610 0.00617506279377 0.99689805427392
  outer loop
   vertex 3.50000143051146 -11.00000023841859 1.49999928474426
   vertex 3.34356737136839 -11.00000023841859 1.51231145858765
   vertex 3.34549331665037 -11.02447152137757 1.51231145858765
  endloop
 endfacet
 facet normal 0.00000000000000 -1.00000000000000 0.00000000000000
  outer loop
   vertex 22.00000190734862 6.50000023841858 0.00000000000000
   vertex 22.00000190734862 6.50000023841858 1.49999928474426
   vertex 3.50000143051146 6.50000023841858 1.49999928474426
  endloop
 endfacet
 facet normal 0.00000000000000 -1.00000000000000 -0.00000000000000
  outer loop
   vertex 3.50000143051146 6.50000023841858 1.49999928474426
   vertex 2.00000023841856 6.50000023841858 -0.00000000000000
   vertex 22.00000190734862 6.50000023841858 0.00000000000000
  endloop
 endfacet
 facet normal 0.00000000000000 -1.00000000000000 0.00000000000000
  outer loop
   vertex -0.00000000000002 6.50000023841858 1.99999940395355
   vertex 2.00000023841856 6.50000023841858 -0.00000000000000
   vertex 2.69098567962644 6.50000023841858 1.91221475601196
  endloop
 endfacet
 facet normal -0.00000000000000 -1.00000000000000 0.00000000000000
  outer loop
   vertex 3.50000143051146 6.50000023841858 1.49999928474426
   vertex 3.34356737136839 6.50000023841858 1.51231145858765
   vertex 2.00000023841856 6.50000023841858 -0.00000000000000
  endloop
 endfacet
 facet normal 0.00000000000000 -1.00000000000000 0.00000000000000
  outer loop
   vertex -0.00000000000002 6.50000023841858 6.99999904632569
   vertex -0.00000000000002 6.50000023841858 1.99999940395355
   vertex 2.50000143051146 6.50000023841858 2.49999952316284
  endloop
 endfacet
 facet normal 0.00000000000000 -1.00000000000000 0.00000000000000
  outer loop
   vertex 2.69098567962644 6.50000023841858 1.91221475601196
   vertex 2.60899591445921 6.50000023841858 2.04600954055786
   vertex -0.00000000000002 6.50000023841858 1.99999940395355
  endloop
 endfacet
 facet normal 0.00000000000000 -1.00000000000000 0.00000000000000
  outer loop
   vertex 2.00000023841856 6.50000023841858 -0.00000000000000
   vertex 3.04600977897642 6.50000023841858 1.60899293422699
   vertex 2.91221594810484 6.50000023841858 1.69098281860352
  endloop
 endfacet
 facet normal -0.00000000000000 -1.00000000000000 0.00000000000000
  outer loop
   vertex 3.34356737136839 6.50000023841858 1.51231145858765
   vertex 3.19098305702208 6.50000023841858 1.54894316196442
   vertex 2.00000023841856 6.50000023841858 -0.00000000000000
  endloop
 endfacet
 facet normal 0.00000000000000 -1.00000000000000 0.00000000000000
  outer loop
   vertex -0.00000000000002 6.50000023841858 1.99999940395355
   vertex 2.51231336593626 6.50000023841858 2.34356522560120
   vertex 2.50000143051146 6.50000023841858 2.49999952316284
  endloop
 endfacet
 facet normal 0.00000000000000 -1.00000000000000 0.00000000000000
  outer loop
   vertex 2.00000023841856 6.50000023841858 -0.00000000000000
   vertex 2.79289484024046 6.50000023841858 1.79289281368256
   vertex 2.69098567962644 6.50000023841858 1.91221475601196
  endloop
 endfacet
 facet normal -0.00000000000000 -1.00000000000000 0.00000000000000
  outer loop
   vertex 3.19098305702208 6.50000023841858 1.54894316196442
   vertex 3.04600977897642 6.50000023841858 1.60899293422699
   vertex 2.00000023841856 6.50000023841858 -0.00000000000000
  endloop
 endfacet
 facet normal 0.00000000000000 -1.00000000000000 0.00000000000000
  outer loop
   vertex -0.00000000000002 6.50000023841858 1.99999940395355
   vertex 2.54894423484800 6.50000023841858 2.19098281860352
   vertex 2.51231336593626 6.50000023841858 2.34356522560120
  endloop
 endfacet
 facet normal -0.00000000000000 -1.00000000000000 0.00000000000000
  outer loop
   vertex 2.91221594810484 6.50000023841858 1.69098281860352
   vertex 2.79289484024046 6.50000023841858 1.79289281368256
   vertex 2.00000023841856 6.50000023841858 -0.00000000000000
  endloop
 endfacet
 facet normal -0.00000000000000 -1.00000000000000 0.00000000000000
  outer loop
   vertex 2.60899591445921 6.50000023841858 2.04600954055786
   vertex 2.54894423484800 6.50000023841858 2.19098281860352
   vertex -0.00000000000002 6.50000023841858 1.99999940395355
  endloop
 endfacet
 facet normal 0.00000000000000 -1.00000000000000 0.00000000000000
  outer loop
   vertex 2.50000143051146 6.50000023841858 2.49999952316284
   vertex 2.50000143051146 6.50000023841858 6.99999904632569
   vertex -0.00000000000002 6.50000023841858 6.99999904632569
  endloop
 endfacet
 facet normal 0.00000000000000 -0.99691732712641 -0.07845917967413
  outer loop
   vertex 2.50000143051146 6.50000023841858 6.99999904632569
   vertex 2.50000143051146 6.47537684440613 7.31286859512330
   vertex -0.00000000000002 6.47537684440613 7.31286859512330
  endloop
 endfacet
 facet normal 0.00000000000000 -0.99691732712641 -0.07845917967413
  outer loop
   vertex -0.00000000000002 6.47537684440613 7.31286859512330
   vertex -0.00000000000002 6.50000023841858 6.99999904632569
   vertex 2.50000143051146 6.50000023841858 6.99999904632569
  endloop
 endfacet
 facet normal -0.00000000000000 -0.97236953549627 -0.23344696707984
  outer loop
   vertex 2.50000143051146 6.40211272239685 7.61803340911866
   vertex -0.00000000000002 6.40211272239685 7.61803340911866
   vertex -0.00000000000002 6.47537684440613 7.31286859512330
  endloop
 endfacet
 facet normal 0.00000000000000 -0.97236953549627 -0.23344696707984
  outer loop
   vertex -0.00000000000002 6.47537684440613 7.31286859512330
   vertex 2.50000143051146 6.47537684440613 7.31286859512330
   vertex 2.50000143051146 6.40211272239685 7.61803340911866
  endloop
 endfacet
 facet normal 0.00000000000000 -0.92387950102019 -0.38268350839132
  outer loop
   vertex 2.50000143051146 6.40211272239685 7.61803340911866
   vertex 2.50000143051146 6.28201270103455 7.90798044204712
   vertex -0.00000000000002 6.28201270103455 7.90798044204712
  endloop
 endfacet
 facet normal 0.00000000000000 -0.92387950102019 -0.38268350839132
  outer loop
   vertex -0.00000000000002 6.28201270103455 7.90798044204712
   vertex -0.00000000000002 6.40211272239685 7.61803340911866
   vertex 2.50000143051146 6.40211272239685 7.61803340911866
  endloop
 endfacet
 facet normal -0.00000000000000 -0.85264132040111 -0.52249667821400
  outer loop
   vertex 2.50000143051146 6.11803412437439 8.17557048797608
   vertex -0.00000000000002 6.11803412437439 8.17557048797608
   vertex -0.00000000000002 6.28201270103455 7.90798044204712
  endloop
 endfacet
 facet normal 0.00000000000000 -0.85264132040110 -0.52249667821400
  outer loop
   vertex -0.00000000000002 6.28201270103455 7.90798044204712
   vertex 2.50000143051146 6.28201270103455 7.90798044204713
   vertex 2.50000143051146 6.11803412437439 8.17557048797608
  endloop
 endfacet
 facet normal -0.70710663367255 0.00000000000000 -0.70710692870052
  outer loop
   vertex 2.00000023841856 6.50000023841858 -0.00000000000000
   vertex -0.00000000000002 6.50000023841858 1.99999940395355
   vertex -0.00000000000002 11.00000023841859 1.99999940395355
  endloop
 endfacet
 facet normal -0.70710663367255 0.00000000000000 -0.70710692870052
  outer loop
   vertex -0.00000000000002 11.00000023841859 1.99999940395355
   vertex 2.00000023841856 11.00000023841859 -0.00000000000000
   vertex 2.00000023841856 6.50000023841858 -0.00000000000000
  endloop
 endfacet
 facet normal -0.00000000000000 -0.76040578600938 -0.64944825860376
  outer loop
   vertex 2.50000143051146 6.11803412437439 8.17557048797608
   vertex 2.50000143051146 5.91421389579773 8.41421318054200
   vertex -0.00000000000002 5.91421389579773 8.41421318054200
  endloop
 endfacet
 facet normal -0.00000000000000 -0.76040578600938 -0.64944825860376
  outer loop
   vertex -0.00000000000002 5.91421389579773 8.41421318054200
   vertex -0.00000000000002 6.11803412437439 8.17557048797608
   vertex 2.50000143051146 6.11803412437439 8.17557048797608
  endloop
 endfacet
 facet normal 0.00000000000000 -0.64945001566500 -0.76040428533296
  outer loop
   vertex 2.50000143051146 5.91421389579773 8.41421318054200
   vertex 2.50000143051146 5.67557120323181 8.61803436279297
   vertex -0.00000000000002 5.67557120323181 8.61803436279297
  endloop
 endfacet
 facet normal 0.00000000000000 -0.64945001566500 -0.76040428533296
  outer loop
   vertex -0.00000000000002 5.67557120323181 8.61803436279297
   vertex -0.00000000000002 5.91421389579773 8.41421318054200
   vertex 2.50000143051146 5.91421389579773 8.41421318054200
  endloop
 endfacet
 facet normal -0.07845953620083 -0.99691729906705 -0.00000000000000
  outer loop
   vertex 22.31287002563476 6.47537684440613 1.49999928474426
   vertex 22.00000190734862 6.50000023841858 1.49999928474426
   vertex 22.00000190734862 6.50000023841858 0.00000000000000
  endloop
 endfacet
 facet normal -0.07845953620083 -0.99691729906705 0.00000000000000
  outer loop
   vertex 22.00000190734862 6.50000023841858 0.00000000000000
   vertex 22.31287002563476 6.47537684440613 0.00000000000000
   vertex 22.31287002563476 6.47537684440613 1.49999928474426
  endloop
 endfacet
 facet normal -0.23344593240011 -0.97236978390211 0.00000000000000
  outer loop
   vertex 22.31287002563476 6.47537684440613 0.00000000000000
   vertex 22.61803627014159 6.40211272239685 0.00000000000000
   vertex 22.61803627014159 6.40211272239685 1.49999928474426
  endloop
 endfacet
 facet normal -0.23344593240011 -0.97236978390211 0.00000000000000
  outer loop
   vertex 22.61803627014159 6.40211272239685 1.49999928474426
   vertex 22.31287002563476 6.47537684440613 1.49999928474426
   vertex 22.31287002563476 6.47537684440613 0.00000000000000
  endloop
 endfacet
 facet normal -0.00000000000000 -0.52249735510209 -0.85264090560524
  outer loop
   vertex 2.50000143051146 5.40798163414002 8.78201293945313
   vertex -0.00000000000002 5.40798163414002 8.78201293945313
   vertex -0.00000000000002 5.67557120323181 8.61803436279297
  endloop
 endfacet
 facet normal 0.00000000000000 -0.52249735510209 -0.85264090560524
  outer loop
   vertex -0.00000000000002 5.67557120323181 8.61803436279297
   vertex 2.50000143051146 5.67557120323181 8.61803436279297
   vertex 2.50000143051146 5.40798163414002 8.78201293945313
  endloop
 endfacet
 facet normal -0.38268511994494 -0.92387883349102 -0.00000000000000
  outer loop
   vertex 22.61803627014159 6.40211272239685 1.49999928474426
   vertex 22.61803627014159 6.40211272239685 0.00000000000000
   vertex 22.90798187255858 6.28201270103455 0.00000000000000
  endloop
 endfacet
 facet normal -0.38268511994493 -0.92387883349102 0.00000000000000
  outer loop
   vertex 22.90798187255858 6.28201270103455 0.00000000000000
   vertex 22.90798187255859 6.28201270103455 1.49999928474426
   vertex 22.61803627014159 6.40211272239685 1.49999928474426
  endloop
 endfacet
 facet normal -0.52249735510210 -0.85264090560523 0.00000000000000
  outer loop
   vertex 23.17557144165038 6.11803412437439 -0.00000000000000
   vertex 23.17557144165038 6.11803412437439 1.49999928474426
   vertex 22.90798187255859 6.28201270103455 1.49999928474426
  endloop
 endfacet
 facet normal -0.52249735510209 -0.85264090560524 0.00000000000000
  outer loop
   vertex 22.90798187255859 6.28201270103455 1.49999928474426
   vertex 22.90798187255858 6.28201270103455 -0.00000000000000
   vertex 23.17557144165038 6.11803412437439 -0.00000000000000
  endloop
 endfacet
 facet normal -0.00000000000000 -0.38268297120954 -0.92387972352803
  outer loop
   vertex 2.50000143051146 5.11803412437439 8.90211296081544
   vertex -0.00000000000002 5.11803412437439 8.90211296081544
   vertex -0.00000000000002 5.40798163414002 8.78201293945313
  endloop
 endfacet
 facet normal 0.00000000000000 -0.38268297120954 -0.92387972352803
  outer loop
   vertex -0.00000000000002 5.40798163414002 8.78201293945313
   vertex 2.50000143051146 5.40798163414002 8.78201293945313
   vertex 2.50000143051146 5.11803412437439 8.90211296081544
  endloop
 endfacet
 facet normal -0.64944675792861 -0.76040706770520 -0.00000000000000
  outer loop
   vertex 23.17557144165038 6.11803412437439 0.00000000000000
   vertex 23.41421508789061 5.91421389579773 0.00000000000000
   vertex 23.41421508789061 5.91421389579773 1.49999928474426
  endloop
 endfacet
 facet normal -0.64944675792861 -0.76040706770520 0.00000000000000
  outer loop
   vertex 23.41421508789061 5.91421389579773 1.49999928474426
   vertex 23.17557144165038 6.11803412437439 1.49999928474426
   vertex 23.17557144165038 6.11803412437439 0.00000000000000
  endloop
 endfacet
 facet normal -0.76040428533297 -0.64945001566499 -0.00000000000000
  outer loop
   vertex 23.61803627014159 5.67557120323181 1.49999928474426
   vertex 23.41421508789061 5.91421389579773 1.49999928474426
   vertex 23.41421508789061 5.91421389579773 0.00000000000000
  endloop
 endfacet
 facet normal -0.76040428533296 -0.64945001566500 -0.00000000000000
  outer loop
   vertex 23.41421508789061 5.91421389579773 0.00000000000000
   vertex 23.61803627014159 5.67557120323181 0.00000000000000
   vertex 23.61803627014159 5.67557120323181 1.49999928474426
  endloop
 endfacet
 facet normal -0.00000000000000 -0.23344374902731 -0.97237030808230
  outer loop
   vertex 2.50000143051146 5.11803412437439 8.90211296081544
   vertex 2.50000143051146 4.81286883354187 8.97537612915040
   vertex -0.00000000000002 4.81286883354187 8.97537612915040
  endloop
 endfacet
 facet normal -0.00000000000000 -0.23344374902731 -0.97237030808230
  outer loop
   vertex -0.00000000000002 4.81286883354187 8.97537612915040
   vertex -0.00000000000002 5.11803412437439 8.90211296081544
   vertex 2.50000143051146 5.11803412437439 8.90211296081544
  endloop
 endfacet
 facet normal -0.85264090560523 -0.52249735510210 0.00000000000000
  outer loop
   vertex 23.78201484680175 5.40798163414002 0.00000000000000
   vertex 23.78201484680175 5.40798163414002 1.49999928474426
   vertex 23.61803627014159 5.67557120323181 1.49999928474426
  endloop
 endfacet
 facet normal -0.85264090560522 -0.52249735510211 0.00000000000000
  outer loop
   vertex 23.61803627014159 5.67557120323181 1.49999928474426
   vertex 23.61803627014159 5.67557120323181 0.00000000000000
   vertex 23.78201484680175 5.40798163414002 0.00000000000000
  endloop
 endfacet
 facet normal 0.00000000000000 -0.07846080854331 -0.99691719893015
  outer loop
   vertex 2.50000143051146 4.81286883354187 8.97537612915040
   vertex 2.50000143051146 4.49999976158142 9.00000000000001
   vertex -0.00000000000002 4.49999976158142 9.00000000000001
  endloop
 endfacet
 facet normal 0.00000000000000 -0.07846080854331 -0.99691719893015
  outer loop
   vertex -0.00000000000002 4.49999976158142 9.00000000000001
   vertex -0.00000000000002 4.81286883354187 8.97537612915040
   vertex 2.50000143051146 4.81286883354187 8.97537612915040
  endloop
 endfacet
 facet normal -0.92387972352803 -0.38268297120955 0.00000000000000
  outer loop
   vertex 23.90211486816405 5.11803412437439 0.00000000000000
   vertex 23.90211486816405 5.11803412437439 1.49999928474426
   vertex 23.78201484680174 5.40798163414002 1.49999928474426
  endloop
 endfacet
 facet normal -0.92387972352803 -0.38268297120955 -0.00000000000000
  outer loop
   vertex 23.78201484680174 5.40798163414002 1.49999928474426
   vertex 23.78201484680174 5.40798163414002 0.00000000000000
   vertex 23.90211486816405 5.11803412437439 0.00000000000000
  endloop
 endfacet
 facet normal 0.00000000000000 -0.00000000000000 -1.00000000000000
  outer loop
   vertex 2.50000143051146 4.49999976158142 9.00000000000001
   vertex 2.50000143051146 -4.50000023841858 9.00000000000001
   vertex -0.00000000000002 -4.50000023841858 9.00000000000001
  endloop
 endfacet
 facet normal 0.00000000000000 0.00000000000000 -1.00000000000000
  outer loop
   vertex -0.00000000000002 -4.50000023841858 9.00000000000001
   vertex -0.00000000000002 4.49999976158142 9.00000000000001
   vertex 2.50000143051146 4.49999976158142 9.00000000000001
  endloop
 endfacet
 facet normal 0.00000000000000 0.07846104623265 -0.99691718022315
  outer loop
   vertex 2.50000143051146 -4.50000023841858 9.00000000000001
   vertex 2.50000143051146 -4.81286835670472 8.97537612915040
   vertex -0.00000000000002 -4.81286835670472 8.97537612915040
  endloop
 endfacet
 facet normal 0.00000000000000 0.07846104623265 -0.99691718022315
  outer loop
   vertex -0.00000000000002 -4.81286835670472 8.97537612915040
   vertex -0.00000000000002 -4.50000023841858 9.00000000000001
   vertex 2.50000143051146 -4.50000023841858 9.00000000000001
  endloop
 endfacet
 facet normal 0.00000000000000 0.23344305924932 -0.97237047368188
  outer loop
   vertex -0.00000000000002 -5.11803460121155 8.90211296081544
   vertex -0.00000000000002 -4.81286835670472 8.97537612915040
   vertex 2.50000143051146 -4.81286835670472 8.97537612915040
  endloop
 endfacet
 facet normal -0.00000000000000 0.23344305924932 -0.97237047368188
  outer loop
   vertex 2.50000143051146 -4.81286835670472 8.97537612915040
   vertex 2.50000143051146 -5.11803460121155 8.90211296081544
   vertex -0.00000000000002 -5.11803460121155 8.90211296081544
  endloop
 endfacet
 facet normal 0.00000000000000 0.38268511994493 -0.92387883349102
  outer loop
   vertex 2.50000143051146 -5.11803460121155 8.90211296081544
   vertex 2.50000143051146 -5.40798020362855 8.78201293945313
   vertex -0.00000000000002 -5.40798020362855 8.78201293945313
  endloop
 endfacet
 facet normal 0.00000000000000 0.38268511994493 -0.92387883349102
  outer loop
   vertex -0.00000000000002 -5.40798020362855 8.78201293945313
   vertex -0.00000000000002 -5.11803460121155 8.90211296081544
   vertex 2.50000143051146 -5.11803460121155 8.90211296081544
  endloop
 endfacet
 facet normal -0.00000000000000 0.52249735510209 -0.85264090560524
  outer loop
   vertex 2.50000143051146 -5.40798020362855 8.78201293945313
   vertex 2.50000143051146 -5.67556977272034 8.61803436279297
   vertex -0.00000000000002 -5.67556977272034 8.61803436279297
  endloop
 endfacet
 facet normal -0.00000000000000 0.52249735510209 -0.85264090560524
  outer loop
   vertex -0.00000000000002 -5.67556977272034 8.61803436279297
   vertex -0.00000000000002 -5.40798020362855 8.78201293945313
   vertex 2.50000143051146 -5.40798020362855 8.78201293945313
  endloop
 endfacet
 facet normal 0.00000000000000 0.64944851499171 -0.76040556703319
  outer loop
   vertex 2.50000143051146 -5.67556977272034 8.61803436279297
   vertex 2.50000143051146 -5.91421341896058 8.41421318054200
   vertex -0.00000000000002 -5.91421341896058 8.41421318054200
  endloop
 endfacet
 facet normal 0.00000000000000 0.64944851499171 -0.76040556703319
  outer loop
   vertex -0.00000000000002 -5.91421341896058 8.41421318054200
   vertex -0.00000000000002 -5.67556977272034 8.61803436279297
   vertex 2.50000143051146 -5.67556977272034 8.61803436279297
  endloop
 endfacet
 facet normal -0.97237030808230 -0.23344374902732 -0.00000000000000
  outer loop
   vertex 23.90211486816405 5.11803412437439 1.49999928474426
   vertex 23.90211486816405 5.11803412437439 -0.00000000000000
   vertex 23.97537803649902 4.81286883354187 -0.00000000000000
  endloop
 endfacet
 facet normal -0.97237030808230 -0.23344374902732 -0.00000000000000
  outer loop
   vertex 23.97537803649902 4.81286883354187 -0.00000000000000
   vertex 23.97537803649902 4.81286883354187 1.49999928474426
   vertex 23.90211486816405 5.11803412437439 1.49999928474426
  endloop
 endfacet
 facet normal -0.00000000000000 0.76040428533296 -0.64945001566500
  outer loop
   vertex 2.50000143051146 -5.91421341896058 8.41421318054200
   vertex 2.50000143051146 -6.11803460121155 8.17557048797608
   vertex -0.00000000000002 -6.11803460121155 8.17557048797608
  endloop
 endfacet
 facet normal -0.00000000000000 0.76040428533296 -0.64945001566500
  outer loop
   vertex -0.00000000000002 -6.11803460121155 8.17557048797608
   vertex -0.00000000000002 -5.91421341896058 8.41421318054200
   vertex 2.50000143051146 -5.91421341896058 8.41421318054200
  endloop
 endfacet
 facet normal -0.99691719893015 -0.07846080854333 -0.00000000000000
  outer loop
   vertex 23.97537803649902 4.81286883354187 0.00000000000000
   vertex 24.00000190734863 4.49999976158142 0.00000000000000
   vertex 24.00000190734863 4.49999976158142 1.49999928474426
  endloop
 endfacet
 facet normal -0.99691719893015 -0.07846080854333 -0.00000000000000
  outer loop
   vertex 24.00000190734863 4.49999976158142 1.49999928474426
   vertex 23.97537803649902 4.81286883354187 1.49999928474426
   vertex 23.97537803649902 4.81286883354187 0.00000000000000
  endloop
 endfacet
 facet normal 0.00000000000000 0.85264132040111 -0.52249667821399
  outer loop
   vertex 2.50000143051146 -6.28201317787171 7.90798044204712
   vertex -0.00000000000002 -6.28201317787171 7.90798044204712
   vertex -0.00000000000002 -6.11803460121155 8.17557048797608
  endloop
 endfacet
 facet normal 0.00000000000000 0.85264132040111 -0.52249667821399
  outer loop
   vertex -0.00000000000002 -6.11803460121155 8.17557048797608
   vertex 2.50000143051146 -6.11803460121155 8.17557048797608
   vertex 2.50000143051146 -6.28201317787171 7.90798044204712
  endloop
 endfacet
 facet normal -1.00000000000000 0.00000000000000 0.00000000000000
  outer loop
   vertex 24.00000190734863 -4.50000023841858 1.49999928474426
   vertex 24.00000190734863 4.49999976158142 1.49999928474426
   vertex 24.00000190734863 4.49999976158142 0.00000000000000
  endloop
 endfacet
 facet normal -1.00000000000000 0.00000000000000 0.00000000000000
  outer loop
   vertex 24.00000190734863 4.49999976158142 0.00000000000000
   vertex 24.00000190734863 -4.50000023841858 0.00000000000000
   vertex 24.00000190734863 -4.50000023841858 1.49999928474426
  endloop
 endfacet
 facet normal 0.00000000000000 0.92387950102019 -0.38268350839132
  outer loop
   vertex -0.00000000000002 -6.28201317787171 7.90798044204712
   vertex 2.50000143051146 -6.28201317787171 7.90798044204712
   vertex 2.50000143051146 -6.40211319923401 7.61803340911866
  endloop
 endfacet
 facet normal -0.00000000000000 0.92387950102019 -0.38268350839132
  outer loop
   vertex 2.50000143051146 -6.40211319923401 7.61803340911866
   vertex -0.00000000000002 -6.40211319923402 7.61803340911866
   vertex -0.00000000000002 -6.28201317787171 7.90798044204712
  endloop
 endfacet
 facet normal 1.00000000000000 0.00000000000000 0.00000000000000
  outer loop
   vertex 2.50000143051146 -11.00000023841859 13.80000019073487
   vertex 2.50000143051146 -4.50000023841858 9.00000000000001
   vertex 2.50000143051146 4.49999976158142 9.00000000000001
  endloop
 endfacet
 facet normal 1.00000000000000 0.00000000000000 -0.00000000000000
  outer loop
   vertex 2.50000143051146 4.49999976158142 9.00000000000001
   vertex 2.50000143051146 11.00000023841859 13.80000019073487
   vertex 2.50000143051146 -11.00000023841859 13.80000019073487
  endloop
 endfacet
 facet normal 1.00000000000000 0.00000000000000 -0.00000000000000
  outer loop
   vertex 2.50000143051146 11.00000023841859 2.49999952316284
   vertex 2.50000143051146 11.00000023841859 13.80000019073487
   vertex 2.50000143051146 6.47537684440613 7.31286859512330
  endloop
 endfacet
 facet normal 1.00000000000000 0.00000000000000 0.00000000000000
  outer loop
   vertex 2.50000143051146 11.00000023841859 13.80000019073487
   vertex 2.50000143051146 6.11803412437439 8.17557048797608
   vertex 2.50000143051146 6.28201270103455 7.90798044204712
  endloop
 endfacet
 facet normal 1.00000000000000 0.00000000000000 0.00000000000000
  outer loop
   vertex 2.50000143051146 -11.00000023841859 13.80000019073487
   vertex 2.50000143051146 -4.81286835670472 8.97537612915040
   vertex 2.50000143051146 -4.50000023841858 9.00000000000001
  endloop
 endfacet
 facet normal 1.00000000000000 0.00000000000000 0.00000000000000
  outer loop
   vertex 2.50000143051146 6.47537684440613 7.31286859512330
   vertex 2.50000143051146 6.50000023841858 6.99999904632569
   vertex 2.50000143051146 11.00000023841859 2.49999952316284
  endloop
 endfacet
 facet normal 1.00000000000000 -0.00000000000000 0.00000000000000
  outer loop
   vertex 2.50000143051146 6.28201270103455 7.90798044204712
   vertex 2.50000143051146 6.40211272239685 7.61803340911866
   vertex 2.50000143051146 11.00000023841859 13.80000019073487
  endloop
 endfacet
 facet normal 1.00000000000000 0.00000000000000 0.00000000000000
  outer loop
   vertex 2.50000143051146 -11.00000023841859 13.80000019073487
   vertex 2.50000143051146 -5.11803460121155 8.90211296081544
   vertex 2.50000143051146 -4.81286835670472 8.97537612915040
  endloop
 endfacet
 facet normal 1.00000000000000 -0.00000000000000 0.00000000000000
  outer loop
   vertex 2.50000143051146 6.40211272239685 7.61803340911866
   vertex 2.50000143051146 6.47537684440613 7.31286859512330
   vertex 2.50000143051146 11.00000023841859 13.80000019073487
  endloop
 endfacet
 facet normal 1.00000000000000 0.00000000000000 0.00000000000000
  outer loop
   vertex 2.50000143051146 11.00000023841859 13.80000019073487
   vertex 2.50000143051146 5.67557120323181 8.61803436279297
   vertex 2.50000143051146 5.91421389579773 8.41421318054200
  endloop
 endfacet
 facet normal 1.00000000000000 0.00000000000000 0.00000000000000
  outer loop
   vertex 2.50000143051146 11.00000023841859 13.80000019073487
   vertex 2.50000143051146 5.11803412437439 8.90211296081544
   vertex 2.50000143051146 5.40798163414002 8.78201293945313
  endloop
 endfacet
 facet normal 1.00000000000000 -0.00000000000000 0.00000000000000
  outer loop
   vertex 2.50000143051146 4.49999976158142 9.00000000000001
   vertex 2.50000143051146 4.81286883354187 8.97537612915040
   vertex 2.50000143051146 11.00000023841859 13.80000019073487
  endloop
 endfacet
 facet normal 1.00000000000000 0.00000000000000 0.00000000000000
  outer loop
   vertex 2.50000143051146 -11.00000023841859 2.49999952316284
   vertex 2.50000143051146 -6.50000023841858 6.99999904632569
   vertex 2.50000143051146 -6.47537636756898 7.31286859512330
  endloop
 endfacet
 facet normal 1.00000000000000 -0.00000000000000 0.00000000000000
  outer loop
   vertex 2.50000143051146 5.91421389579773 8.41421318054200
   vertex 2.50000143051146 6.11803412437439 8.17557048797608
   vertex 2.50000143051146 11.00000023841859 13.80000019073487
  endloop
 endfacet
 facet normal 1.00000000000000 -0.00000000000000 0.00000000000000
  outer loop
   vertex 2.50000143051146 4.81286883354187 8.97537612915040
   vertex 2.50000143051146 5.11803412437439 8.90211296081544
   vertex 2.50000143051146 11.00000023841859 13.80000019073487
  endloop
 endfacet
 facet normal 1.00000000000000 0.00000000000000 0.00000000000000
  outer loop
   vertex 2.50000143051146 -11.00000023841859 13.80000019073487
   vertex 2.50000143051146 -5.67556977272034 8.61803436279297
   vertex 2.50000143051146 -5.40798020362855 8.78201293945313
  endloop
 endfacet
 facet normal 1.00000000000000 0.00000000000000 0.00000000000000
  outer loop
   vertex 2.50000143051146 -11.00000023841859 13.80000019073487
   vertex 2.50000143051146 -6.11803460121155 8.17557048797608
   vertex 2.50000143051146 -5.91421341896058 8.41421318054200
  endloop
 endfacet
 facet normal 1.00000000000000 0.00000000000000 0.00000000000000
  outer loop
   vertex 2.50000143051146 -11.00000023841859 2.49999952316284
   vertex 2.50000143051146 -6.50000023841858 2.49999952316284
   vertex 2.50000143051146 -6.50000023841858 6.99999904632569
  endloop
 endfacet
 facet normal 1.00000000000000 -0.00000000000000 0.00000000000000
  outer loop
   vertex 2.50000143051146 5.40798163414002 8.78201293945313
   vertex 2.50000143051146 5.67557120323181 8.61803436279297
   vertex 2.50000143051146 11.00000023841859 13.80000019073487
  endloop
 endfacet
 facet normal 1.00000000000000 0.00000000000000 -0.00000000000000
  outer loop
   vertex 2.50000143051146 -5.91421341896058 8.41421318054200
   vertex 2.50000143051146 -5.67556977272034 8.61803436279297
   vertex 2.50000143051146 -11.00000023841859 13.80000019073487
  endloop
 endfacet
 facet normal 1.00000000000000 0.00000000000000 0.00000000000000
  outer loop
   vertex 2.50000143051146 -11.00000023841859 13.80000019073487
   vertex 2.50000143051146 -6.40211319923401 7.61803340911866
   vertex 2.50000143051146 -6.28201317787171 7.90798044204712
  endloop
 endfacet
 facet normal 1.00000000000000 0.00000000000000 0.00000000000000
  outer loop
   vertex 2.50000143051146 -6.47537636756898 7.31286859512330
   vertex 2.50000143051146 -11.00000023841859 13.80000019073487
   vertex 2.50000143051146 -11.00000023841859 2.49999952316284
  endloop
 endfacet
 facet normal 1.00000000000000 0.00000000000000 -0.00000000000000
  outer loop
   vertex 2.50000143051146 -5.40798020362855 8.78201293945313
   vertex 2.50000143051146 -5.11803460121155 8.90211296081544
   vertex 2.50000143051146 -11.00000023841859 13.80000019073487
  endloop
 endfacet
 facet normal 1.00000000000000 0.00000000000000 -0.00000000000000
  outer loop
   vertex 2.50000143051146 -6.47537636756898 7.31286859512330
   vertex 2.50000143051146 -6.40211319923401 7.61803340911866
   vertex 2.50000143051146 -11.00000023841859 13.80000019073487
  endloop
 endfacet
 facet normal 1.00000000000000 0.00000000000000 -0.00000000000000
  outer loop
   vertex 2.50000143051146 -6.28201317787171 7.90798044204712
   vertex 2.50000143051146 -6.11803460121155 8.17557048797608
   vertex 2.50000143051146 -11.00000023841859 13.80000019073487
  endloop
 endfacet
 facet normal 1.00000000000000 0.00000000000000 0.00000000000000
  outer loop
   vertex 2.50000143051146 6.50000023841858 6.99999904632569
   vertex 2.50000143051146 6.50000023841858 2.49999952316284
   vertex 2.50000143051146 11.00000023841859 2.49999952316284
  endloop
 endfacet
 facet normal 0.00000000000000 0.97237022528197 -0.23344409391779
  outer loop
   vertex 2.50000143051146 -6.47537636756898 7.31286859512330
   vertex -0.00000000000002 -6.47537636756898 7.31286859512330
   vertex -0.00000000000002 -6.40211319923402 7.61803340911866
  endloop
 endfacet
 facet normal 0.00000000000000 0.97237022528197 -0.23344409391778
  outer loop
   vertex -0.00000000000002 -6.40211319923402 7.61803340911866
   vertex 2.50000143051146 -6.40211319923402 7.61803340911866
   vertex 2.50000143051146 -6.47537636756898 7.31286859512330
  endloop
 endfacet
 facet normal -0.00000000000000 0.99691720828358 -0.07846068969917
  outer loop
   vertex 2.50000143051146 -6.47537636756898 7.31286859512330
   vertex 2.50000143051146 -6.50000023841859 6.99999904632569
   vertex -0.00000000000002 -6.50000023841859 6.99999904632569
  endloop
 endfacet
 facet normal -0.00000000000000 0.99691720828358 -0.07846068969917
  outer loop
   vertex -0.00000000000002 -6.50000023841859 6.99999904632569
   vertex -0.00000000000002 -6.47537636756898 7.31286859512330
   vertex 2.50000143051146 -6.47537636756898 7.31286859512330
  endloop
 endfacet
 facet normal -0.99691718022315 0.07846104623268 -0.00000000000000
  outer loop
   vertex 24.00000190734863 -4.50000023841858 0.00000000000000
   vertex 23.97537803649902 -4.81286835670472 0.00000000000000
   vertex 23.97537803649902 -4.81286835670472 1.49999928474426
  endloop
 endfacet
 facet normal -0.99691718022315 0.07846104623268 0.00000000000000
  outer loop
   vertex 23.97537803649902 -4.81286835670472 1.49999928474426
   vertex 24.00000190734863 -4.50000023841858 1.49999928474426
   vertex 24.00000190734863 -4.50000023841858 0.00000000000000
  endloop
 endfacet
 facet normal -0.97237047368188 0.23344305924933 -0.00000000000000
  outer loop
   vertex 23.90211486816405 -5.11803460121155 1.49999928474426
   vertex 23.97537803649902 -4.81286835670471 1.49999928474426
   vertex 23.97537803649902 -4.81286835670472 0.00000000000000
  endloop
 endfacet
 facet normal -0.97237047368188 0.23344305924933 -0.00000000000000
  outer loop
   vertex 23.97537803649902 -4.81286835670472 0.00000000000000
   vertex 23.90211486816405 -5.11803460121155 0.00000000000000
   vertex 23.90211486816405 -5.11803460121155 1.49999928474426
  endloop
 endfacet
 facet normal -0.92387883349103 0.38268511994492 0.00000000000000
  outer loop
   vertex 23.90211486816405 -5.11803460121155 1.49999928474426
   vertex 23.90211486816405 -5.11803460121155 0.00000000000000
   vertex 23.78201484680175 -5.40798020362855 0.00000000000000
  endloop
 endfacet
 facet normal -0.92387883349103 0.38268511994492 0.00000000000000
  outer loop
   vertex 23.78201484680175 -5.40798020362855 0.00000000000000
   vertex 23.78201484680175 -5.40798020362855 1.49999928474426
   vertex 23.90211486816405 -5.11803460121155 1.49999928474426
  endloop
 endfacet
 facet normal -0.85264090560523 0.52249735510210 0.00000000000000
  outer loop
   vertex 23.61803627014159 -5.67556977272034 1.49999928474426
   vertex 23.78201484680174 -5.40798020362855 1.49999928474426
   vertex 23.78201484680174 -5.40798020362855 0.00000000000000
  endloop
 endfacet
 facet normal -0.85264090560523 0.52249735510210 0.00000000000000
  outer loop
   vertex 23.78201484680174 -5.40798020362855 0.00000000000000
   vertex 23.61803627014159 -5.67556977272034 0.00000000000000
   vertex 23.61803627014159 -5.67556977272034 1.49999928474426
  endloop
 endfacet
 facet normal -0.76040556703318 0.64944851499172 0.00000000000000
  outer loop
   vertex 23.61803627014159 -5.67556977272034 1.49999928474426
   vertex 23.61803627014159 -5.67556977272034 0.00000000000000
   vertex 23.41421508789061 -5.91421341896058 0.00000000000000
  endloop
 endfacet
 facet normal -0.76040556703318 0.64944851499172 0.00000000000000
  outer loop
   vertex 23.41421508789061 -5.91421341896058 0.00000000000000
   vertex 23.41421508789061 -5.91421341896058 1.49999928474426
   vertex 23.61803627014159 -5.67556977272034 1.49999928474426
  endloop
 endfacet
 facet normal -0.64944851499171 0.76040556703318 0.00000000000000
  outer loop
   vertex 23.41421508789061 -5.91421341896058 1.49999928474426
   vertex 23.41421508789061 -5.91421341896058 0.00000000000000
   vertex 23.17557144165038 -6.11803460121155 0.00000000000000
  endloop
 endfacet
 facet normal -0.64944851499171 0.76040556703318 0.00000000000000
  outer loop
   vertex 23.17557144165038 -6.11803460121155 0.00000000000000
   vertex 23.17557144165038 -6.11803460121155 1.49999928474426
   vertex 23.41421508789061 -5.91421341896058 1.49999928474426
  endloop
 endfacet
 facet normal -0.52249735510209 0.85264090560524 0.00000000000000
  outer loop
   vertex 22.90798187255858 -6.28201317787171 1.49999928474426
   vertex 23.17557144165038 -6.11803460121155 1.49999928474426
   vertex 23.17557144165038 -6.11803460121155 0.00000000000000
  endloop
 endfacet
 facet normal -0.52249735510209 0.85264090560524 0.00000000000000
  outer loop
   vertex 23.17557144165038 -6.11803460121155 0.00000000000000
   vertex 22.90798187255858 -6.28201317787171 0.00000000000000
   vertex 22.90798187255858 -6.28201317787171 1.49999928474426
  endloop
 endfacet
 facet normal -0.38268511994494 0.92387883349102 -0.00000000000000
  outer loop
   vertex 22.90798187255858 -6.28201317787171 1.49999928474426
   vertex 22.90798187255858 -6.28201317787171 0.00000000000000
   vertex 22.61803627014159 -6.40211319923401 0.00000000000000
  endloop
 endfacet
 facet normal -0.38268511994494 0.92387883349102 0.00000000000000
  outer loop
   vertex 22.61803627014159 -6.40211319923401 0.00000000000000
   vertex 22.61803627014159 -6.40211319923401 1.49999928474426
   vertex 22.90798187255858 -6.28201317787171 1.49999928474426
  endloop
 endfacet
 facet normal 0.00000000000000 -0.00000000000000 1.00000000000000
  outer loop
   vertex 65.80000305175781 -11.00000023841859 1.49999928474426
   vertex 65.80000305175781 11.00000023841859 1.49999928474426
   vertex 24.00000190734863 4.49999976158142 1.49999928474426
  endloop
 endfacet
 facet normal 0.00000000000000 0.00000000000000 1.00000000000000
  outer loop
   vertex 65.80000305175781 11.00000023841859 1.49999928474426
   vertex 23.97537803649902 4.81286883354187 1.49999928474426
   vertex 24.00000190734863 4.49999976158142 1.49999928474426
  endloop
 endfacet
 facet normal 0.00000000000000 0.00000000000000 1.00000000000000
  outer loop
   vertex 24.00000190734863 4.49999976158142 1.49999928474426
   vertex 24.00000190734863 -4.50000023841858 1.49999928474426
   vertex 65.80000305175781 -11.00000023841859 1.49999928474426
  endloop
 endfacet
 facet normal 0.00000000000000 0.00000000000000 1.00000000000000
  outer loop
   vertex 65.80000305175781 11.00000023841859 1.49999928474426
   vertex 3.50000143051146 11.00000023841859 1.49999928474426
   vertex 22.00000190734862 6.50000023841858 1.49999928474426
  endloop
 endfacet
 facet normal 0.00000000000000 0.00000000000000 1.00000000000000
  outer loop
   vertex 65.80000305175781 -11.00000023841859 1.49999928474426
   vertex 23.17557144165038 -6.11803460121155 1.49999928474426
   vertex 22.90798187255858 -6.28201317787171 1.49999928474426
  endloop
 endfacet
 facet normal 0.00000000000000 0.00000000000000 1.00000000000000
  outer loop
   vertex 65.80000305175781 -11.00000023841859 1.49999928474426
   vertex 23.61803627014159 -5.67556977272034 1.49999928474426
   vertex 23.41421508789061 -5.91421341896058 1.49999928474426
  endloop
 endfacet
 facet normal 0.00000000000000 0.00000000000000 1.00000000000000
  outer loop
   vertex 24.00000190734863 -4.50000023841858 1.49999928474426
   vertex 23.97537803649902 -4.81286835670472 1.49999928474426
   vertex 65.80000305175781 -11.00000023841859 1.49999928474426
  endloop
 endfacet
 facet normal 0.00000000000000 0.00000000000000 1.00000000000000
  outer loop
   vertex 65.80000305175781 11.00000023841859 1.49999928474426
   vertex 23.17557144165038 6.11803412437439 1.49999928474426
   vertex 23.41421508789061 5.91421389579773 1.49999928474426
  endloop
 endfacet
 facet normal 0.00000000000000 0.00000000000000 1.00000000000000
  outer loop
   vertex 65.80000305175781 11.00000023841859 1.49999928474426
   vertex 22.61803627014159 6.40211272239685 1.49999928474426
   vertex 22.90798187255859 6.28201270103455 1.49999928474426
  endloop
 endfacet
 facet normal 0.00000000000000 0.00000000000000 1.00000000000000
  outer loop
   vertex 3.50000143051146 11.00000023841859 1.49999928474426
   vertex 3.50000143051146 6.50000023841858 1.49999928474426
   vertex 22.00000190734862 6.50000023841858 1.49999928474426
  endloop
 endfacet
 facet normal 0.00000000000000 0.00000000000000 1.00000000000000
  outer loop
   vertex 3.50000143051146 -11.00000023841859 1.49999928474426
   vertex 22.31287002563476 -6.47537636756898 1.49999928474426
   vertex 22.00000190734862 -6.50000023841859 1.49999928474426
  endloop
 endfacet
 facet normal 0.00000000000000 0.00000000000000 1.00000000000000
  outer loop
   vertex 65.80000305175781 -11.00000023841859 1.49999928474426
   vertex 22.61803627014159 -6.40211319923402 1.49999928474426
   vertex 22.31287002563476 -6.47537636756898 1.49999928474426
  endloop
 endfacet
 facet normal 0.00000000000000 0.00000000000000 1.00000000000000
  outer loop
   vertex 23.41421508789061 -5.91421341896058 1.49999928474426
   vertex 23.17557144165038 -6.11803460121155 1.49999928474426
   vertex 65.80000305175781 -11.00000023841859 1.49999928474426
  endloop
 endfacet
 facet normal 0.00000000000000 0.00000000000000 1.00000000000000
  outer loop
   vertex 65.80000305175781 -11.00000023841859 1.49999928474426
   vertex 23.90211486816405 -5.11803460121155 1.49999928474426
   vertex 23.78201484680174 -5.40798020362855 1.49999928474426
  endloop
 endfacet
 facet normal 0.00000000000000 0.00000000000000 1.00000000000000
  outer loop
   vertex 65.80000305175781 11.00000023841859 1.49999928474426
   vertex 23.90211486816405 5.11803412437439 1.49999928474426
   vertex 23.97537803649902 4.81286883354187 1.49999928474426
  endloop
 endfacet
 facet normal 0.00000000000000 0.00000000000000 1.00000000000000
  outer loop
   vertex 65.80000305175781 11.00000023841859 1.49999928474426
   vertex 23.61803627014159 5.67557120323181 1.49999928474426
   vertex 23.78201484680174 5.40798163414002 1.49999928474426
  endloop
 endfacet
 facet normal -0.00000000000000 0.00000000000000 1.00000000000000
  outer loop
   vertex 22.90798187255859 6.28201270103455 1.49999928474426
   vertex 23.17557144165038 6.11803412437439 1.49999928474426
   vertex 65.80000305175781 11.00000023841859 1.49999928474426
  endloop
 endfacet
 facet normal -0.00000000000000 0.00000000000000 1.00000000000000
  outer loop
   vertex 22.00000190734862 6.50000023841858 1.49999928474426
   vertex 22.31287002563476 6.47537684440613 1.49999928474426
   vertex 65.80000305175781 11.00000023841859 1.49999928474426
  endloop
 endfacet
 facet normal 0.00000000000000 0.00000000000000 1.00000000000000
  outer loop
   vertex 22.31287002563476 -6.47537636756898 1.49999928474426
   vertex 3.50000143051146 -11.00000023841859 1.49999928474426
   vertex 65.80000305175781 -11.00000023841859 1.49999928474426
  endloop
 endfacet
 facet normal 0.00000000000000 0.00000000000000 1.00000000000000
  outer loop
   vertex 23.78201484680174 -5.40798020362855 1.49999928474426
   vertex 23.61803627014159 -5.67556977272034 1.49999928474426
   vertex 65.80000305175781 -11.00000023841859 1.49999928474426
  endloop
 endfacet
 facet normal -0.00000000000000 0.00000000000000 1.00000000000000
  outer loop
   vertex 23.78201484680174 5.40798163414002 1.49999928474426
   vertex 23.90211486816405 5.11803412437439 1.49999928474426
   vertex 65.80000305175781 11.00000023841859 1.49999928474426
  endloop
 endfacet
 facet normal -0.00000000000000 0.00000000000000 1.00000000000000
  outer loop
   vertex 22.31287002563476 6.47537684440613 1.49999928474426
   vertex 22.61803627014159 6.40211272239685 1.49999928474426
   vertex 65.80000305175781 11.00000023841859 1.49999928474426
  endloop
 endfacet
 facet normal 0.00000000000000 0.00000000000000 1.00000000000000
  outer loop
   vertex 22.90798187255858 -6.28201317787171 1.49999928474426
   vertex 22.61803627014159 -6.40211319923402 1.49999928474426
   vertex 65.80000305175781 -11.00000023841859 1.49999928474426
  endloop
 endfacet
 facet normal -0.00000000000000 0.00000000000000 1.00000000000000
  outer loop
   vertex 23.41421508789061 5.91421389579773 1.49999928474426
   vertex 23.61803627014159 5.67557120323181 1.49999928474426
   vertex 65.80000305175781 11.00000023841859 1.49999928474426
  endloop
 endfacet
 facet normal 0.00000000000000 0.00000000000000 1.00000000000000
  outer loop
   vertex 23.97537803649902 -4.81286835670472 1.49999928474426
   vertex 23.90211486816405 -5.11803460121155 1.49999928474426
   vertex 65.80000305175781 -11.00000023841859 1.49999928474426
  endloop
 endfacet
 facet normal 0.00000000000000 0.00000000000000 1.00000000000000
  outer loop
   vertex 22.00000190734862 -6.50000023841859 1.49999928474426
   vertex 3.50000143051146 -6.50000023841859 1.49999928474426
   vertex 3.50000143051146 -11.00000023841859 1.49999928474426
  endloop
 endfacet
 facet normal -0.23344305924932 0.97237047368188 0.00000000000000
  outer loop
   vertex 22.31287002563476 -6.47537636756898 1.49999928474426
   vertex 22.61803627014159 -6.40211319923402 1.49999928474426
   vertex 22.61803627014159 -6.40211319923402 0.00000000000000
  endloop
 endfacet
 facet normal -0.23344305924932 0.97237047368188 0.00000000000000
  outer loop
   vertex 22.61803627014159 -6.40211319923402 0.00000000000000
   vertex 22.31287002563476 -6.47537636756898 0.00000000000000
   vertex 22.31287002563476 -6.47537636756898 1.49999928474426
  endloop
 endfacet
 facet normal -0.07846104623265 0.99691718022315 0.00000000000000
  outer loop
   vertex 22.31287002563476 -6.47537636756898 1.49999928474426
   vertex 22.31287002563476 -6.47537636756898 0.00000000000000
   vertex 22.00000190734862 -6.50000023841859 0.00000000000000
  endloop
 endfacet
 facet normal -0.07846104623265 0.99691718022315 0.00000000000000
  outer loop
   vertex 22.00000190734862 -6.50000023841859 0.00000000000000
   vertex 22.00000190734862 -6.50000023841859 1.49999928474426
   vertex 22.31287002563476 -6.47537636756898 1.49999928474426
  endloop
 endfacet
 facet normal 0.00000000000000 1.00000000000000 0.00000000000000
  outer loop
   vertex 22.00000190734862 -6.50000023841859 0.00000000000000
   vertex 2.00000023841856 -6.50000023841859 0.00000000000000
   vertex 3.50000143051146 -6.50000023841859 1.49999928474426
  endloop
 endfacet
 facet normal 0.00000000000000 1.00000000000000 0.00000000000000
  outer loop
   vertex 2.00000023841856 -6.50000023841859 0.00000000000000
   vertex 3.34356737136839 -6.50000023841859 1.51231145858765
   vertex 3.50000143051146 -6.50000023841859 1.49999928474426
  endloop
 endfacet
 facet normal 0.00000000000000 1.00000000000000 0.00000000000000
  outer loop
   vertex 2.00000023841856 -6.50000023841859 0.00000000000000
   vertex 3.19098305702208 -6.50000023841859 1.54894316196442
   vertex 3.34356737136839 -6.50000023841859 1.51231145858765
  endloop
 endfacet
 facet normal -0.00000000000000 1.00000000000000 0.00000000000000
  outer loop
   vertex -0.00000000000002 -6.50000023841859 1.99999940395355
   vertex 2.60899591445921 -6.50000023841859 2.04600954055786
   vertex 2.69098567962644 -6.50000023841859 1.91221475601196
  endloop
 endfacet
 facet normal 0.00000000000000 1.00000000000000 0.00000000000000
  outer loop
   vertex 2.00000023841856 -6.50000023841859 0.00000000000000
   vertex 3.04600977897642 -6.50000023841859 1.60899293422699
   vertex 3.19098305702208 -6.50000023841859 1.54894316196442
  endloop
 endfacet
 facet normal 0.00000000000000 1.00000000000000 0.00000000000000
  outer loop
   vertex 2.00000023841856 -6.50000023841859 0.00000000000000
   vertex 2.79289484024046 -6.50000023841859 1.79289281368256
   vertex 2.91221594810484 -6.50000023841859 1.69098281860352
  endloop
 endfacet
 facet normal 0.00000000000000 1.00000000000000 0.00000000000000
  outer loop
   vertex -0.00000000000002 -6.50000023841859 1.99999940395355
   vertex 2.54894423484800 -6.50000023841859 2.19098281860352
   vertex 2.60899591445921 -6.50000023841859 2.04600954055786
  endloop
 endfacet
 facet normal -0.00000000000000 1.00000000000000 0.00000000000000
  outer loop
   vertex -0.00000000000002 -6.50000023841859 6.99999904632569
   vertex 2.50000143051146 -6.50000023841859 6.99999904632569
   vertex 2.50000143051146 -6.50000023841859 2.49999952316284
  endloop
 endfacet
 facet normal 0.00000000000000 1.00000000000000 0.00000000000000
  outer loop
   vertex 2.91221594810484 -6.50000023841859 1.69098281860352
   vertex 3.04600977897642 -6.50000023841859 1.60899293422699
   vertex 2.00000023841856 -6.50000023841859 0.00000000000000
  endloop
 endfacet
 facet normal 0.00000000000000 1.00000000000000 0.00000000000000
  outer loop
   vertex 2.69098567962644 -6.50000023841859 1.91221475601196
   vertex 2.00000023841856 -6.50000023841859 0.00000000000000
   vertex -0.00000000000002 -6.50000023841859 1.99999940395355
  endloop
 endfacet
 facet normal 0.00000000000000 1.00000000000000 0.00000000000000
  outer loop
   vertex 2.50000143051146 -6.50000023841859 2.49999952316284
   vertex -0.00000000000002 -6.50000023841859 1.99999940395355
   vertex -0.00000000000002 -6.50000023841859 6.99999904632569
  endloop
 endfacet
 facet normal 0.00000000000000 1.00000000000000 0.00000000000000
  outer loop
   vertex 2.69098567962644 -6.50000023841859 1.91221475601196
   vertex 2.79289484024046 -6.50000023841859 1.79289281368256
   vertex 2.00000023841856 -6.50000023841859 0.00000000000000
  endloop
 endfacet
 facet normal 0.00000000000000 1.00000000000000 0.00000000000000
  outer loop
   vertex 2.50000143051146 -6.50000023841859 2.49999952316284
   vertex 2.51231336593626 -6.50000023841859 2.34356522560120
   vertex -0.00000000000002 -6.50000023841859 1.99999940395355
  endloop
 endfacet
 facet normal 0.00000000000000 1.00000000000000 0.00000000000000
  outer loop
   vertex 2.51231336593626 -6.50000023841859 2.34356522560120
   vertex 2.54894423484800 -6.50000023841859 2.19098281860352
   vertex -0.00000000000002 -6.50000023841859 1.99999940395355
  endloop
 endfacet
 facet normal -0.00000000000000 1.00000000000000 0.00000000000000
  outer loop
   vertex 3.50000143051146 -6.50000023841859 1.49999928474426
   vertex 22.00000190734862 -6.50000023841859 1.49999928474426
   vertex 22.00000190734862 -6.50000023841859 0.00000000000000
  endloop
 endfacet
 facet normal -0.70710663367255 -0.00000000000000 -0.70710692870052
  outer loop
   vertex 2.00000023841856 -6.50000023841858 -0.00000000000000
   vertex 2.00000023841856 -11.00000023841859 0.00000000000000
   vertex -0.00000000000002 -11.00000023841859 1.99999940395355
  endloop
 endfacet
 facet normal -0.70710663367255 0.00000000000000 -0.70710692870052
  outer loop
   vertex -0.00000000000002 -11.00000023841859 1.99999940395355
   vertex -0.00000000000002 -6.50000023841858 1.99999940395355
   vertex 2.00000023841856 -6.50000023841858 -0.00000000000000
  endloop
 endfacet
 facet normal -1.00000000000000 0.00000000000000 0.00000000000000
  outer loop
   vertex -0.00000000000002 -11.00000023841859 12.50000000000001
   vertex -0.00000000000002 11.00000023841859 12.50000000000001
   vertex -0.00000000000002 4.49999976158142 9.00000000000001
  endloop
 endfacet
 facet normal -1.00000000000000 0.00000000000000 0.00000000000000
  outer loop
   vertex -0.00000000000002 11.00000023841859 12.50000000000001
   vertex -0.00000000000002 4.81286883354187 8.97537612915040
   vertex -0.00000000000002 4.49999976158142 9.00000000000001
  endloop
 endfacet
 facet normal -1.00000000000000 0.00000000000000 0.00000000000000
  outer loop
   vertex -0.00000000000002 4.49999976158142 9.00000000000001
   vertex -0.00000000000002 -4.50000023841858 9.00000000000001
   vertex -0.00000000000002 -11.00000023841859 12.50000000000001
  endloop
 endfacet
 facet normal -1.00000000000000 0.00000000000000 0.00000000000000
  outer loop
   vertex -0.00000000000002 11.00000023841859 12.50000000000001
   vertex -0.00000000000002 6.40211272239685 7.61803340911866
   vertex -0.00000000000002 6.28201270103455 7.90798044204712
  endloop
 endfacet
 facet normal -1.00000000000000 0.00000000000000 0.00000000000000
  outer loop
   vertex -0.00000000000002 11.00000023841859 1.99999940395355
   vertex -0.00000000000002 6.50000023841858 1.99999940395355
   vertex -0.00000000000002 6.50000023841858 6.99999904632569
  endloop
 endfacet
 facet normal -1.00000000000000 -0.00000000000000 0.00000000000000
  outer loop
   vertex -0.00000000000002 -4.50000023841858 9.00000000000001
   vertex -0.00000000000002 -4.81286835670472 8.97537612915040
   vertex -0.00000000000002 -11.00000023841859 12.50000000000001
  endloop
 endfacet
 facet normal -1.00000000000000 0.00000000000000 0.00000000000000
  outer loop
   vertex -0.00000000000002 11.00000023841859 12.50000000000001
   vertex -0.00000000000002 6.47537684440613 7.31286859512330
   vertex -0.00000000000002 6.40211272239685 7.61803340911866
  endloop
 endfacet
 facet normal -1.00000000000000 0.00000000000000 0.00000000000000
  outer loop
   vertex -0.00000000000002 6.50000023841858 6.99999904632569
   vertex -0.00000000000002 11.00000023841859 12.50000000000001
   vertex -0.00000000000002 11.00000023841859 1.99999940395355
  endloop
 endfacet
 facet normal -1.00000000000000 0.00000000000000 0.00000000000000
  outer loop
   vertex -0.00000000000002 -11.00000023841859 1.99999940395355
   vertex -0.00000000000002 -11.00000023841859 12.50000000000001
   vertex -0.00000000000002 -6.50000023841859 6.99999904632569
  endloop
 endfacet
 facet normal -1.00000000000000 0.00000000000000 0.00000000000000
  outer loop
   vertex -0.00000000000002 11.00000023841859 12.50000000000001
   vertex -0.00000000000002 5.11803412437439 8.90211296081544
   vertex -0.00000000000002 4.81286883354187 8.97537612915040
  endloop
 endfacet
 facet normal -1.00000000000000 0.00000000000000 0.00000000000000
  outer loop
   vertex -0.00000000000002 11.00000023841859 12.50000000000001
   vertex -0.00000000000002 5.67557120323181 8.61803436279297
   vertex -0.00000000000002 5.40798163414002 8.78201293945313
  endloop
 endfacet
 facet normal -1.00000000000000 0.00000000000000 0.00000000000000
  outer loop
   vertex -0.00000000000002 11.00000023841859 12.50000000000001
   vertex -0.00000000000002 6.11803412437439 8.17557048797608
   vertex -0.00000000000002 5.91421389579773 8.41421318054200
  endloop
 endfacet
 facet normal -1.00000000000000 0.00000000000000 0.00000000000000
  outer loop
   vertex -0.00000000000002 6.50000023841858 6.99999904632569
   vertex -0.00000000000002 6.47537684440613 7.31286859512330
   vertex -0.00000000000002 11.00000023841859 12.50000000000001
  endloop
 endfacet
 facet normal -1.00000000000000 0.00000000000000 0.00000000000000
  outer loop
   vertex -0.00000000000002 -11.00000023841859 12.50000000000001
   vertex -0.00000000000002 -6.47537636756898 7.31286859512330
   vertex -0.00000000000002 -6.50000023841859 6.99999904632569
  endloop
 endfacet
 facet normal -1.00000000000000 0.00000000000000 0.00000000000000
  outer loop
   vertex -0.00000000000002 -11.00000023841859 12.50000000000001
   vertex -0.00000000000002 -5.67556977272034 8.61803436279297
   vertex -0.00000000000002 -5.91421341896058 8.41421318054200
  endloop
 endfacet
 facet normal -1.00000000000000 0.00000000000000 0.00000000000000
  outer loop
   vertex -0.00000000000002 -11.00000023841859 12.50000000000001
   vertex -0.00000000000002 -5.11803460121155 8.90211296081544
   vertex -0.00000000000002 -5.40798020362855 8.78201293945313
  endloop
 endfacet
 facet normal -1.00000000000000 0.00000000000000 0.00000000000000
  outer loop
   vertex -0.00000000000002 5.40798163414002 8.78201293945313
   vertex -0.00000000000002 5.11803412437439 8.90211296081544
   vertex -0.00000000000002 11.00000023841859 12.50000000000001
  endloop
 endfacet
 facet normal -1.00000000000000 0.00000000000000 0.00000000000000
  outer loop
   vertex -0.00000000000002 6.28201270103455 7.90798044204712
   vertex -0.00000000000002 6.11803412437439 8.17557048797608
   vertex -0.00000000000002 11.00000023841859 12.50000000000001
  endloop
 endfacet
 facet normal -1.00000000000000 0.00000000000000 0.00000000000000
  outer loop
   vertex -0.00000000000002 -11.00000023841859 12.50000000000001
   vertex -0.00000000000002 -6.40211319923402 7.61803340911866
   vertex -0.00000000000002 -6.47537636756898 7.31286859512330
  endloop
 endfacet
 facet normal -1.00000000000000 0.00000000000000 0.00000000000000
  outer loop
   vertex -0.00000000000002 -11.00000023841859 12.50000000000001
   vertex -0.00000000000002 -6.11803460121155 8.17557048797608
   vertex -0.00000000000002 -6.28201317787171 7.90798044204712
  endloop
 endfacet
 facet normal -1.00000000000000 -0.00000000000000 0.00000000000000
  outer loop
   vertex -0.00000000000002 -5.40798020362855 8.78201293945313
   vertex -0.00000000000002 -5.67556977272034 8.61803436279297
   vertex -0.00000000000002 -11.00000023841859 12.50000000000001
  endloop
 endfacet
 facet normal -1.00000000000000 0.00000000000000 0.00000000000000
  outer loop
   vertex -0.00000000000002 5.91421389579773 8.41421318054200
   vertex -0.00000000000002 5.67557120323181 8.61803436279297
   vertex -0.00000000000002 11.00000023841859 12.50000000000001
  endloop
 endfacet
 facet normal -1.00000000000000 -0.00000000000000 0.00000000000000
  outer loop
   vertex -0.00000000000002 -6.28201317787171 7.90798044204712
   vertex -0.00000000000002 -6.40211319923402 7.61803340911866
   vertex -0.00000000000002 -11.00000023841859 12.50000000000001
  endloop
 endfacet
 facet normal -1.00000000000000 -0.00000000000000 0.00000000000000
  outer loop
   vertex -0.00000000000002 -4.81286835670472 8.97537612915040
   vertex -0.00000000000002 -5.11803460121155 8.90211296081544
   vertex -0.00000000000002 -11.00000023841859 12.50000000000001
  endloop
 endfacet
 facet normal -1.00000000000000 -0.00000000000000 0.00000000000000
  outer loop
   vertex -0.00000000000002 -5.91421341896058 8.41421318054200
   vertex -0.00000000000002 -6.11803460121155 8.17557048797608
   vertex -0.00000000000002 -11.00000023841859 12.50000000000001
  endloop
 endfacet
 facet normal -1.00000000000000 0.00000000000000 -0.00000000000000
  outer loop
   vertex -0.00000000000002 -6.50000023841859 6.99999904632569
   vertex -0.00000000000002 -6.50000023841858 1.99999940395355
   vertex -0.00000000000002 -11.00000023841859 1.99999940395355
  endloop
 endfacet
 facet normal -0.99691685669303 0.07846515686143 0.00000000000000
  outer loop
   vertex -0.00000000000002 11.00000023841859 1.99999940395355
   vertex -0.00000000000002 11.00000023841859 12.50000000000001
   vertex 0.04309415817259 11.54752087593080 12.50000000000001
  endloop
 endfacet
 facet normal -0.99691685669303 0.07846515686143 -0.00000000000000
  outer loop
   vertex 0.04309415817259 11.54752087593080 12.50000000000001
   vertex 0.04309415817259 11.54752087593080 1.99999940395355
   vertex -0.00000000000002 11.00000023841859 1.99999940395355
  endloop
 endfacet
 facet normal -0.99691684600215 -0.07846529269124 -0.00000000000000
  outer loop
   vertex -0.00000000000002 -11.00000023841859 1.99999940395355
   vertex 0.04309415817259 -11.54751992225649 1.99999940395355
   vertex 0.04309415817259 -11.54751992225648 12.50000000000001
  endloop
 endfacet
 facet normal -0.99691684600215 -0.07846529269124 0.00000000000000
  outer loop
   vertex 0.04309415817259 -11.54751992225648 12.50000000000001
   vertex -0.00000000000002 -11.00000023841859 12.50000000000001
   vertex -0.00000000000002 -11.00000023841859 1.99999940395355
  endloop
 endfacet
 facet normal -0.70601405409863 0.05556883016804 -0.70601434867074
  outer loop
   vertex 0.04309415817259 11.54752087593080 1.99999940395355
   vertex 2.01846971237320 11.23465161080482 -0.00000057495002
   vertex 2.00000023841856 11.00000023841859 -0.00000000000000
  endloop
 endfacet
 facet normal -0.70601405409863 0.05556883016804 -0.70601434867074
  outer loop
   vertex 2.00000023841856 11.00000023841859 -0.00000000000000
   vertex -0.00000000000002 11.00000023841859 1.99999940395355
   vertex 0.04309415817259 11.54752087593080 1.99999940395355
  endloop
 endfacet
 facet normal -0.97237067858418 0.23344220575924 0.00000000000000
  outer loop
   vertex 0.04309415817259 11.54752087593080 12.50000000000000
   vertex 0.17130374908445 12.08155989646913 12.50000000000000
   vertex 0.17130374908445 12.08155989646912 1.99999940395355
  endloop
 endfacet
 facet normal -0.97237067858418 0.23344220575924 -0.00000000000000
  outer loop
   vertex 0.17130374908445 12.08155989646912 1.99999940395355
   vertex 0.04309415817259 11.54752087593080 1.99999940395355
   vertex 0.04309415817259 11.54752087593080 12.50000000000000
  endloop
 endfacet
 facet normal -0.68863037748456 0.16532316102629 -0.70601448684411
  outer loop
   vertex 0.17130374908445 12.08155989646912 1.99999940395355
   vertex 2.07341788460444 11.46352589074608 -0.00000050670196
   vertex 2.01847028732298 11.23465156555177 0.00000000000000
  endloop
 endfacet
 facet normal -0.68863037748456 0.16532316102629 -0.70601448684411
  outer loop
   vertex 2.01847028732298 11.23465156555177 0.00000000000000
   vertex 0.04309415817259 11.54752087593080 1.99999940395355
   vertex 0.17130374908445 12.08155989646912 1.99999940395355
  endloop
 endfacet
 facet normal -0.92388044165307 0.38268123749529 0.00000000000000
  outer loop
   vertex 0.17130374908445 12.08155989646913 12.50000000000001
   vertex 0.38147717714308 12.58896684646608 12.50000000000001
   vertex 0.38147717714308 12.58896684646608 1.99999940395355
  endloop
 endfacet
 facet normal -0.92388044165307 0.38268123749529 0.00000000000000
  outer loop
   vertex 0.38147717714308 12.58896684646608 1.99999940395355
   vertex 0.17130374908445 12.08155989646912 1.99999940395355
   vertex 0.17130374908445 12.08155989646913 12.50000000000001
  endloop
 endfacet
 facet normal -0.65428941745962 0.27101372933658 -0.70601481337960
  outer loop
   vertex 0.17130374908445 12.08155989646913 1.99999940395355
   vertex 0.38147717714308 12.58896684646608 1.99999940395355
   vertex 2.16349242386535 11.68098583599707 0.00000023858634
  endloop
 endfacet
 facet normal -0.65428941745962 0.27101372933657 -0.70601481337960
  outer loop
   vertex 2.16349242386535 11.68098583599707 0.00000023858634
   vertex 2.07341837882994 11.46352577209474 -0.00000000000000
   vertex 0.17130374908445 12.08155989646913 1.99999940395355
  endloop
 endfacet
 facet normal -0.85263773637062 0.52250252680421 0.00000000000000
  outer loop
   vertex 0.66844373941420 13.05724883079530 1.99999940395355
   vertex 0.38147717714308 12.58896684646608 1.99999940395355
   vertex 0.38147717714308 12.58896684646608 12.50000000000001
  endloop
 endfacet
 facet normal -0.85263773637062 0.52250252680420 0.00000000000000
  outer loop
   vertex 0.38147717714308 12.58896684646608 12.50000000000001
   vertex 0.66844373941420 13.05724883079530 12.50000000000001
   vertex 0.66844373941420 13.05724883079530 1.99999940395355
  endloop
 endfacet
 facet normal -0.60383569145577 0.37003484727664 -0.70601463832210
  outer loop
   vertex 0.38147717714308 12.58896684646608 1.99999940395355
   vertex 0.66844373941420 13.05724883079530 1.99999940395355
   vertex 2.28647603328913 11.88167710562976 0.00000099583285
  endloop
 endfacet
 facet normal -0.60383569145577 0.37003484727664 -0.70601463832210
  outer loop
   vertex 2.28647603328913 11.88167710562976 0.00000099583285
   vertex 2.16349220275877 11.68098592758180 -0.00000000000000
   vertex 0.38147717714308 12.58896684646608 1.99999940395355
  endloop
 endfacet
 facet normal -0.76040648045394 0.64944744551322 -0.00000000000000
  outer loop
   vertex 0.66844373941420 13.05724883079530 12.50000000000001
   vertex 1.02512907981871 13.47487437725069 12.50000000000001
   vertex 1.02512907981870 13.47487437725068 1.99999940395355
  endloop
 endfacet
 facet normal -0.76040648045394 0.64944744551322 -0.00000000000000
  outer loop
   vertex 1.02512907981870 13.47487437725068 1.99999940395355
   vertex 0.66844373941420 13.05724883079530 1.99999940395355
   vertex 0.66844373941420 13.05724883079530 12.50000000000001
  endloop
 endfacet
 facet normal -0.53851807658499 0.45993714965716 -0.70601423466985
  outer loop
   vertex 1.02512907981870 13.47487437725068 1.99999940395355
   vertex 2.43934189862134 12.06066063640757 -0.00000078682605
   vertex 2.28647518157957 11.88167762756349 0.00000000000000
  endloop
 endfacet
 facet normal -0.53851807658500 0.45993714965716 -0.70601423466985
  outer loop
   vertex 2.28647518157957 11.88167762756349 0.00000000000000
   vertex 0.66844373941420 13.05724883079530 1.99999940395355
   vertex 1.02512907981870 13.47487437725068 1.99999940395355
  endloop
 endfacet
 facet normal -0.64944911613439 0.76040505360778 0.00000000000000
  outer loop
   vertex 1.02512907981871 13.47487437725069 12.50000000000001
   vertex 1.44275283813475 13.83155977725984 12.50000000000001
   vertex 1.44275283813474 13.83155977725984 1.99999940395355
  endloop
 endfacet
 facet normal -0.64944911613439 0.76040505360778 -0.00000000000000
  outer loop
   vertex 1.44275283813474 13.83155977725984 1.99999940395355
   vertex 1.02512907981870 13.47487437725068 1.99999940395355
   vertex 1.02512907981871 13.47487437725069 12.50000000000001
  endloop
 endfacet
 facet normal -0.45993810155426 0.53851679535777 -0.70601459181540
  outer loop
   vertex 1.02512907981870 13.47487437725068 1.99999940395355
   vertex 1.44275283813474 13.83155977725984 1.99999940395355
   vertex 2.61832411482935 12.21352544766253 0.00000011276691
  endloop
 endfacet
 facet normal -0.45993810155426 0.53851679535777 -0.70601459181540
  outer loop
   vertex 2.61832411482935 12.21352544766253 0.00000011276691
   vertex 2.43934249877928 12.06066012382508 -0.00000000000000
   vertex 1.02512907981870 13.47487437725068 1.99999940395355
  endloop
 endfacet
 facet normal -0.52249600902996 0.85264173047521 0.00000000000000
  outer loop
   vertex 1.91103672981260 14.11852258443833 12.50000000000001
   vertex 1.91103672981260 14.11852258443833 1.99999940395355
   vertex 1.44275283813474 13.83155977725984 1.99999940395355
  endloop
 endfacet
 facet normal -0.52249600902996 0.85264173047521 -0.00000000000000
  outer loop
   vertex 1.44275283813474 13.83155977725984 1.99999940395355
   vertex 1.44275283813475 13.83155977725984 12.50000000000001
   vertex 1.91103672981260 14.11852258443833 12.50000000000001
  endloop
 endfacet
 facet normal -0.37003318884365 0.60383724130728 -0.70601418198547
  outer loop
   vertex 1.44275348638746 13.83155871941113 2.00000064080371
   vertex 1.91103672981260 14.11852258443833 1.99999940395355
   vertex 2.81901645660398 12.33651041984559 -0.00000000000000
  endloop
 endfacet
 facet normal -0.37003318884366 0.60383724130728 -0.70601418198547
  outer loop
   vertex 2.81901645660398 12.33651041984559 -0.00000000000000
   vertex 2.61832404136656 12.21352553367616 -0.00000000000000
   vertex 1.44275348638746 13.83155871941113 2.00000064080371
  endloop
 endfacet
 facet normal -0.38268413230612 0.92387924258591 -0.00000000000000
  outer loop
   vertex 1.91103672981260 14.11852258443833 12.50000000000001
   vertex 2.41844367980955 14.32869787514211 12.50000000000001
   vertex 2.41844367980955 14.32869787514211 1.99999940395355
  endloop
 endfacet
 facet normal -0.38268413230611 0.92387924258591 -0.00000000000000
  outer loop
   vertex 2.41844367980955 14.32869787514211 1.99999940395355
   vertex 1.91103672981260 14.11852258443833 1.99999940395355
   vertex 1.91103672981260 14.11852258443833 12.50000000000001
  endloop
 endfacet
 facet normal -0.27101502343706 0.65428936605993 -0.70601436425352
  outer loop
   vertex 2.41844367980955 14.32869787514211 1.99999940395355
   vertex 3.03647661209105 12.42658519744874 -0.00000000000000
   vertex 2.81901645660398 12.33651041984559 -0.00000000000000
  endloop
 endfacet
 facet normal -0.27101502343706 0.65428936605993 -0.70601436425352
  outer loop
   vertex 2.81901645660398 12.33651041984559 -0.00000000000000
   vertex 1.91103658041002 14.11852294512875 1.99999901474867
   vertex 2.41844367980955 14.32869787514211 1.99999940395355
  endloop
 endfacet
 facet normal -0.23344551095454 0.97236988508241 0.00000000000000
  outer loop
   vertex 2.95248246192930 14.45690932869912 1.99999940395355
   vertex 2.41844367980955 14.32869787514211 1.99999940395355
   vertex 2.41844367980955 14.32869787514211 12.50000000000001
  endloop
 endfacet
 facet normal -0.23344551095454 0.97236988508241 0.00000000000000
  outer loop
   vertex 2.41844367980955 14.32869787514211 12.50000000000001
   vertex 2.95248246192931 14.45690932869912 12.50000000000001
   vertex 2.95248246192930 14.45690932869912 1.99999940395355
  endloop
 endfacet
 facet normal -0.16532322304981 0.68863024367214 -0.70601460283798
  outer loop
   vertex 2.95248246192930 14.45690932869912 1.99999940395355
   vertex 3.26535105705259 12.48153233528138 0.00000000000000
   vertex 3.03647661209105 12.42658519744874 -0.00000000000000
  endloop
 endfacet
 facet normal -0.16532322304981 0.68863024367215 -0.70601460283798
  outer loop
   vertex 3.03647661209105 12.42658519744874 -0.00000000000000
   vertex 2.41844346954967 14.32869875094956 1.99999850603649
   vertex 2.95248246192930 14.45690932869912 1.99999940395355
  endloop
 endfacet
 facet normal -0.07845865335023 0.99691736854890 -0.00000000000000
  outer loop
   vertex 2.95248246192931 14.45690932869912 12.50000000000001
   vertex 3.50000143051146 14.49999976158143 12.50000000000001
   vertex 3.50000143051139 14.49999976158143 1.99999940395355
  endloop
 endfacet
 facet normal -0.07845865335023 0.99691736854890 0.00000000000000
  outer loop
   vertex 3.50000143051139 14.49999976158143 1.99999940395355
   vertex 2.95248246192930 14.45690932869912 1.99999940395355
   vertex 2.95248246192931 14.45690932869912 12.50000000000001
  endloop
 endfacet
 facet normal -0.05556644801882 0.70601429512956 -0.70601429512956
  outer loop
   vertex 2.95248252987089 14.45690846544922 2.00000026720345
   vertex 3.50000143051139 14.49999976158143 1.99999940395355
   vertex 3.50000143051146 12.50000035762788 -0.00000000000000
  endloop
 endfacet
 facet normal -0.05556644801882 0.70601429512956 -0.70601429512956
  outer loop
   vertex 3.50000143051146 12.50000035762788 -0.00000000000000
   vertex 3.26535105705259 12.48153233528138 -0.00000000000000
   vertex 2.95248252987089 14.45690846544922 2.00000026720345
  endloop
 endfacet
 facet normal 0.00000000000000 1.00000000000000 0.00000000000000
  outer loop
   vertex 65.80000305175781 14.49999976158143 1.99999940395355
   vertex 3.50000143051139 14.49999976158143 1.99999940395355
   vertex 3.50000143051146 14.49999976158143 12.50000000000001
  endloop
 endfacet
 facet normal -0.00000000000000 1.00000000000000 0.00000000000000
  outer loop
   vertex 3.50000143051146 14.49999976158143 12.50000000000001
   vertex 65.80000305175784 14.49999976158143 12.50000000000001
   vertex 65.80000305175781 14.49999976158143 1.99999940395355
  endloop
 endfacet
 facet normal 0.00000000000000 0.70710678118655 -0.70710678118655
  outer loop
   vertex 65.80000305175781 14.49999976158143 1.99999940395355
   vertex 65.80000305175781 12.50000035762788 0.00000000000000
   vertex 3.50000143051145 12.50000035762788 0.00000000000000
  endloop
 endfacet
 facet normal -0.00000000000000 0.70710678118655 -0.70710678118655
  outer loop
   vertex 3.50000143051145 12.50000035762788 0.00000000000000
   vertex 3.50000143051139 14.49999976158143 1.99999940395355
   vertex 65.80000305175781 14.49999976158143 1.99999940395355
  endloop
 endfacet
 facet normal 0.07845909476402 0.99691733380898 -0.00000000000000
  outer loop
   vertex 66.34751892089844 14.45690932869912 1.99999940395355
   vertex 65.80000305175781 14.49999976158143 1.99999940395355
   vertex 65.80000305175784 14.49999976158143 12.50000000000001
  endloop
 endfacet
 facet normal 0.07845909476402 0.99691733380898 0.00000000000000
  outer loop
   vertex 65.80000305175784 14.49999976158143 12.50000000000001
   vertex 66.34751892089844 14.45690932869912 12.50000000000001
   vertex 66.34751892089844 14.45690932869912 1.99999940395355
  endloop
 endfacet
 facet normal 0.05556659444795 0.70601400356212 -0.70601457517224
  outer loop
   vertex 66.34751892089844 14.45690932869912 1.99999940395355
   vertex 66.03465270996094 12.48153233528138 0.00000000000000
   vertex 65.80000305175781 12.50000035762788 0.00000000000000
  endloop
 endfacet
 facet normal 0.05556659444796 0.70601400356212 -0.70601457517224
  outer loop
   vertex 65.80000305175781 12.50000035762788 0.00000000000000
   vertex 65.80000311528265 14.50000056871069 1.99999859682364
   vertex 66.34751892089844 14.45690932869912 1.99999940395355
  endloop
 endfacet
 facet normal 0.23344403285251 0.97237023994236 0.00000000000000
  outer loop
   vertex 66.34751892089844 14.45690932869912 12.50000000000001
   vertex 66.88156127929686 14.32869787514211 12.50000000000001
   vertex 66.88156127929686 14.32869787514211 1.99999940395355
  endloop
 endfacet
 facet normal 0.23344403285251 0.97237023994236 0.00000000000000
  outer loop
   vertex 66.88156127929686 14.32869787514211 1.99999940395355
   vertex 66.34751892089844 14.45690932869912 1.99999940395355
   vertex 66.34751892089844 14.45690932869912 12.50000000000001
  endloop
 endfacet
 facet normal 0.16532344476990 0.68863044986817 -0.70601434980019
  outer loop
   vertex 66.34751882358943 14.45690892337279 1.99999981951201
   vertex 66.88156127929686 14.32869787514211 1.99999940395355
   vertex 66.26352691650391 12.42658519744874 -0.00000000000000
  endloop
 endfacet
 facet normal 0.16532344476990 0.68863044986817 -0.70601434980019
  outer loop
   vertex 66.26352691650391 12.42658519744874 -0.00000000000000
   vertex 66.03465270996094 12.48153233528138 0.00000000000000
   vertex 66.34751882358943 14.45690892337279 1.99999981951201
  endloop
 endfacet
 facet normal 0.38268336490262 0.92387956045515 -0.00000000000000
  outer loop
   vertex 66.88156127929686 14.32869787514211 12.50000000000001
   vertex 67.38896942138675 14.11852258443833 12.50000000000001
   vertex 67.38896942138673 14.11852258443833 1.99999940395355
  endloop
 endfacet
 facet normal 0.38268336490263 0.92387956045515 0.00000000000000
  outer loop
   vertex 67.38896942138673 14.11852258443833 1.99999940395355
   vertex 66.88156127929686 14.32869787514211 1.99999940395355
   vertex 66.88156127929686 14.32869787514211 12.50000000000001
  endloop
 endfacet
 facet normal 0.27101452154357 0.65428958907415 -0.70601435023779
  outer loop
   vertex 66.88156113573172 14.32869752854377 1.99999977795217
   vertex 67.38896942138673 14.11852258443833 1.99999940395355
   vertex 66.48098754882812 12.33651041984560 -0.00000000000000
  endloop
 endfacet
 facet normal 0.27101452154356 0.65428958907416 -0.70601435023779
  outer loop
   vertex 66.48098754882812 12.33651041984560 -0.00000000000000
   vertex 66.26352691650391 12.42658519744874 -0.00000000000000
   vertex 66.88156113573172 14.32869752854377 1.99999977795217
  endloop
 endfacet
 facet normal 0.52249542884311 0.85264208601151 -0.00000000000000
  outer loop
   vertex 67.85725402832031 13.83155977725984 1.99999940395355
   vertex 67.38896942138673 14.11852258443833 1.99999940395355
   vertex 67.38896942138675 14.11852258443833 12.50000000000001
  endloop
 endfacet
 facet normal 0.52249542884311 0.85264208601151 0.00000000000000
  outer loop
   vertex 67.38896942138675 14.11852258443833 12.50000000000001
   vertex 67.85725402832031 13.83155977725984 12.50000000000001
   vertex 67.85725402832031 13.83155977725984 1.99999940395355
  endloop
 endfacet
 facet normal 0.37003432359139 0.60383550629714 -0.70601507115581
  outer loop
   vertex 67.85725402832031 13.83155977725984 1.99999940395355
   vertex 66.68167877197266 12.21352553367616 -0.00000000000000
   vertex 66.48098754882812 12.33651041984559 0.00000000000000
  endloop
 endfacet
 facet normal 0.37003432359139 0.60383550629714 -0.70601507115581
  outer loop
   vertex 66.48098754882812 12.33651041984559 0.00000000000000
   vertex 67.38897054844240 14.11852442360888 1.99999725356307
   vertex 67.85725402832031 13.83155977725984 1.99999940395355
  endloop
 endfacet
 facet normal 0.64945447573346 0.76040047603206 0.00000000000000
  outer loop
   vertex 67.85725402832031 13.83155977725984 1.99999940395355
   vertex 67.85725402832031 13.83155977725984 12.50000000000001
   vertex 68.27487182617186 13.47487437725069 12.50000000000001
  endloop
 endfacet
 facet normal 0.64945447573346 0.76040047603206 0.00000000000000
  outer loop
   vertex 68.27487182617186 13.47487437725069 12.50000000000001
   vertex 68.27487182617188 13.47487437725069 1.99999940395355
   vertex 67.85725402832031 13.83155977725984 1.99999940395355
  endloop
 endfacet
 facet normal 0.45993322479050 0.53852223536370 -0.70601361938188
  outer loop
   vertex 67.85725093828711 13.83155615923119 2.00000414726281
   vertex 68.27487182617188 13.47487437725069 1.99999940395355
   vertex 66.86066436767578 12.06066012382508 0.00000000000000
  endloop
 endfacet
 facet normal 0.45993322479051 0.53852223536369 -0.70601361938188
  outer loop
   vertex 66.86066436767578 12.06066012382508 0.00000000000000
   vertex 66.68167877197266 12.21352553367616 0.00000000000000
   vertex 67.85725093828711 13.83155615923119 2.00000414726281
  endloop
 endfacet
 facet normal 0.76040278236711 0.64945177539858 0.00000000000000
  outer loop
   vertex 68.27487182617186 13.47487437725069 12.50000000000001
   vertex 68.63156127929688 13.05724883079529 12.50000000000001
   vertex 68.63156127929688 13.05724883079530 1.99999940395355
  endloop
 endfacet
 facet normal 0.76040278236711 0.64945177539858 0.00000000000000
  outer loop
   vertex 68.63156127929688 13.05724883079530 1.99999940395355
   vertex 68.27487182617188 13.47487437725069 1.99999940395355
   vertex 68.27487182617186 13.47487437725069 12.50000000000001
  endloop
 endfacet
 facet normal 0.53852160357937 0.45993204163291 -0.70601487205135
  outer loop
   vertex 68.63156127929688 13.05724883079530 1.99999940395355
   vertex 67.01352691650391 11.88167762756349 -0.00000000000000
   vertex 66.86066436767578 12.06066012382508 -0.00000000000000
  endloop
 endfacet
 facet normal 0.53852160357937 0.45993204163291 -0.70601487205135
  outer loop
   vertex 66.86066436767578 12.06066012382508 -0.00000000000000
   vertex 68.27487484515491 13.47487695565613 1.99999544599363
   vertex 68.63156127929688 13.05724883079530 1.99999940395355
  endloop
 endfacet
 facet normal 0.85263947694408 0.52249968646548 0.00000000000000
  outer loop
   vertex 68.91852569580078 12.58896684646608 12.50000000000001
   vertex 68.91852569580078 12.58896684646608 1.99999940395355
   vertex 68.63156127929688 13.05724883079530 1.99999940395355
  endloop
 endfacet
 facet normal 0.85263947694407 0.52249968646549 0.00000000000000
  outer loop
   vertex 68.63156127929688 13.05724883079530 1.99999940395355
   vertex 68.63156127929688 13.05724883079529 12.50000000000001
   vertex 68.91852569580078 12.58896684646608 12.50000000000001
  endloop
 endfacet
 facet normal 0.60383530114443 0.37003618807019 -0.70601426940983
  outer loop
   vertex 68.63156005015041 13.05724807756230 2.00000084109203
   vertex 68.91852569580078 12.58896684646607 1.99999940395355
   vertex 67.13651275634766 11.68098592758180 0.00000000000000
  endloop
 endfacet
 facet normal 0.60383530114444 0.37003618807019 -0.70601426940983
  outer loop
   vertex 67.13651275634766 11.68098592758180 0.00000000000000
   vertex 67.01352691650391 11.88167762756349 -0.00000000000000
   vertex 68.63156005015041 13.05724807756230 2.00000084109203
  endloop
 endfacet
 facet normal 0.92387971262095 0.38268299754160 0.00000000000000
  outer loop
   vertex 68.91852569580078 12.58896684646608 12.50000000000001
   vertex 69.12870025634766 12.08155989646911 12.50000000000001
   vertex 69.12870025634766 12.08155989646911 1.99999940395355
  endloop
 endfacet
 facet normal 0.92387971262095 0.38268299754161 0.00000000000000
  outer loop
   vertex 69.12870025634766 12.08155989646911 1.99999940395355
   vertex 68.91852569580078 12.58896684646608 1.99999940395355
   vertex 68.91852569580078 12.58896684646608 12.50000000000001
  endloop
 endfacet
 facet normal 0.65429102681582 0.27100925518950 -0.70601503937943
  outer loop
   vertex 69.12870025634767 12.08155989646912 1.99999940395355
   vertex 67.22658538818359 11.46352577209474 -0.00000000000000
   vertex 67.13651275634766 11.68098592758180 -0.00000000000000
  endloop
 endfacet
 facet normal 0.65429102681582 0.27100925518949 -0.70601503937943
  outer loop
   vertex 67.13651275634766 11.68098592758180 -0.00000000000000
   vertex 68.91852788730549 12.58896775419372 1.99999703920267
   vertex 69.12870025634767 12.08155989646912 1.99999940395355
  endloop
 endfacet
 facet normal 0.97236969318189 0.23344631027576 0.00000000000000
  outer loop
   vertex 69.12870025634766 12.08155989646911 12.50000000000001
   vertex 69.25691223144531 11.54752087593079 12.50000000000001
   vertex 69.25691223144531 11.54752087593081 1.99999940395355
  endloop
 endfacet
 facet normal 0.97236969318188 0.23344631027577 0.00000000000000
  outer loop
   vertex 69.25691223144531 11.54752087593081 1.99999940395355
   vertex 69.12870025634766 12.08155989646911 1.99999940395355
   vertex 69.12870025634766 12.08155989646911 12.50000000000001
  endloop
 endfacet
 facet normal 0.68862982454577 0.16532257729854 -0.70601516285518
  outer loop
   vertex 69.25691223144531 11.54752087593081 1.99999940395355
   vertex 67.28153228759766 11.23465156555177 -0.00000000000000
   vertex 67.22658538818359 11.46352577209474 -0.00000000000000
  endloop
 endfacet
 facet normal 0.68862982454577 0.16532257729853 -0.70601516285518
  outer loop
   vertex 67.22658538818359 11.46352577209474 -0.00000000000000
   vertex 69.12870155280541 12.08156020771578 1.99999807476508
   vertex 69.25691223144531 11.54752087593081 1.99999940395355
  endloop
 endfacet
 facet normal 0.99691733207845 0.07845911675256 0.00000000000000
  outer loop
   vertex 69.25691223144531 11.54752087593081 1.99999940395355
   vertex 69.25691223144531 11.54752087593079 12.50000000000000
   vertex 69.30000139381009 11.00002130463607 12.50000000000000
  endloop
 endfacet
 facet normal 0.99691733207845 0.07845911675257 0.00000000000000
  outer loop
   vertex 69.30000139381009 11.00002130463607 12.50000000000000
   vertex 69.30000305175783 11.00000023841843 1.99999940395355
   vertex 69.25691223144531 11.54752087593081 1.99999940395355
  endloop
 endfacet
 facet normal 0.70601387545299 0.05557443866443 -0.70601408586159
  outer loop
   vertex 69.25690839423049 11.54752057388142 2.00000324116952
   vertex 69.30000305175783 11.00000023841843 1.99999940395355
   vertex 67.30000305175781 11.00000023841859 0.00000000000001
  endloop
 endfacet
 facet normal 0.70601387545300 0.05557443866441 -0.70601408586159
  outer loop
   vertex 67.30000305175781 11.00000023841859 0.00000000000001
   vertex 67.28153228759766 11.23465156555177 0.00000000000000
   vertex 69.25690839423049 11.54752057388142 2.00000324116952
  endloop
 endfacet
 facet normal 1.00000000000000 0.00000000000000 0.00000000000000
  outer loop
   vertex 69.30000305175781 11.00002130463607 12.50000000000001
   vertex 69.30000305175781 -11.00002130467231 12.50000000000001
   vertex 69.30000305175781 -11.00000023841859 1.99999940395355
  endloop
 endfacet
 facet normal 1.00000000000000 -0.00000000000000 0.00000000000000
  outer loop
   vertex 69.30000305175781 -11.00000023841859 1.99999940395355
   vertex 69.30000305175781 11.00000023841843 1.99999940395355
   vertex 69.30000305175781 11.00002130463607 12.50000000000001
  endloop
 endfacet
 facet normal 0.70710667581940 -0.00000000000000 -0.70710688655368
  outer loop
   vertex 67.30000305175780 -11.00000023841859 -0.00000000000000
   vertex 67.30000305175781 11.00000023841859 0.00000000000000
   vertex 69.30000305175783 11.00000023841843 1.99999940395355
  endloop
 endfacet
 facet normal 0.70710667581940 -0.00000000000000 -0.70710688655368
  outer loop
   vertex 69.30000305175783 11.00000023841843 1.99999940395355
   vertex 69.30000305175781 -11.00000023841859 1.99999940395355
   vertex 67.30000305175780 -11.00000023841859 -0.00000000000000
  endloop
 endfacet
 facet normal 0.99691732138921 -0.07845925257204 0.00000000000000
  outer loop
   vertex 69.25691223144531 -11.54751992225648 1.99999940395355
   vertex 69.30000305175781 -11.00000023841859 1.99999940395355
   vertex 69.30000139380435 -11.00002130467231 12.50000000000001
  endloop
 endfacet
 facet normal 0.99691732138921 -0.07845925257204 0.00000000000000
  outer loop
   vertex 69.30000139380435 -11.00002130467231 12.50000000000001
   vertex 69.25691223144531 -11.54751992225646 12.50000000000001
   vertex 69.25691223144531 -11.54751992225648 1.99999940395355
  endloop
 endfacet
 facet normal 0.70601254401985 -0.05557427739308 -0.70601542998638
  outer loop
   vertex 69.25691223144531 -11.54751992225648 1.99999940395355
   vertex 67.28153228759766 -11.23465180397035 -0.00000000000000
   vertex 67.30000305175780 -11.00000023841859 -0.00000000000000
  endloop
 endfacet
 facet normal 0.70601254401985 -0.05557427739312 -0.70601542998638
  outer loop
   vertex 67.30000305175780 -11.00000023841859 -0.00000000000000
   vertex 69.30000682971217 -11.00000053580294 1.99999562598374
   vertex 69.25691223144531 -11.54751992225648 1.99999940395355
  endloop
 endfacet
 facet normal 0.97236983512756 -0.23344571903123 0.00000000000000
  outer loop
   vertex 69.25691223144531 -11.54751992225646 12.50000000000001
   vertex 69.12870025634766 -12.08156037330628 12.50000000000001
   vertex 69.12870025634766 -12.08156037330630 1.99999940395355
  endloop
 endfacet
 facet normal 0.97236983512756 -0.23344571903123 0.00000000000000
  outer loop
   vertex 69.12870025634766 -12.08156037330630 1.99999940395355
   vertex 69.25691223144531 -11.54751992225648 1.99999940395355
   vertex 69.25691223144531 -11.54751992225646 12.50000000000001
  endloop
 endfacet
 facet normal 0.68863027262378 -0.16532268487070 -0.70601470062120
  outer loop
   vertex 69.25691109784418 -11.54751965010757 2.00000056617237
   vertex 69.12870025634766 -12.08156037330630 1.99999940395355
   vertex 67.22658538818359 -11.46352601051332 0.00000000000000
  endloop
 endfacet
 facet normal 0.68863027262378 -0.16532268487071 -0.70601470062120
  outer loop
   vertex 67.22658538818359 -11.46352601051332 0.00000000000000
   vertex 67.28153228759766 -11.23465180397035 -0.00000000000000
   vertex 69.25691109784418 -11.54751965010757 2.00000056617237
  endloop
 endfacet
 facet normal 0.92387952189952 -0.38268345798415 0.00000000000000
  outer loop
   vertex 68.91852569580078 -12.58896660804750 12.50000000000001
   vertex 68.91852569580080 -12.58896660804749 1.99999940395355
   vertex 69.12870025634766 -12.08156037330630 1.99999940395355
  endloop
 endfacet
 facet normal 0.92387952189952 -0.38268345798416 0.00000000000000
  outer loop
   vertex 69.12870025634766 -12.08156037330630 1.99999940395355
   vertex 69.12870025634766 -12.08156037330629 12.50000000000001
   vertex 68.91852569580078 -12.58896660804750 12.50000000000001
  endloop
 endfacet
 facet normal -0.70601392015336 -0.05557223367238 -0.70601421472541
  outer loop
   vertex 0.04309544047977 -11.54751982132268 2.00000068626127
   vertex -0.00000000000002 -11.00000023841859 1.99999940395355
   vertex 2.00000023841856 -11.00000023841859 0.00000000000000
  endloop
 endfacet
 facet normal -0.70601392015336 -0.05557223367238 -0.70601421472541
  outer loop
   vertex 2.00000023841856 -11.00000023841859 0.00000000000000
   vertex 2.01847028732298 -11.23465180397035 0.00000000000000
   vertex 0.04309544047977 -11.54751982132268 2.00000068626127
  endloop
 endfacet
 facet normal -0.97237082052500 -0.23344161452391 -0.00000000000000
  outer loop
   vertex 0.17130374908445 -12.08156037330628 12.50000000000001
   vertex 0.04309415817259 -11.54751992225648 12.50000000000001
   vertex 0.04309415817259 -11.54751992225649 1.99999940395355
  endloop
 endfacet
 facet normal -0.97237082052500 -0.23344161452391 0.00000000000000
  outer loop
   vertex 0.04309415817259 -11.54751992225649 1.99999940395355
   vertex 0.17130374908445 -12.08156037330628 1.99999940395355
   vertex 0.17130374908445 -12.08156037330628 12.50000000000001
  endloop
 endfacet
 facet normal -0.68863031038624 -0.16532270207355 -0.70601465976030
  outer loop
   vertex 0.17130374908445 -12.08156037330628 1.99999940395355
   vertex 0.04309415817259 -11.54751992225649 1.99999940395355
   vertex 2.01847085134491 -11.23465166856296 0.00000057826056
  endloop
 endfacet
 facet normal -0.68863031038624 -0.16532270207355 -0.70601465976030
  outer loop
   vertex 2.01847085134491 -11.23465166856296 0.00000057826056
   vertex 2.07341837882994 -11.46352601051332 0.00000000000000
   vertex 0.17130374908445 -12.08156037330628 1.99999940395355
  endloop
 endfacet
 facet normal -0.92388025093325 -0.38268169793644 0.00000000000000
  outer loop
   vertex 0.38147717714308 -12.58896660804750 12.50000000000001
   vertex 0.17130374908445 -12.08156037330628 12.50000000000001
   vertex 0.17130374908445 -12.08156037330628 1.99999940395355
  endloop
 endfacet
 facet normal -0.92388025093325 -0.38268169793644 0.00000000000000
  outer loop
   vertex 0.17130374908445 -12.08156037330628 1.99999940395355
   vertex 0.38147717714308 -12.58896660804750 1.99999940395355
   vertex 0.38147717714308 -12.58896660804750 12.50000000000001
  endloop
 endfacet
 facet normal 0.65429105073721 -0.27101104788146 -0.70601432906945
  outer loop
   vertex 69.12869852988317 -12.08155965819496 2.00000126689919
   vertex 68.91852569580078 -12.58896660804749 1.99999940395355
   vertex 67.13651275634766 -11.68098473548890 0.00000000000000
  endloop
 endfacet
 facet normal 0.65429105073721 -0.27101104788148 -0.70601432906945
  outer loop
   vertex 67.13651275634766 -11.68098473548890 0.00000000000000
   vertex 67.22658538818359 -11.46352601051332 0.00000000000000
   vertex 69.12869852988317 -12.08155965819496 2.00000126689919
  endloop
 endfacet
 facet normal 0.85263983248589 -0.52249910627525 -0.00000000000000
  outer loop
   vertex 68.63156127929688 -13.05724930763245 1.99999940395355
   vertex 68.91852569580078 -12.58896660804749 1.99999940395355
   vertex 68.91852569580078 -12.58896660804750 12.50000000000001
  endloop
 endfacet
 facet normal 0.85263983248589 -0.52249910627526 0.00000000000000
  outer loop
   vertex 68.91852569580078 -12.58896660804750 12.50000000000001
   vertex 68.63156127929688 -13.05724930763245 12.50000000000001
   vertex 68.63156127929688 -13.05724930763245 1.99999940395355
  endloop
 endfacet
 facet normal -0.65428928795630 -0.27101405772428 -0.70601480733867
  outer loop
   vertex 0.17130374908445 -12.08156037330628 1.99999940395355
   vertex 2.07341835702818 -11.46352601954385 -0.00000002352532
   vertex 2.16349220275877 -11.68098473548890 -0.00000000000000
  endloop
 endfacet
 facet normal -0.65428928795630 -0.27101405772428 -0.70601480733867
  outer loop
   vertex 2.16349220275877 -11.68098473548890 -0.00000000000000
   vertex 0.38147717714308 -12.58896660804750 1.99999940395355
   vertex 0.17130374908445 -12.08156037330628 1.99999940395355
  endloop
 endfacet
 facet normal -0.85263809191558 -0.52250194661318 0.00000000000000
  outer loop
   vertex 0.38147717714308 -12.58896660804750 12.50000000000001
   vertex 0.38147717714308 -12.58896660804750 1.99999940395355
   vertex 0.66844373941420 -13.05724930763246 1.99999940395355
  endloop
 endfacet
 facet normal -0.85263809191558 -0.52250194661318 -0.00000000000000
  outer loop
   vertex 0.66844373941420 -13.05724930763246 1.99999940395355
   vertex 0.66844373941420 -13.05724930763247 12.50000000000001
   vertex 0.38147717714308 -12.58896660804750 12.50000000000001
  endloop
 endfacet
 facet normal 0.60383609870846 -0.37003403925757 -0.70601471350622
  outer loop
   vertex 68.63156127929688 -13.05724930763245 1.99999940395355
   vertex 67.01352691650391 -11.88167786598207 -0.00000000000000
   vertex 67.13651275634766 -11.68098473548890 0.00000000000000
  endloop
 endfacet
 facet normal 0.60383609870846 -0.37003403925758 -0.70601471350622
  outer loop
   vertex 67.13651275634766 -11.68098473548890 0.00000000000000
   vertex 68.91852633895385 -12.58896700217518 1.99999865196880
   vertex 68.63156127929688 -13.05724930763245 1.99999940395355
  endloop
 endfacet
 facet normal 0.76040269081662 -0.64945188258935 0.00000000000000
  outer loop
   vertex 68.63156127929688 -13.05724930763245 12.50000000000001
   vertex 68.27487182617186 -13.47487473487856 12.50000000000001
   vertex 68.27487182617188 -13.47487473487855 1.99999940395355
  endloop
 endfacet
 facet normal 0.76040269081662 -0.64945188258934 0.00000000000000
  outer loop
   vertex 68.27487182617188 -13.47487473487855 1.99999940395355
   vertex 68.63156127929688 -13.05724930763245 1.99999940395355
   vertex 68.63156127929688 -13.05724930763245 12.50000000000001
  endloop
 endfacet
 facet normal -0.60383624122448 -0.37003461898652 -0.70601428777001
  outer loop
   vertex 0.38147717714308 -12.58896660804750 1.99999940395355
   vertex 2.16349109990652 -11.68098541132365 -0.00000128947121
   vertex 2.28647518157957 -11.88167786598207 0.00000000000000
  endloop
 endfacet
 facet normal -0.60383624122448 -0.37003461898652 -0.70601428777001
  outer loop
   vertex 2.28647518157957 -11.88167786598207 0.00000000000000
   vertex 0.66844373941420 -13.05724930763246 1.99999940395355
   vertex 0.38147717714308 -12.58896660804750 1.99999940395355
  endloop
 endfacet
 facet normal -0.76040638890423 -0.64944755270432 -0.00000000000000
  outer loop
   vertex 1.02512907981870 -13.47487473487855 12.50000000000001
   vertex 0.66844373941420 -13.05724930763246 12.50000000000001
   vertex 0.66844373941420 -13.05724930763246 1.99999940395355
  endloop
 endfacet
 facet normal -0.76040638890423 -0.64944755270432 -0.00000000000000
  outer loop
   vertex 0.66844373941420 -13.05724930763246 1.99999940395355
   vertex 1.02512907981870 -13.47487473487855 1.99999940395355
   vertex 1.02512907981870 -13.47487473487855 12.50000000000001
  endloop
 endfacet
 facet normal 0.53852164695980 -0.45993391668564 -0.70601361745926
  outer loop
   vertex 68.63155864415469 -13.05724705704276 2.00000285868240
   vertex 68.27487182617188 -13.47487473487855 1.99999940395355
   vertex 66.86066436767578 -12.06065964698793 0.00000000000000
  endloop
 endfacet
 facet normal 0.53852164695980 -0.45993391668564 -0.70601361745926
  outer loop
   vertex 66.86066436767578 -12.06065964698793 0.00000000000000
   vertex 67.01352691650391 -11.88167786598207 0.00000000000000
   vertex 68.63155864415469 -13.05724705704276 2.00000285868240
  endloop
 endfacet
 facet normal 0.64945271866953 -0.76040197672859 0.00000000000000
  outer loop
   vertex 67.85725402832031 -13.83155846595765 1.99999940395355
   vertex 68.27487182617188 -13.47487473487855 1.99999940395355
   vertex 68.27487182617186 -13.47487473487856 12.50000000000001
  endloop
 endfacet
 facet normal 0.64945271866953 -0.76040197672859 0.00000000000000
  outer loop
   vertex 68.27487182617186 -13.47487473487856 12.50000000000001
   vertex 67.85725402832031 -13.83155846595765 12.50000000000001
   vertex 67.85725402832031 -13.83155846595765 1.99999940395355
  endloop
 endfacet
 facet normal -0.53851772395072 -0.45993697976641 -0.70601461432061
  outer loop
   vertex 1.02512907981870 -13.47487473487855 1.99999940395355
   vertex 0.66844373941420 -13.05724930763246 1.99999940395355
   vertex 2.28647594624016 -11.88167721290109 0.00000100249542
  endloop
 endfacet
 facet normal -0.53851772395072 -0.45993697976641 -0.70601461432061
  outer loop
   vertex 2.28647594624016 -11.88167721290109 0.00000100249542
   vertex 2.43934249877928 -12.06065964698793 0.00000000000000
   vertex 1.02512907981870 -13.47487473487855 1.99999940395355
  endloop
 endfacet
 facet normal -0.64944735906382 -0.76040655428858 -0.00000000000000
  outer loop
   vertex 1.02512907981870 -13.47487473487855 12.50000000000001
   vertex 1.02512907981870 -13.47487473487855 1.99999940395355
   vertex 1.44275283813474 -13.83155846595765 1.99999940395355
  endloop
 endfacet
 facet normal -0.64944735906382 -0.76040655428858 -0.00000000000000
  outer loop
   vertex 1.44275283813474 -13.83155846595765 1.99999940395355
   vertex 1.44275283813475 -13.83155846595766 12.50000000000001
   vertex 1.02512907981870 -13.47487473487855 12.50000000000001
  endloop
 endfacet
 facet normal 0.45993400504556 -0.53851978930296 -0.70601497684670
  outer loop
   vertex 67.85725402832031 -13.83155846595765 1.99999940395355
   vertex 66.68167877197266 -12.21352601051332 0.00000000000000
   vertex 66.86066436767578 -12.06065964698793 0.00000000000000
  endloop
 endfacet
 facet normal 0.45993400504557 -0.53851978930296 -0.70601497684670
  outer loop
   vertex 66.86066436767578 -12.06065964698793 0.00000000000000
   vertex 68.27487395169447 -13.47487722357470 1.99999614120111
   vertex 67.85725402832031 -13.83155846595765 1.99999940395355
  endloop
 endfacet
 facet normal 0.52249755910640 -0.85264078059160 0.00000000000000
  outer loop
   vertex 67.85725402832031 -13.83155846595765 1.99999940395355
   vertex 67.85725402832031 -13.83155846595765 12.50000000000000
   vertex 67.38896942138672 -14.11852288246156 12.50000000000000
  endloop
 endfacet
 facet normal 0.52249755910640 -0.85264078059160 0.00000000000000
  outer loop
   vertex 67.38896942138672 -14.11852288246156 12.50000000000000
   vertex 67.38896942138670 -14.11852288246157 1.99999940395355
   vertex 67.85725402832031 -13.83155846595765 1.99999940395355
  endloop
 endfacet
 facet normal -0.45993699778722 -0.53851802274071 -0.70601437467655
  outer loop
   vertex 1.02512907981870 -13.47487473487855 1.99999940395355
   vertex 2.43934201194869 -12.06066021699436 -0.00000074729668
   vertex 2.61832404136656 -12.21352601051332 -0.00000000000000
  endloop
 endfacet
 facet normal -0.45993699778723 -0.53851802274070 -0.70601437467655
  outer loop
   vertex 2.61832404136656 -12.21352601051332 -0.00000000000000
   vertex 1.44275283813474 -13.83155846595765 1.99999940395355
   vertex 1.02512907981870 -13.47487473487855 1.99999940395355
  endloop
 endfacet
 facet normal -0.52249813929385 -0.85264042505295 -0.00000000000000
  outer loop
   vertex 1.91103672981260 -14.11852288246156 1.99999940395355
   vertex 1.91103672981260 -14.11852288246156 12.50000000000001
   vertex 1.44275283813475 -13.83155846595766 12.50000000000001
  endloop
 endfacet
 facet normal -0.52249813929384 -0.85264042505295 0.00000000000000
  outer loop
   vertex 1.44275283813475 -13.83155846595766 12.50000000000001
   vertex 1.44275283813474 -13.83155846595765 1.99999940395355
   vertex 1.91103672981260 -14.11852288246156 1.99999940395355
  endloop
 endfacet
 facet normal 0.37003252414917 -0.60383725229882 -0.70601452096115
  outer loop
   vertex 67.38896942138670 -14.11852288246157 1.99999940395355
   vertex 66.48098754882812 -12.33650994300843 -0.00000000000000
   vertex 66.68167877197266 -12.21352601051332 -0.00000000000000
  endloop
 endfacet
 facet normal 0.37003252414916 -0.60383725229882 -0.70601452096115
  outer loop
   vertex 66.68167877197266 -12.21352601051332 -0.00000000000000
   vertex 67.85725375806537 -13.83155802494235 1.99999991959449
   vertex 67.38896942138670 -14.11852288246157 1.99999940395355
  endloop
 endfacet
 facet normal 0.38268223013963 -0.92388003048846 0.00000000000000
  outer loop
   vertex 66.88156127929686 -14.32869744300844 12.50000000000001
   vertex 66.88156127929689 -14.32869744300843 1.99999940395355
   vertex 67.38896942138670 -14.11852288246157 1.99999940395355
  endloop
 endfacet
 facet normal 0.38268223013962 -0.92388003048846 0.00000000000000
  outer loop
   vertex 67.38896942138670 -14.11852288246157 1.99999940395355
   vertex 67.38896942138672 -14.11852288246156 12.50000000000001
   vertex 66.88156127929686 -14.32869744300844 12.50000000000001
  endloop
 endfacet
 facet normal -0.37003188752169 -0.60383783621898 -0.70601435521349
  outer loop
   vertex 1.91103672981260 -14.11852288246156 1.99999940395355
   vertex 1.44275283813474 -13.83155846595765 1.99999940395355
   vertex 2.61832413074185 -12.21352586466593 0.00000017052650
  endloop
 endfacet
 facet normal -0.37003188752169 -0.60383783621898 -0.70601435521349
  outer loop
   vertex 2.61832413074185 -12.21352586466593 0.00000017052650
   vertex 2.81901645660398 -12.33650994300843 0.00000000000000
   vertex 1.91103672981260 -14.11852288246156 1.99999940395355
  endloop
 endfacet
 facet normal -0.38268299754162 -0.92387971262095 -0.00000000000000
  outer loop
   vertex 1.91103672981260 -14.11852288246156 12.50000000000001
   vertex 1.91103672981260 -14.11852288246156 1.99999940395355
   vertex 2.41844367980956 -14.32869744300844 1.99999940395355
  endloop
 endfacet
 facet normal -0.38268299754162 -0.92387971262095 -0.00000000000000
  outer loop
   vertex 2.41844367980956 -14.32869744300844 1.99999940395355
   vertex 2.41844367980955 -14.32869744300844 12.50000000000001
   vertex 1.91103672981260 -14.11852288246156 12.50000000000001
  endloop
 endfacet
 facet normal 0.27101383089754 -0.65428965353712 -0.70601455561235
  outer loop
   vertex 66.88156127929689 -14.32869744300843 1.99999940395355
   vertex 66.26352691650391 -12.42658448219300 -0.00000000000000
   vertex 66.48098754882812 -12.33650994300843 0.00000000000000
  endloop
 endfacet
 facet normal 0.27101383089755 -0.65428965353712 -0.70601455561235
  outer loop
   vertex 66.48098754882812 -12.33650994300843 0.00000000000000
   vertex 67.38896953412470 -14.11852315463701 1.99999911026127
   vertex 66.88156127929689 -14.32869744300843 1.99999940395355
  endloop
 endfacet
 facet normal 0.23344493070973 -0.97237002438677 0.00000000000000
  outer loop
   vertex 66.88156127929686 -14.32869744300844 12.50000000000001
   vertex 66.34751892089841 -14.45690941810610 12.50000000000001
   vertex 66.34751892089844 -14.45690941810609 1.99999940395355
  endloop
 endfacet
 facet normal 0.23344493070973 -0.97237002438677 0.00000000000000
  outer loop
   vertex 66.34751892089844 -14.45690941810609 1.99999940395355
   vertex 66.88156127929689 -14.32869744300843 1.99999940395355
   vertex 66.88156127929686 -14.32869744300844 12.50000000000001
  endloop
 endfacet
 facet normal -0.27101513142716 -0.65428927688804 -0.70601440543862
  outer loop
   vertex 2.41844367980956 -14.32869744300844 1.99999940395355
   vertex 1.91103672981260 -14.11852288246156 1.99999940395355
   vertex 2.81901650742214 -12.33650982032239 0.00000013238504
  endloop
 endfacet
 facet normal -0.27101513142715 -0.65428927688804 -0.70601440543862
  outer loop
   vertex 2.81901650742214 -12.33650982032239 0.00000013238504
   vertex 3.03647661209105 -12.42658448219300 0.00000000000000
   vertex 2.41844367980956 -14.32869744300844 1.99999940395355
  endloop
 endfacet
 facet normal -0.23344640881679 -0.97236966952417 -0.00000000000000
  outer loop
   vertex 2.95248246192930 -14.45690941810609 12.50000000000001
   vertex 2.41844367980955 -14.32869744300844 12.50000000000001
   vertex 2.41844367980956 -14.32869744300844 1.99999940395355
  endloop
 endfacet
 facet normal -0.23344640881680 -0.97236966952417 0.00000000000000
  outer loop
   vertex 2.41844367980956 -14.32869744300844 1.99999940395355
   vertex 2.95248246192930 -14.45690941810609 1.99999940395355
   vertex 2.95248246192930 -14.45690941810609 12.50000000000001
  endloop
 endfacet
 facet normal 0.16532268385629 -0.68863026839836 -0.70601470498012
  outer loop
   vertex 66.34751892089844 -14.45690941810609 1.99999940395355
   vertex 66.03465270996094 -12.48153138160707 -0.00000000000000
   vertex 66.26352691650391 -12.42658448219301 -0.00000000000000
  endloop
 endfacet
 facet normal 0.16532268385629 -0.68863026839836 -0.70601470498012
  outer loop
   vertex 66.26352691650391 -12.42658448219301 -0.00000000000000
   vertex 66.88156149931493 -14.32869835946514 1.99999846436094
   vertex 66.34751892089844 -14.45690941810609 1.99999940395355
  endloop
 endfacet
 facet normal 0.07845979585463 -0.99691727863171 0.00000000000000
  outer loop
   vertex 66.34751892089841 -14.45690941810609 12.50000000000001
   vertex 65.80000305175781 -14.50000023841859 12.50000000000001
   vertex 65.80000305175815 -14.50000023841857 1.99999940395355
  endloop
 endfacet
 facet normal 0.07845979585464 -0.99691727863171 0.00000000000000
  outer loop
   vertex 65.80000305175815 -14.50000023841857 1.99999940395355
   vertex 66.34751892089844 -14.45690941810609 1.99999940395355
   vertex 66.34751892089841 -14.45690941810609 12.50000000000001
  endloop
 endfacet
 facet normal 0.00000000000000 -1.00000000000000 0.00000000000000
  outer loop
   vertex 3.50000143051146 -14.50000023841859 1.99999940395355
   vertex 65.80000305175815 -14.50000023841859 1.99999940395355
   vertex 65.80000305175781 -14.50000023841859 12.50000000000001
  endloop
 endfacet
 facet normal -0.00000000000000 -1.00000000000000 0.00000000000000
  outer loop
   vertex 65.80000305175781 -14.50000023841859 12.50000000000001
   vertex 3.50000143051146 -14.50000023841859 12.50000000000001
   vertex 3.50000143051146 -14.50000023841859 1.99999940395355
  endloop
 endfacet
 facet normal 0.05556911160480 -0.70601408510470 -0.70601429551336
  outer loop
   vertex 66.34751879618143 -14.45690783355750 2.00000098850262
   vertex 65.80000305175815 -14.50000023841857 1.99999940395356
   vertex 65.80000305175781 -12.50000023841859 -0.00000000000000
  endloop
 endfacet
 facet normal 0.05556911160480 -0.70601408510470 -0.70601429551336
  outer loop
   vertex 65.80000305175781 -12.50000023841859 -0.00000000000000
   vertex 66.03465270996094 -12.48153138160706 -0.00000000000000
   vertex 66.34751879618143 -14.45690783355750 2.00000098850262
  endloop
 endfacet
 facet normal 0.00000000000000 0.00000000000000 -1.00000000000000
  outer loop
   vertex 3.26535105705259 12.48153233528138 0.00000000000000
   vertex 2.61832404136656 12.21352553367616 0.00000000000000
   vertex 2.81901645660398 12.33651041984559 0.00000000000000
  endloop
 endfacet
 facet normal 0.00000000000000 0.00000000000000 -1.00000000000000
  outer loop
   vertex 3.26535105705259 12.48153233528138 0.00000000000000
   vertex 2.43934249877928 12.06066012382508 0.00000000000000
   vertex 2.61832404136656 12.21352553367616 0.00000000000000
  endloop
 endfacet
 facet normal 0.00000000000000 0.00000000000000 -1.00000000000000
  outer loop
   vertex 3.50000143051146 12.50000035762788 0.00000000000000
   vertex 2.16349220275877 11.68098592758180 0.00000000000000
   vertex 2.28647518157957 11.88167762756349 0.00000000000000
  endloop
 endfacet
 facet normal 0.00000000000000 0.00000000000000 -1.00000000000000
  outer loop
   vertex 2.81901645660398 12.33651041984559 0.00000000000000
   vertex 3.03647661209105 12.42658519744874 0.00000000000000
   vertex 3.26535105705259 12.48153233528138 0.00000000000000
  endloop
 endfacet
 facet normal 0.00000000000000 0.00000000000000 -1.00000000000000
  outer loop
   vertex 3.50000143051146 12.50000035762788 0.00000000000000
   vertex 2.07341837882994 11.46352577209474 0.00000000000000
   vertex 2.16349220275877 11.68098592758180 0.00000000000000
  endloop
 endfacet
 facet normal 0.00000000000000 0.00000000000000 -1.00000000000000
  outer loop
   vertex 24.00000190734863 4.49999976158142 0.00000000000000
   vertex 23.97537803649901 4.81286883354187 0.00000000000000
   vertex 67.13651275634766 11.68098592758180 0.00000000000000
  endloop
 endfacet
 facet normal 0.00000000000000 0.00000000000000 -1.00000000000000
  outer loop
   vertex 3.50000143051146 12.50000035762788 0.00000000000000
   vertex 65.80000305175781 12.50000035762788 0.00000000000000
   vertex 22.31287002563476 6.47537684440613 0.00000000000000
  endloop
 endfacet
 facet normal 0.00000000000000 0.00000000000000 -1.00000000000000
  outer loop
   vertex 2.28647518157957 11.88167762756349 0.00000000000000
   vertex 2.43934249877928 12.06066012382508 0.00000000000000
   vertex 3.50000143051146 12.50000035762788 0.00000000000000
  endloop
 endfacet
 facet normal 0.00000000000000 0.00000000000000 -1.00000000000000
  outer loop
   vertex 23.97537803649901 4.81286883354187 0.00000000000000
   vertex 66.26352691650391 12.42658519744874 0.00000000000000
   vertex 66.48098754882812 12.33651041984559 0.00000000000000
  endloop
 endfacet
 facet normal 0.00000000000000 -0.00000000000000 -1.00000000000000
  outer loop
   vertex 67.13651275634766 11.68098592758180 0.00000000000000
   vertex 67.22658538818359 11.46352577209474 0.00000000000000
   vertex 24.00000190734863 4.49999976158142 0.00000000000000
  endloop
 endfacet
 facet normal 0.00000000000000 0.00000000000000 -1.00000000000000
  outer loop
   vertex 24.00000190734863 -4.50000023841858 0.00000000000000
   vertex 67.22658538818359 -11.46352601051332 0.00000000000000
   vertex 67.13651275634766 -11.68098473548890 0.00000000000000
  endloop
 endfacet
 facet normal 0.00000000000000 0.00000000000000 -1.00000000000000
  outer loop
   vertex 23.97537803649902 -4.81286835670472 0.00000000000000
   vertex 67.01352691650391 -11.88167786598207 0.00000000000000
   vertex 65.80000305175781 -12.50000023841859 0.00000000000000
  endloop
 endfacet
 facet normal 0.00000000000000 0.00000000000000 -1.00000000000000
  outer loop
   vertex 66.68167877197266 -12.21352601051332 0.00000000000000
   vertex 66.48098754882812 -12.33650994300843 0.00000000000000
   vertex 66.26352691650391 -12.42658448219300 0.00000000000000
  endloop
 endfacet
 facet normal 0.00000000000000 0.00000000000000 -1.00000000000000
  outer loop
   vertex 66.03465270996094 -12.48153138160706 0.00000000000000
   vertex 67.01352691650391 -11.88167786598207 0.00000000000000
   vertex 66.86066436767578 -12.06065964698793 0.00000000000000
  endloop
 endfacet
 facet normal 0.00000000000000 0.00000000000000 -1.00000000000000
  outer loop
   vertex 22.00000190734862 -6.50000023841858 0.00000000000000
   vertex 2.16349220275877 -11.68098473548890 0.00000000000000
   vertex 2.07341837882994 -11.46352601051332 0.00000000000000
  endloop
 endfacet
 facet normal 0.00000000000000 0.00000000000000 -1.00000000000000
  outer loop
   vertex 22.00000190734862 -6.50000023841858 0.00000000000000
   vertex 2.43934249877928 -12.06065964698793 0.00000000000000
   vertex 2.28647518157957 -11.88167786598207 0.00000000000000
  endloop
 endfacet
 facet normal 0.00000000000000 0.00000000000000 -1.00000000000000
  outer loop
   vertex 22.00000190734862 -6.50000023841858 0.00000000000000
   vertex 2.81901645660398 -12.33650994300843 0.00000000000000
   vertex 2.61832404136656 -12.21352601051332 0.00000000000000
  endloop
 endfacet
 facet normal 0.00000000000000 0.00000000000000 -1.00000000000000
  outer loop
   vertex 22.00000190734862 -6.50000023841858 0.00000000000000
   vertex 3.26535105705259 -12.48153138160706 0.00000000000000
   vertex 3.03647661209105 -12.42658448219300 0.00000000000000
  endloop
 endfacet
 facet normal 0.00000000000000 -0.00000000000000 -1.00000000000000
  outer loop
   vertex 3.26535105705259 12.48153233528138 0.00000000000000
   vertex 3.50000143051146 12.50000035762788 0.00000000000000
   vertex 2.43934249877928 12.06066012382508 0.00000000000000
  endloop
 endfacet
 facet normal 0.00000000000000 0.00000000000000 -1.00000000000000
  outer loop
   vertex 23.97537803649901 4.81286883354187 0.00000000000000
   vertex 66.03465270996094 12.48153233528138 0.00000000000000
   vertex 66.26352691650391 12.42658519744874 0.00000000000000
  endloop
 endfacet
 facet normal 0.00000000000000 0.00000000000000 -1.00000000000000
  outer loop
   vertex 23.97537803649901 4.81286883354187 0.00000000000000
   vertex 23.90211486816405 5.11803412437439 0.00000000000000
   vertex 65.80000305175781 12.50000035762788 0.00000000000000
  endloop
 endfacet
 facet normal 0.00000000000000 -0.00000000000000 -1.00000000000000
  outer loop
   vertex 67.22658538818359 11.46352577209474 0.00000000000000
   vertex 67.28153228759766 11.23465156555177 0.00000000000000
   vertex 24.00000190734863 4.49999976158142 0.00000000000000
  endloop
 endfacet
 facet normal 0.00000000000000 0.00000000000000 -1.00000000000000
  outer loop
   vertex 67.30000305175780 -11.00000023841859 0.00000000000000
   vertex 24.00000190734863 -4.50000023841858 0.00000000000000
   vertex 24.00000190734863 4.49999976158142 0.00000000000000
  endloop
 endfacet
 facet normal 0.00000000000000 0.00000000000000 -1.00000000000000
  outer loop
   vertex 24.00000190734863 -4.50000023841858 0.00000000000000
   vertex 67.28153228759766 -11.23465180397035 0.00000000000000
   vertex 67.22658538818359 -11.46352601051332 0.00000000000000
  endloop
 endfacet
 facet normal 0.00000000000000 0.00000000000000 -1.00000000000000
  outer loop
   vertex 67.01352691650391 -11.88167786598207 0.00000000000000
   vertex 66.03465270996094 -12.48153138160706 0.00000000000000
   vertex 65.80000305175781 -12.50000023841859 0.00000000000000
  endloop
 endfacet
 facet normal 0.00000000000000 0.00000000000000 -1.00000000000000
  outer loop
   vertex 66.86066436767578 -12.06065964698793 0.00000000000000
   vertex 66.68167877197266 -12.21352601051332 0.00000000000000
   vertex 66.03465270996094 -12.48153138160706 0.00000000000000
  endloop
 endfacet
 facet normal 0.00000000000000 0.00000000000000 -1.00000000000000
  outer loop
   vertex 2.28647518157957 -11.88167786598207 0.00000000000000
   vertex 2.16349220275877 -11.68098473548890 0.00000000000000
   vertex 22.00000190734862 -6.50000023841858 0.00000000000000
  endloop
 endfacet
 facet normal 0.00000000000000 0.00000000000000 -1.00000000000000
  outer loop
   vertex 3.03647661209105 -12.42658448219300 0.00000000000000
   vertex 2.81901645660398 -12.33650994300843 0.00000000000000
   vertex 22.00000190734862 -6.50000023841858 0.00000000000000
  endloop
 endfacet
 facet normal 0.00000000000000 0.00000000000000 -1.00000000000000
  outer loop
   vertex 65.80000305175781 12.50000035762788 0.00000000000000
   vertex 22.61803627014159 6.40211272239685 0.00000000000000
   vertex 22.31287002563476 6.47537684440613 0.00000000000000
  endloop
 endfacet
 facet normal 0.00000000000000 0.00000000000000 -1.00000000000000
  outer loop
   vertex 23.97537803649901 4.81286883354187 0.00000000000000
   vertex 66.68167877197266 12.21352553367616 0.00000000000000
   vertex 66.86066436767578 12.06066012382508 0.00000000000000
  endloop
 endfacet
 facet normal 0.00000000000000 -0.00000000000000 -1.00000000000000
  outer loop
   vertex 65.80000305175781 12.50000035762788 0.00000000000000
   vertex 66.03465270996094 12.48153233528138 0.00000000000000
   vertex 23.97537803649901 4.81286883354187 0.00000000000000
  endloop
 endfacet
 facet normal 0.00000000000000 0.00000000000000 -1.00000000000000
  outer loop
   vertex 24.00000190734863 4.49999976158142 0.00000000000000
   vertex 67.30000305175781 11.00000023841859 0.00000000000000
   vertex 67.30000305175780 -11.00000023841859 0.00000000000000
  endloop
 endfacet
 facet normal 0.00000000000000 0.00000000000000 -1.00000000000000
  outer loop
   vertex 24.00000190734863 -4.50000023841858 0.00000000000000
   vertex 67.30000305175780 -11.00000023841859 0.00000000000000
   vertex 67.28153228759766 -11.23465180397035 0.00000000000000
  endloop
 endfacet
 facet normal -0.00000000000000 0.00000000000000 -1.00000000000000
  outer loop
   vertex 66.26352691650391 -12.42658448219300 0.00000000000000
   vertex 66.03465270996094 -12.48153138160706 0.00000000000000
   vertex 66.68167877197266 -12.21352601051332 0.00000000000000
  endloop
 endfacet
 facet normal 0.00000000000000 0.00000000000000 -1.00000000000000
  outer loop
   vertex 2.07341837882994 -11.46352601051332 0.00000000000000
   vertex 2.01847028732298 -11.23465180397035 0.00000000000000
   vertex 22.00000190734862 -6.50000023841858 0.00000000000000
  endloop
 endfacet
 facet normal 0.00000000000000 0.00000000000000 -1.00000000000000
  outer loop
   vertex 22.00000190734862 -6.50000023841858 0.00000000000000
   vertex 3.50000143051145 -12.50000023841859 0.00000000000000
   vertex 3.26535105705259 -12.48153138160706 0.00000000000000
  endloop
 endfacet
 facet normal 0.00000000000000 0.00000000000000 -1.00000000000000
  outer loop
   vertex 22.31287002563476 6.47537684440613 0.00000000000000
   vertex 2.07341837882994 11.46352577209474 0.00000000000000
   vertex 3.50000143051146 12.50000035762788 0.00000000000000
  endloop
 endfacet
 facet normal 0.00000000000000 -0.00000000000000 -1.00000000000000
  outer loop
   vertex 66.48098754882812 12.33651041984559 0.00000000000000
   vertex 66.68167877197266 12.21352553367616 0.00000000000000
   vertex 23.97537803649901 4.81286883354187 0.00000000000000
  endloop
 endfacet
 facet normal 0.00000000000000 0.00000000000000 -1.00000000000000
  outer loop
   vertex 67.13651275634766 -11.68098473548890 0.00000000000000
   vertex 23.97537803649902 -4.81286835670472 0.00000000000000
   vertex 24.00000190734863 -4.50000023841858 0.00000000000000
  endloop
 endfacet
 facet normal 0.00000000000000 0.00000000000000 -1.00000000000000
  outer loop
   vertex 23.97537803649902 -4.81286835670472 0.00000000000000
   vertex 67.13651275634766 -11.68098473548890 0.00000000000000
   vertex 67.01352691650391 -11.88167786598207 0.00000000000000
  endloop
 endfacet
 facet normal 0.00000000000000 0.00000000000000 -1.00000000000000
  outer loop
   vertex 2.61832404136656 -12.21352601051332 0.00000000000000
   vertex 2.43934249877928 -12.06065964698793 0.00000000000000
   vertex 22.00000190734862 -6.50000023841858 0.00000000000000
  endloop
 endfacet
 facet normal 0.00000000000000 0.00000000000000 -1.00000000000000
  outer loop
   vertex 2.00000023841856 11.00000023841859 0.00000000000000
   vertex 22.31287002563476 6.47537684440613 0.00000000000000
   vertex 22.00000190734862 6.50000023841858 0.00000000000000
  endloop
 endfacet
 facet normal 0.00000000000000 0.00000000000000 -1.00000000000000
  outer loop
   vertex 22.31287002563476 6.47537684440613 0.00000000000000
   vertex 2.01847028732298 11.23465156555177 0.00000000000000
   vertex 2.07341837882994 11.46352577209474 0.00000000000000
  endloop
 endfacet
 facet normal 0.00000000000000 0.00000000000000 -1.00000000000000
  outer loop
   vertex 65.80000305175781 12.50000035762788 0.00000000000000
   vertex 23.17557144165038 6.11803412437439 0.00000000000000
   vertex 22.90798187255858 6.28201270103455 0.00000000000000
  endloop
 endfacet
 facet normal 0.00000000000000 0.00000000000000 -1.00000000000000
  outer loop
   vertex 65.80000305175781 12.50000035762788 0.00000000000000
   vertex 23.61803627014159 5.67557120323181 0.00000000000000
   vertex 23.41421508789061 5.91421389579773 0.00000000000000
  endloop
 endfacet
 facet normal 0.00000000000000 -0.00000000000000 -1.00000000000000
  outer loop
   vertex 66.86066436767578 12.06066012382508 0.00000000000000
   vertex 67.01352691650391 11.88167762756349 0.00000000000000
   vertex 23.97537803649901 4.81286883354187 0.00000000000000
  endloop
 endfacet
 facet normal 0.00000000000000 0.00000000000000 -1.00000000000000
  outer loop
   vertex 65.80000305175781 -12.50000023841859 0.00000000000000
   vertex 23.90211486816405 -5.11803460121155 0.00000000000000
   vertex 23.97537803649902 -4.81286835670472 0.00000000000000
  endloop
 endfacet
 facet normal 0.00000000000000 0.00000000000000 -1.00000000000000
  outer loop
   vertex 65.80000305175781 -12.50000023841859 0.00000000000000
   vertex 23.17557144165038 -6.11803460121155 0.00000000000000
   vertex 23.41421508789061 -5.91421341896058 0.00000000000000
  endloop
 endfacet
 facet normal 0.00000000000000 0.00000000000000 -1.00000000000000
  outer loop
   vertex 65.80000305175781 -12.50000023841859 0.00000000000000
   vertex 22.61803627014159 -6.40211319923402 0.00000000000000
   vertex 22.90798187255858 -6.28201317787171 0.00000000000000
  endloop
 endfacet
 facet normal 0.00000000000000 0.00000000000000 -1.00000000000000
  outer loop
   vertex 3.50000143051145 -12.50000023841859 0.00000000000000
   vertex 22.00000190734862 -6.50000023841858 0.00000000000000
   vertex 22.31287002563476 -6.47537636756898 0.00000000000000
  endloop
 endfacet
 facet normal 0.00000000000000 0.00000000000000 -1.00000000000000
  outer loop
   vertex 2.01847028732298 -11.23465180397035 0.00000000000000
   vertex 2.00000023841856 -11.00000023841859 0.00000000000000
   vertex 22.00000190734862 -6.50000023841858 0.00000000000000
  endloop
 endfacet
 facet normal 0.00000000000000 0.00000000000000 -1.00000000000000
  outer loop
   vertex 22.31287002563476 6.47537684440613 0.00000000000000
   vertex 2.00000023841856 11.00000023841859 0.00000000000000
   vertex 2.01847028732298 11.23465156555177 0.00000000000000
  endloop
 endfacet
 facet normal 0.00000000000000 0.00000000000000 -1.00000000000000
  outer loop
   vertex 23.41421508789061 5.91421389579773 0.00000000000000
   vertex 23.17557144165038 6.11803412437439 0.00000000000000
   vertex 65.80000305175781 12.50000035762788 0.00000000000000
  endloop
 endfacet
 facet normal 0.00000000000000 0.00000000000000 -1.00000000000000
  outer loop
   vertex 65.80000305175781 12.50000035762788 0.00000000000000
   vertex 23.90211486816405 5.11803412437439 0.00000000000000
   vertex 23.78201484680174 5.40798163414002 0.00000000000000
  endloop
 endfacet
 facet normal 0.00000000000000 -0.00000000000000 -1.00000000000000
  outer loop
   vertex 67.28153228759766 11.23465156555177 0.00000000000000
   vertex 67.30000305175781 11.00000023841859 0.00000000000000
   vertex 24.00000190734863 4.49999976158142 0.00000000000000
  endloop
 endfacet
 facet normal 0.00000000000000 0.00000000000000 -1.00000000000000
  outer loop
   vertex 65.80000305175781 -12.50000023841859 0.00000000000000
   vertex 23.61803627014159 -5.67556977272034 0.00000000000000
   vertex 23.78201484680174 -5.40798020362855 0.00000000000000
  endloop
 endfacet
 facet normal 0.00000000000000 0.00000000000000 -1.00000000000000
  outer loop
   vertex 22.90798187255858 -6.28201317787171 0.00000000000000
   vertex 23.17557144165038 -6.11803460121155 0.00000000000000
   vertex 65.80000305175781 -12.50000023841859 0.00000000000000
  endloop
 endfacet
 facet normal 0.00000000000000 0.00000000000000 -1.00000000000000
  outer loop
   vertex 2.00000023841856 -11.00000023841859 0.00000000000000
   vertex 2.00000023841856 -6.50000023841858 0.00000000000000
   vertex 22.00000190734862 -6.50000023841858 0.00000000000000
  endloop
 endfacet
 facet normal 0.00000000000000 0.00000000000000 -1.00000000000000
  outer loop
   vertex 22.90798187255858 6.28201270103455 0.00000000000000
   vertex 22.61803627014159 6.40211272239685 0.00000000000000
   vertex 65.80000305175781 12.50000035762788 0.00000000000000
  endloop
 endfacet
 facet normal 0.00000000000000 -0.00000000000000 -1.00000000000000
  outer loop
   vertex 67.01352691650391 11.88167762756349 0.00000000000000
   vertex 67.13651275634766 11.68098592758180 0.00000000000000
   vertex 23.97537803649901 4.81286883354187 0.00000000000000
  endloop
 endfacet
 facet normal 0.00000000000000 0.00000000000000 -1.00000000000000
  outer loop
   vertex 23.41421508789061 -5.91421341896058 0.00000000000000
   vertex 23.61803627014159 -5.67556977272034 0.00000000000000
   vertex 65.80000305175781 -12.50000023841859 0.00000000000000
  endloop
 endfacet
 facet normal 0.00000000000000 -0.00000000000000 -1.00000000000000
  outer loop
   vertex 22.31287002563476 -6.47537636756898 0.00000000000000
   vertex 65.80000305175781 -12.50000023841859 0.00000000000000
   vertex 3.50000143051145 -12.50000023841859 0.00000000000000
  endloop
 endfacet
 facet normal 0.00000000000000 0.00000000000000 -1.00000000000000
  outer loop
   vertex 23.78201484680174 5.40798163414002 0.00000000000000
   vertex 23.61803627014159 5.67557120323181 0.00000000000000
   vertex 65.80000305175781 12.50000035762788 0.00000000000000
  endloop
 endfacet
 facet normal 0.00000000000000 0.00000000000000 -1.00000000000000
  outer loop
   vertex 22.31287002563476 -6.47537636756898 0.00000000000000
   vertex 22.61803627014159 -6.40211319923402 0.00000000000000
   vertex 65.80000305175781 -12.50000023841859 0.00000000000000
  endloop
 endfacet
 facet normal 0.00000000000000 0.00000000000000 -1.00000000000000
  outer loop
   vertex 23.78201484680174 -5.40798020362855 0.00000000000000
   vertex 23.90211486816405 -5.11803460121155 0.00000000000000
   vertex 65.80000305175781 -12.50000023841859 0.00000000000000
  endloop
 endfacet
 facet normal 0.00000000000000 0.00000000000000 -1.00000000000000
  outer loop
   vertex 22.00000190734862 6.50000023841858 0.00000000000000
   vertex 2.00000023841856 6.50000023841858 0.00000000000000
   vertex 2.00000023841856 11.00000023841859 0.00000000000000
  endloop
 endfacet
 facet normal -0.07845935443696 -0.99691731337225 -0.00000000000000
  outer loop
   vertex 2.95248246192930 -14.45690941810609 12.50000000000001
   vertex 2.95248246192930 -14.45690941810609 1.99999940395355
   vertex 3.50000143051146 -14.50000023841859 1.99999940395355
  endloop
 endfacet
 facet normal -0.07845935443696 -0.99691731337225 -0.00000000000000
  outer loop
   vertex 3.50000143051146 -14.50000023841859 1.99999940395355
   vertex 3.50000143051146 -14.50000023841859 12.50000000000001
   vertex 2.95248246192930 -14.45690941810609 12.50000000000001
  endloop
 endfacet
 facet normal -0.16532609590046 -0.68862948909449 -0.70601466611096
  outer loop
   vertex 2.95248246192930 -14.45690941810609 1.99999940395355
   vertex 2.41844367980956 -14.32869744300844 1.99999940395355
   vertex 3.03647675479492 -12.42658388779141 0.00000060940789
  endloop
 endfacet
 facet normal -0.16532609590046 -0.68862948909449 -0.70601466611096
  outer loop
   vertex 3.03647675479492 -12.42658388779141 0.00000060940789
   vertex 3.26535105705259 -12.48153138160706 -0.00000000000000
   vertex 2.95248246192930 -14.45690941810609 1.99999940395355
  endloop
 endfacet
 facet normal -0.05556471151950 -0.70601425825921 -0.70601446866792
  outer loop
   vertex 2.95248246192930 -14.45690941810609 1.99999940395355
   vertex 3.26535100171384 -12.48153208475032 -0.00000070314346
   vertex 3.50000143051145 -12.50000023841859 -0.00000000000000
  endloop
 endfacet
 facet normal -0.05556471151948 -0.70601425825921 -0.70601446866792
  outer loop
   vertex 3.50000143051145 -12.50000023841859 -0.00000000000000
   vertex 3.50000143051146 -14.50000023841859 1.99999940395355
   vertex 2.95248246192930 -14.45690941810609 1.99999940395355
  endloop
 endfacet
 facet normal 0.00000000000000 -0.70710667581940 -0.70710688655368
  outer loop
   vertex 3.50000143051146 -14.50000023841859 1.99999940395355
   vertex 3.50000143051145 -12.50000023841859 -0.00000000000000
   vertex 65.80000305175781 -12.50000023841859 -0.00000000000000
  endloop
 endfacet
 facet normal -0.00000000000000 -0.70710667581940 -0.70710688655368
  outer loop
   vertex 65.80000305175781 -12.50000023841859 -0.00000000000000
   vertex 65.80000305175815 -14.50000023841858 1.99999940395354
   vertex 3.50000143051146 -14.50000023841859 1.99999940395355
  endloop
 endfacet
 facet normal 0.00000000000000 0.00000000000000 -1.00000000000000
  outer loop
   vertex 65.80000305175781 -14.50000023841859 12.50000000000001
   vertex 15.46819854057980 -31.26937201787205 12.50000000000001
   vertex 13.36033627661486 -29.88682511872877 12.50000000000001
  endloop
 endfacet
 facet normal 0.00000000000000 0.00000000000000 -1.00000000000000
  outer loop
   vertex 65.80000305175781 -14.50000023841859 12.50000000000001
   vertex 22.28704340927749 -34.51227193176740 12.50000000000001
   vertex 19.94198152764541 -33.58749951463209 12.50000000000001
  endloop
 endfacet
 facet normal 0.00000000000000 0.00000000000000 -1.00000000000000
  outer loop
   vertex 13.36033627661486 -29.88682511872877 12.50000000000001
   vertex 11.35173626308918 -28.36365564757902 12.50000000000001
   vertex 65.80000305175781 -14.50000023841859 12.50000000000001
  endloop
 endfacet
 facet normal 0.00000000000000 0.00000000000000 -1.00000000000000
  outer loop
   vertex 19.94198152764541 -33.58749951463209 12.50000000000001
   vertex 17.66549522808027 -32.50485027315525 12.50000000000001
   vertex 65.80000305175781 -14.50000023841859 12.50000000000001
  endloop
 endfacet
 facet normal 0.00000000000000 0.00000000000000 -1.00000000000000
  outer loop
   vertex 32.13065464172559 -36.55779786829332 12.50000000000001
   vertex 39.67695107846574 -36.30000864479906 12.50000000000001
   vertex 37.16934984054366 -36.55779786829333 12.50000000000001
  endloop
 endfacet
 facet normal 0.00000000000000 0.00000000000000 -1.00000000000000
  outer loop
   vertex 65.80000305175781 -14.50000023841859 12.50000000000001
   vertex 4.48941680364976 -21.01590564576366 12.50000000000001
   vertex 3.10686990450647 -18.90804338179871 12.50000000000001
  endloop
 endfacet
 facet normal 0.00000000000000 0.00000000000000 -1.00000000000000
  outer loop
   vertex 65.80000305175781 -14.50000023841859 12.50000000000001
   vertex 7.66927659875741 -24.92447840190498 12.50000000000001
   vertex 6.01258627479953 -23.02450565928936 12.50000000000001
  endloop
 endfacet
 facet normal 0.00000000000000 0.00000000000000 -1.00000000000000
  outer loop
   vertex 17.66549522808027 -32.50485027315525 12.50000000000001
   vertex 15.46819854057980 -31.26937201787205 12.50000000000001
   vertex 65.80000305175781 -14.50000023841859 12.50000000000001
  endloop
 endfacet
 facet normal 0.00000000000000 0.00000000000000 -1.00000000000000
  outer loop
   vertex 32.13065464172559 -36.55779786829332 12.50000000000001
   vertex 42.16111436037348 -35.87169562725292 12.50000000000001
   vertex 39.67695107846574 -36.30000864479906 12.50000000000001
  endloop
 endfacet
 facet normal 0.00000000000000 0.00000000000000 -1.00000000000000
  outer loop
   vertex 32.13065464172559 -36.55779786829332 12.50000000000001
   vertex 47.01296107299179 -34.51227193176740 12.50000000000001
   vertex 44.61025737030986 -35.27485580866009 12.50000000000001
  endloop
 endfacet
 facet normal 0.00000000000000 0.00000000000000 -1.00000000000000
  outer loop
   vertex 32.13065464172559 -36.55779786829332 12.50000000000001
   vertex 53.83180594168945 -31.26937201787206 12.50000000000001
   vertex 51.63450925418899 -32.50485027315526 12.50000000000001
  endloop
 endfacet
 facet normal 0.00000000000000 0.00000000000000 -1.00000000000000
  outer loop
   vertex 32.13065464172559 -36.55779786829332 12.50000000000001
   vertex 57.94826821918011 -28.36365564757901 12.50000000000001
   vertex 55.93966820565437 -29.88682511872879 12.50000000000001
  endloop
 endfacet
 facet normal 0.00000000000000 0.00000000000000 -1.00000000000000
  outer loop
   vertex 32.13065464172559 -36.55779786829332 12.50000000000001
   vertex 61.63072788351186 -24.92447840190499 12.50000000000001
   vertex 59.84824096179572 -26.70696532362113 12.50000000000001
  endloop
 endfacet
 facet normal 0.00000000000000 0.00000000000000 -1.00000000000000
  outer loop
   vertex 6.01258627479953 -23.02450565928936 12.50000000000001
   vertex 4.48941680364976 -21.01590564576366 12.50000000000001
   vertex 65.80000305175781 -14.50000023841859 12.50000000000001
  endloop
 endfacet
 facet normal 0.00000000000000 0.00000000000000 -1.00000000000000
  outer loop
   vertex 11.35173626308918 -28.36365564757902 12.50000000000001
   vertex 9.45176352047354 -26.70696532362112 12.50000000000001
   vertex 65.80000305175781 -14.50000023841859 12.50000000000001
  endloop
 endfacet
 facet normal 0.00000000000000 0.00000000000000 -1.00000000000000
  outer loop
   vertex 44.61025737030986 -35.27485580866009 12.50000000000001
   vertex 42.16111436037348 -35.87169562725292 12.50000000000001
   vertex 32.13065464172559 -36.55779786829332 12.50000000000001
  endloop
 endfacet
 facet normal 0.00000000000000 0.00000000000000 -1.00000000000000
  outer loop
   vertex 51.63450925418899 -32.50485027315526 12.50000000000001
   vertex 49.35802295462385 -33.58749951463209 12.50000000000001
   vertex 32.13065464172559 -36.55779786829332 12.50000000000001
  endloop
 endfacet
 facet normal 0.00000000000000 0.00000000000000 -1.00000000000000
  outer loop
   vertex 59.84824096179572 -26.70696532362113 12.50000000000001
   vertex 57.94826821918011 -28.36365564757901 12.50000000000001
   vertex 32.13065464172559 -36.55779786829332 12.50000000000001
  endloop
 endfacet
 facet normal 0.00000000000000 0.00000000000000 -1.00000000000000
  outer loop
   vertex 69.30000139381009 11.00002130463607 12.50000000000001
   vertex 70.79545818714367 7.78487243799495 12.50000000000001
   vertex 71.22377120468981 5.30070915608721 12.50000000000001
  endloop
 endfacet
 facet normal 0.00000000000000 0.00000000000000 -1.00000000000000
  outer loop
   vertex 9.45176352047354 -26.70696532362112 12.50000000000001
   vertex 7.66927659875741 -24.92447840190498 12.50000000000001
   vertex 65.80000305175781 -14.50000023841859 12.50000000000001
  endloop
 endfacet
 facet normal 0.00000000000000 0.00000000000000 -1.00000000000000
  outer loop
   vertex 65.80000305175781 -14.50000023841859 12.50000000000001
   vertex 27.13889012189577 -35.87169562725292 12.50000000000001
   vertex 24.68974711195939 -35.27485580866009 12.50000000000001
  endloop
 endfacet
 facet normal 0.00000000000000 0.00000000000000 -1.00000000000000
  outer loop
   vertex 49.35802295462385 -33.58749951463209 12.50000000000001
   vertex 47.01296107299179 -34.51227193176740 12.50000000000001
   vertex 32.13065464172559 -36.55779786829332 12.50000000000001
  endloop
 endfacet
 facet normal 0.00000000000000 0.00000000000000 -1.00000000000000
  outer loop
   vertex 32.13065464172559 -36.55779786829332 12.50000000000001
   vertex 63.28741820746974 -23.02450565928936 12.50000000000001
   vertex 61.63072788351186 -24.92447840190499 12.50000000000001
  endloop
 endfacet
 facet normal 0.00000000000000 -0.00000000000000 -1.00000000000000
  outer loop
   vertex 65.80000305175781 -14.50000023841859 12.50000000000001
   vertex 66.19313457776281 -18.90804338179872 12.50000000000001
   vertex 64.81058767861951 -21.01590564576366 12.50000000000001
  endloop
 endfacet
 facet normal 0.00000000000000 0.00000000000000 -1.00000000000000
  outer loop
   vertex 69.30000139380435 -11.00002130467231 12.50000000000001
   vertex 69.30000139381009 11.00002130463607 12.50000000000001
   vertex 70.79545818714367 -7.23735180048275 12.50000000000001
  endloop
 endfacet
 facet normal 0.00000000000000 0.00000000000000 -1.00000000000000
  outer loop
   vertex 69.30000139381009 11.00002130463607 12.50000000000001
   vertex 71.48156042818405 -2.24558728065294 12.50000000000001
   vertex 71.22377120468981 -4.75318851857501 12.50000000000001
  endloop
 endfacet
 facet normal 0.00000000000000 0.00000000000000 -1.00000000000000
  outer loop
   vertex 69.30000139381009 11.00002130463607 12.50000000000001
   vertex 71.48156042818407 2.79310791816514 12.50000000000001
   vertex 71.56762392526613 0.27376031875612 12.50000000000001
  endloop
 endfacet
 facet normal 0.00000000000000 0.00000000000000 -1.00000000000000
  outer loop
   vertex 69.30000139381009 11.00002130463607 12.50000000000001
   vertex 70.19861836855083 10.23401544793133 12.50000000000001
   vertex 70.79545818714367 7.78487243799495 12.50000000000001
  endloop
 endfacet
 facet normal 0.00000000000000 0.00000000000000 -1.00000000000000
  outer loop
   vertex 24.68974711195939 -35.27485580866009 12.50000000000001
   vertex 22.28704340927749 -34.51227193176740 12.50000000000001
   vertex 65.80000305175781 -14.50000023841859 12.50000000000001
  endloop
 endfacet
 facet normal 0.00000000000000 0.00000000000000 -1.00000000000000
  outer loop
   vertex 65.80000305175781 -14.50000023841859 12.50000000000001
   vertex 32.13065464172559 -36.55779786829332 12.50000000000001
   vertex 29.62305340380351 -36.30000864479906 12.50000000000001
  endloop
 endfacet
 facet normal 0.00000000000000 0.00000000000000 -1.00000000000000
  outer loop
   vertex 55.93966820565437 -29.88682511872879 12.50000000000001
   vertex 53.83180594168945 -31.26937201787206 12.50000000000001
   vertex 32.13065464172559 -36.55779786829332 12.50000000000001
  endloop
 endfacet
 facet normal -0.00000000000000 0.00000000000000 -1.00000000000000
  outer loop
   vertex 64.81058767861951 -21.01590564576366 12.50000000000001
   vertex 32.13065464172559 -36.55779786829332 12.50000000000001
   vertex 65.80000305175781 -14.50000023841859 12.50000000000001
  endloop
 endfacet
 facet normal 0.00000000000000 0.00000000000000 -1.00000000000000
  outer loop
   vertex 41.78508467142234 32.38817772260177 12.50000000000001
   vertex 64.81058767861953 21.56342628327585 12.50000000000001
   vertex 66.19313457776281 19.45556401931092 12.50000000000001
  endloop
 endfacet
 facet normal 0.00000000000000 0.00000000000000 -1.00000000000000
  outer loop
   vertex 41.78508467142234 32.38817772260177 12.50000000000001
   vertex 61.63072788351187 25.47199903941719 12.50000000000001
   vertex 63.28741820746976 23.57202629680156 12.50000000000001
  endloop
 endfacet
 facet normal -0.00000000000000 0.00000000000000 -1.00000000000000
  outer loop
   vertex 71.22377120468981 -4.75318851857501 12.50000000000001
   vertex 70.79545818714367 -7.23735180048275 12.50000000000001
   vertex 69.30000139381009 11.00002130463607 12.50000000000001
  endloop
 endfacet
 facet normal -0.00000000000000 -0.00000000000000 -1.00000000000000
  outer loop
   vertex 71.22377120468981 5.30070915608721 12.50000000000001
   vertex 71.48156042818407 2.79310791816514 12.50000000000001
   vertex 69.30000139381009 11.00002130463607 12.50000000000001
  endloop
 endfacet
 facet normal 0.00000000000000 0.00000000000000 -1.00000000000000
  outer loop
   vertex 29.62305340380351 -36.30000864479906 12.50000000000001
   vertex 27.13889012189577 -35.87169562725292 12.50000000000001
   vertex 65.80000305175781 -14.50000023841859 12.50000000000001
  endloop
 endfacet
 facet normal 0.00000000000000 0.00000000000000 -1.00000000000000
  outer loop
   vertex 64.81058767861951 -21.01590564576366 12.50000000000001
   vertex 63.28741820746974 -23.02450565928936 12.50000000000001
   vertex 32.13065464172559 -36.55779786829332 12.50000000000001
  endloop
 endfacet
 facet normal 0.00000000000000 0.00000000000000 -1.00000000000000
  outer loop
   vertex 67.85725402832031 13.83155977725984 12.50000000000001
   vertex 41.78508467142234 32.38817772260177 12.50000000000001
   vertex 67.42861283304600 17.25826733181045 12.50000000000001
  endloop
 endfacet
 facet normal -0.00000000000000 -0.00000000000000 -1.00000000000000
  outer loop
   vertex 63.28741820746976 23.57202629680156 12.50000000000001
   vertex 64.81058767861953 21.56342628327585 12.50000000000001
   vertex 41.78508467142234 32.38817772260177 12.50000000000001
  endloop
 endfacet
 facet normal 0.00000000000000 0.00000000000000 -1.00000000000000
  outer loop
   vertex 41.78508467142234 32.38817772260177 12.50000000000001
   vertex 53.83180594168947 31.81689265538427 12.50000000000001
   vertex 55.93966820565441 30.43434575624099 12.50000000000001
  endloop
 endfacet
 facet normal 0.00000000000000 0.00000000000000 -1.00000000000000
  outer loop
   vertex 41.78508467142234 32.38817772260177 12.50000000000001
   vertex 47.01296107299179 35.05979256927961 12.50000000000001
   vertex 49.35802295462387 34.13502015214429 12.50000000000001
  endloop
 endfacet
 facet normal -0.00000000000000 0.00000000000000 -1.00000000000000
  outer loop
   vertex 71.56762392526613 0.27376031875612 12.50000000000001
   vertex 71.48156042818405 -2.24558728065294 12.50000000000001
   vertex 69.30000139381009 11.00002130463607 12.50000000000001
  endloop
 endfacet
 facet normal -0.00000000000000 0.00000000000000 -1.00000000000000
  outer loop
   vertex 37.16934984054366 -36.55779786829333 12.50000000000001
   vertex 34.65000224113464 -36.64386136537539 12.50000000000001
   vertex 32.13065464172559 -36.55779786829332 12.50000000000001
  endloop
 endfacet
 facet normal 0.00000000000000 0.00000000000000 -1.00000000000000
  outer loop
   vertex -0.00000000000002 -11.00000023841859 12.50000000000001
   vertex -2.18155594591480 -2.24558728065292 12.50000000000001
   vertex -2.26761944299686 0.27376031875610 12.50000000000001
  endloop
 endfacet
 facet normal -0.00000000000000 -0.00000000000000 -1.00000000000000
  outer loop
   vertex 66.19313457776281 19.45556401931092 12.50000000000001
   vertex 67.42861283304600 17.25826733181045 12.50000000000001
   vertex 41.78508467142234 32.38817772260177 12.50000000000001
  endloop
 endfacet
 facet normal -0.00000000000000 -0.00000000000000 -1.00000000000000
  outer loop
   vertex 55.93966820565441 30.43434575624099 12.50000000000001
   vertex 57.94826821918009 28.91117628509123 12.50000000000001
   vertex 41.78508467142234 32.38817772260177 12.50000000000001
  endloop
 endfacet
 facet normal 0.00000000000000 -0.00000000000000 -1.00000000000000
  outer loop
   vertex 49.35802295462387 34.13502015214429 12.50000000000001
   vertex 51.63450925418901 33.05237091066746 12.50000000000001
   vertex 41.78508467142234 32.38817772260177 12.50000000000001
  endloop
 endfacet
 facet normal 0.00000000000000 0.00000000000000 -1.00000000000000
  outer loop
   vertex 70.79545818714367 -7.23735180048275 12.50000000000001
   vertex 70.19861836855083 -9.68649481041913 12.50000000000001
   vertex 69.30000139380435 -11.00002130467231 12.50000000000001
  endloop
 endfacet
 facet normal 0.00000000000000 0.00000000000000 -1.00000000000000
  outer loop
   vertex 70.19861836855083 -9.68649481041913 12.50000000000001
   vertex 69.43603449165815 -12.08919851310104 12.50000000000001
   vertex 69.25691223144531 -11.54751992225646 12.50000000000001
  endloop
 endfacet
 facet normal 0.00000000000000 0.00000000000000 -1.00000000000000
  outer loop
   vertex 3.10686990450647 -18.90804338179871 12.50000000000001
   vertex 2.95248246192930 -14.45690941810609 12.50000000000001
   vertex 3.50000143051146 -14.50000023841859 12.50000000000001
  endloop
 endfacet
 facet normal 0.00000000000000 0.00000000000000 -1.00000000000000
  outer loop
   vertex -0.00000000000002 -11.00000023841859 12.50000000000001
   vertex -1.92376672242053 -4.75318851857500 12.50000000000001
   vertex -2.18155594591480 -2.24558728065292 12.50000000000001
  endloop
 endfacet
 facet normal 0.00000000000000 0.00000000000000 -1.00000000000000
  outer loop
   vertex 41.78508467142234 32.38817772260177 12.50000000000001
   vertex 59.84824096179573 27.25448596113333 12.50000000000001
   vertex 61.63072788351187 25.47199903941719 12.50000000000001
  endloop
 endfacet
 facet normal 0.00000000000000 -0.00000000000000 -1.00000000000000
  outer loop
   vertex 51.63450925418901 33.05237091066746 12.50000000000001
   vertex 53.83180594168947 31.81689265538427 12.50000000000001
   vertex 41.78508467142234 32.38817772260177 12.50000000000001
  endloop
 endfacet
 facet normal 0.00000000000000 0.00000000000000 -1.00000000000000
  outer loop
   vertex 69.25691223144531 -11.54751992225646 12.50000000000001
   vertex 69.30000139380435 -11.00002130467231 12.50000000000001
   vertex 70.19861836855083 -9.68649481041913 12.50000000000001
  endloop
 endfacet
 facet normal -0.00000000000000 0.00000000000000 -1.00000000000000
  outer loop
   vertex 69.43603449165815 -12.08919851310104 12.50000000000001
   vertex 68.91852569580078 -12.58896660804750 12.50000000000001
   vertex 69.12870025634766 -12.08156037330629 12.50000000000001
  endloop
 endfacet
 facet normal 0.00000000000000 0.00000000000000 -1.00000000000000
  outer loop
   vertex 66.34751892089841 -14.45690941810609 12.50000000000001
   vertex 66.88156127929686 -14.32869744300844 12.50000000000001
   vertex 67.42861283304600 -16.71074669429826 12.50000000000001
  endloop
 endfacet
 facet normal 0.00000000000000 0.00000000000000 -1.00000000000000
  outer loop
   vertex 3.10686990450647 -18.90804338179871 12.50000000000001
   vertex 3.50000143051146 -14.50000023841859 12.50000000000001
   vertex 65.80000305175781 -14.50000023841859 12.50000000000001
  endloop
 endfacet
 facet normal 0.00000000000000 0.00000000000000 -1.00000000000000
  outer loop
   vertex -0.00000000000002 11.00000023841859 12.50000000000001
   vertex -0.00000000000002 -11.00000023841859 12.50000000000001
   vertex -1.49545370487439 7.78487243799496 12.50000000000001
  endloop
 endfacet
 facet normal 0.00000000000000 0.00000000000000 -1.00000000000000
  outer loop
   vertex -0.00000000000002 -11.00000023841859 12.50000000000001
   vertex -2.18155594591479 2.79310791816515 12.50000000000001
   vertex -1.92376672242053 5.30070915608722 12.50000000000001
  endloop
 endfacet
 facet normal 0.00000000000000 0.00000000000000 -1.00000000000000
  outer loop
   vertex -0.00000000000002 -11.00000023841859 12.50000000000001
   vertex -1.49545370487439 -7.23735180048275 12.50000000000001
   vertex -1.92376672242053 -4.75318851857500 12.50000000000001
  endloop
 endfacet
 facet normal -0.00000000000000 -0.00000000000000 -1.00000000000000
  outer loop
   vertex 57.94826821918009 28.91117628509123 12.50000000000001
   vertex 59.84824096179573 27.25448596113333 12.50000000000001
   vertex 41.78508467142234 32.38817772260177 12.50000000000001
  endloop
 endfacet
 facet normal 0.00000000000000 0.00000000000000 -1.00000000000000
  outer loop
   vertex 41.78508467142234 32.38817772260177 12.50000000000001
   vertex 41.78508467142234 33.98817772260176 12.50000000000001
   vertex 44.61025737030987 35.82237644617230 12.50000000000001
  endloop
 endfacet
 facet normal 0.00000000000000 -0.00000000000000 -1.00000000000000
  outer loop
   vertex 69.43603449165815 12.63671915061324 12.50000000000001
   vertex 70.19861836855083 10.23401544793133 12.50000000000001
   vertex 69.25691223144531 11.54752087593079 12.50000000000001
  endloop
 endfacet
 facet normal 0.00000000000000 0.00000000000000 -1.00000000000000
  outer loop
   vertex 69.12870025634766 -12.08156037330629 12.50000000000001
   vertex 69.25691223144531 -11.54751992225646 12.50000000000001
   vertex 69.43603449165815 -12.08919851310104 12.50000000000001
  endloop
 endfacet
 facet normal 0.00000000000000 0.00000000000000 -1.00000000000000
  outer loop
   vertex 68.51126207452282 -14.43426039473312 12.50000000000001
   vertex 68.63156127929688 -13.05724930763245 12.50000000000001
   vertex 68.91852569580078 -12.58896660804750 12.50000000000001
  endloop
 endfacet
 facet normal 0.00000000000000 0.00000000000000 -1.00000000000000
  outer loop
   vertex 65.80000305175781 -14.50000023841859 12.50000000000001
   vertex 66.34751892089841 -14.45690941810609 12.50000000000001
   vertex 66.19313457776281 -18.90804338179872 12.50000000000001
  endloop
 endfacet
 facet normal 0.00000000000000 -0.00000000000000 -1.00000000000000
  outer loop
   vertex 2.95248246192930 -14.45690941810609 12.50000000000001
   vertex 3.10686990450647 -18.90804338179871 12.50000000000001
   vertex 1.87139164922327 -16.71074669429825 12.50000000000001
  endloop
 endfacet
 facet normal 0.00000000000000 0.00000000000000 -1.00000000000000
  outer loop
   vertex 0.78874240774645 -14.43426039473311 12.50000000000001
   vertex 1.44275283813475 -13.83155846595766 12.50000000000001
   vertex 1.91103672981260 -14.11852288246155 12.50000000000001
  endloop
 endfacet
 facet normal 0.00000000000000 0.00000000000000 -1.00000000000000
  outer loop
   vertex -1.92376672242053 5.30070915608722 12.50000000000001
   vertex -1.49545370487439 7.78487243799496 12.50000000000001
   vertex -0.00000000000002 -11.00000023841859 12.50000000000001
  endloop
 endfacet
 facet normal 0.00000000000000 0.00000000000000 -1.00000000000000
  outer loop
   vertex -0.00000000000002 -11.00000023841859 12.50000000000001
   vertex -0.89861388628156 -9.68649481041912 12.50000000000001
   vertex -1.49545370487439 -7.23735180048275 12.50000000000001
  endloop
 endfacet
 facet normal -0.00000000000000 0.00000000000000 -1.00000000000000
  outer loop
   vertex 27.55801253850811 32.38817772260177 12.50000000000001
   vertex 15.46819854057982 31.81689265538428 12.50000000000001
   vertex 17.66549522808029 33.05237091066747 12.50000000000001
  endloop
 endfacet
 facet normal 0.00000000000000 -0.00000000000000 -1.00000000000000
  outer loop
   vertex 44.61025737030987 35.82237644617230 12.50000000000001
   vertex 47.01296107299179 35.05979256927961 12.50000000000001
   vertex 41.78508467142234 32.38817772260177 12.50000000000001
  endloop
 endfacet
 facet normal 0.00000000000000 0.00000000000000 -1.00000000000000
  outer loop
   vertex 69.25691223144531 11.54752087593079 12.50000000000001
   vertex 69.12870025634767 12.08155989646911 12.50000000000001
   vertex 69.43603449165815 12.63671915061324 12.50000000000001
  endloop
 endfacet
 facet normal 0.00000000000000 -0.00000000000000 -1.00000000000000
  outer loop
   vertex 68.91852569580078 -12.58896660804750 12.50000000000001
   vertex 69.43603449165815 -12.08919851310104 12.50000000000001
   vertex 68.51126207452282 -14.43426039473312 12.50000000000001
  endloop
 endfacet
 facet normal -0.00000000000000 0.00000000000000 -1.00000000000000
  outer loop
   vertex 68.51126207452282 -14.43426039473312 12.50000000000001
   vertex 67.42861283304600 -16.71074669429826 12.50000000000001
   vertex 67.38896942138672 -14.11852288246156 12.50000000000001
  endloop
 endfacet
 facet normal -0.00000000000000 0.00000000000000 -1.00000000000000
  outer loop
   vertex 67.42861283304600 -16.71074669429826 12.50000000000001
   vertex 66.19313457776281 -18.90804338179872 12.50000000000001
   vertex 66.34751892089841 -14.45690941810609 12.50000000000001
  endloop
 endfacet
 facet normal 0.00000000000000 0.00000000000000 -1.00000000000000
  outer loop
   vertex 1.87139164922327 -16.71074669429825 12.50000000000001
   vertex 1.91103672981260 -14.11852288246155 12.50000000000001
   vertex 2.41844367980955 -14.32869744300844 12.50000000000001
  endloop
 endfacet
 facet normal 0.00000000000000 0.00000000000000 -1.00000000000000
  outer loop
   vertex 0.78874240774645 -14.43426039473311 12.50000000000001
   vertex 1.02512907981870 -13.47487473487855 12.50000000000001
   vertex 1.44275283813475 -13.83155846595766 12.50000000000001
  endloop
 endfacet
 facet normal 0.00000000000000 0.00000000000000 -1.00000000000000
  outer loop
   vertex -0.89861388628156 -9.68649481041912 12.50000000000001
   vertex -0.00000000000002 -11.00000023841859 12.50000000000001
   vertex 0.04309415817259 -11.54751992225648 12.50000000000001
  endloop
 endfacet
 facet normal 0.00000000000000 0.00000000000000 -1.00000000000000
  outer loop
   vertex -2.26761944299686 0.27376031875610 12.50000000000001
   vertex -2.18155594591479 2.79310791816515 12.50000000000001
   vertex -0.00000000000002 -11.00000023841859 12.50000000000001
  endloop
 endfacet
 facet normal 0.00000000000000 0.00000000000000 -1.00000000000000
  outer loop
   vertex 27.55801253850811 32.38817772260177 12.50000000000001
   vertex 22.28704340927750 35.05979256927962 12.50000000000001
   vertex 24.68974711195942 35.82237644617230 12.50000000000001
  endloop
 endfacet
 facet normal 0.00000000000000 0.00000000000000 -1.00000000000000
  outer loop
   vertex 27.55801253850811 32.38817772260177 12.50000000000001
   vertex 13.36033627661489 30.43434575624099 12.50000000000001
   vertex 15.46819854057982 31.81689265538428 12.50000000000001
  endloop
 endfacet
 facet normal 0.00000000000000 0.00000000000000 -1.00000000000000
  outer loop
   vertex 27.55801253850811 32.38817772260177 12.50000000000001
   vertex 9.45176352047355 27.25448596113333 12.50000000000001
   vertex 11.35173626308918 28.91117628509123 12.50000000000001
  endloop
 endfacet
 facet normal 0.00000000000000 0.00000000000000 -1.00000000000000
  outer loop
   vertex 1.91103672981260 14.11852258443833 12.50000000000001
   vertex 0.78874240774645 14.98178103224533 12.50000000000001
   vertex 1.87139164922328 17.25826733181046 12.50000000000001
  endloop
 endfacet
 facet normal 0.00000000000000 0.00000000000000 -1.00000000000000
  outer loop
   vertex 68.51126207452282 14.98178103224533 12.50000000000001
   vertex 68.27487182617186 13.47487437725069 12.50000000000001
   vertex 67.85725402832031 13.83155977725984 12.50000000000001
  endloop
 endfacet
 facet normal -0.00000000000000 0.00000000000000 -1.00000000000000
  outer loop
   vertex 69.43603449165815 12.63671915061324 12.50000000000001
   vertex 68.91852569580078 12.58896684646608 12.50000000000001
   vertex 68.63156127929688 13.05724883079529 12.50000000000001
  endloop
 endfacet
 facet normal 0.00000000000000 0.00000000000000 -1.00000000000000
  outer loop
   vertex 69.30000139381009 11.00002130463607 12.50000000000001
   vertex 69.25691223144531 11.54752087593079 12.50000000000001
   vertex 70.19861836855083 10.23401544793133 12.50000000000001
  endloop
 endfacet
 facet normal 0.00000000000000 0.00000000000000 -1.00000000000000
  outer loop
   vertex 66.88156127929686 -14.32869744300844 12.50000000000001
   vertex 67.38896942138672 -14.11852288246156 12.50000000000001
   vertex 67.42861283304600 -16.71074669429826 12.50000000000001
  endloop
 endfacet
 facet normal 0.00000000000000 0.00000000000000 -1.00000000000000
  outer loop
   vertex 1.91103672981260 -14.11852288246155 12.50000000000001
   vertex 1.87139164922327 -16.71074669429825 12.50000000000001
   vertex 0.78874240774645 -14.43426039473311 12.50000000000001
  endloop
 endfacet
 facet normal 0.00000000000000 0.00000000000000 -1.00000000000000
  outer loop
   vertex 0.78874240774645 -14.43426039473311 12.50000000000001
   vertex -0.13603000938887 -12.08919851310105 12.50000000000001
   vertex 0.38147717714308 -12.58896660804750 12.50000000000001
  endloop
 endfacet
 facet normal 0.00000000000000 0.00000000000000 -1.00000000000000
  outer loop
   vertex -1.49545370487439 7.78487243799496 12.50000000000001
   vertex -0.89861388628156 10.23401544793133 12.50000000000001
   vertex -0.00000000000002 11.00000023841859 12.50000000000001
  endloop
 endfacet
 facet normal 0.00000000000000 0.00000000000000 -1.00000000000000
  outer loop
   vertex 27.55801253850811 32.38817772260177 12.50000000000001
   vertex 19.94198152764542 34.13502015214429 12.50000000000001
   vertex 22.28704340927750 35.05979256927962 12.50000000000001
  endloop
 endfacet
 facet normal 0.00000000000000 0.00000000000000 -1.00000000000000
  outer loop
   vertex 11.35173626308918 28.91117628509123 12.50000000000001
   vertex 13.36033627661489 30.43434575624099 12.50000000000001
   vertex 27.55801253850811 32.38817772260177 12.50000000000001
  endloop
 endfacet
 facet normal 0.00000000000000 0.00000000000000 -1.00000000000000
  outer loop
   vertex 27.55801253850811 32.38817772260177 12.50000000000001
   vertex 4.48941680364976 21.56342628327587 12.50000000000001
   vertex 6.01258627479952 23.57202629680156 12.50000000000001
  endloop
 endfacet
 facet normal 0.00000000000000 0.00000000000000 -1.00000000000000
  outer loop
   vertex 1.87139164922328 17.25826733181046 12.50000000000001
   vertex 27.55801253850811 32.38817772260177 12.50000000000001
   vertex 1.91103672981260 14.11852258443833 12.50000000000001
  endloop
 endfacet
 facet normal 0.00000000000000 -0.00000000000000 -1.00000000000000
  outer loop
   vertex 68.51126207452282 14.98178103224533 12.50000000000001
   vertex 68.63156127929688 13.05724883079529 12.50000000000001
   vertex 68.27487182617186 13.47487437725069 12.50000000000001
  endloop
 endfacet
 facet normal 0.00000000000000 0.00000000000000 -1.00000000000000
  outer loop
   vertex 69.12870025634767 12.08155989646911 12.50000000000001
   vertex 68.91852569580078 12.58896684646608 12.50000000000001
   vertex 69.43603449165815 12.63671915061324 12.50000000000001
  endloop
 endfacet
 facet normal 0.00000000000000 0.00000000000000 -1.00000000000000
  outer loop
   vertex 1.87139164922327 -16.71074669429825 12.50000000000001
   vertex 2.41844367980955 -14.32869744300844 12.50000000000001
   vertex 2.95248246192930 -14.45690941810609 12.50000000000001
  endloop
 endfacet
 facet normal 0.00000000000000 0.00000000000000 -1.00000000000000
  outer loop
   vertex 0.38147717714308 -12.58896660804750 12.50000000000001
   vertex 0.66844373941420 -13.05724930763247 12.50000000000001
   vertex 0.78874240774645 -14.43426039473311 12.50000000000001
  endloop
 endfacet
 facet normal -0.00000000000000 0.00000000000000 -1.00000000000000
  outer loop
   vertex 0.04309415817259 -11.54751992225648 12.50000000000001
   vertex -0.13603000938887 -12.08919851310105 12.50000000000001
   vertex -0.89861388628156 -9.68649481041912 12.50000000000001
  endloop
 endfacet
 facet normal 0.00000000000000 0.00000000000000 -1.00000000000000
  outer loop
   vertex 38.59099189129316 32.38817772260176 12.50000000000001
   vertex 67.85725402832031 13.83155977725984 12.50000000000001
   vertex 67.38896942138675 14.11852258443833 12.50000000000001
  endloop
 endfacet
 facet normal 0.00000000000000 0.00000000000000 -1.00000000000000
  outer loop
   vertex 3.50000143051146 14.49999976158143 12.50000000000001
   vertex 27.55801253850811 32.38817772260177 12.50000000000001
   vertex 30.75210531863728 32.38817772260177 12.50000000000001
  endloop
 endfacet
 facet normal 0.00000000000000 0.00000000000000 -1.00000000000000
  outer loop
   vertex -0.13603000938887 12.63671915061325 12.50000000000001
   vertex 0.78874240774645 14.98178103224533 12.50000000000001
   vertex 0.66844373941420 13.05724883079530 12.50000000000001
  endloop
 endfacet
 facet normal 0.00000000000000 0.00000000000000 -1.00000000000000
  outer loop
   vertex 17.66549522808029 33.05237091066747 12.50000000000001
   vertex 19.94198152764542 34.13502015214429 12.50000000000001
   vertex 27.55801253850811 32.38817772260177 12.50000000000001
  endloop
 endfacet
 facet normal 0.00000000000000 0.00000000000000 -1.00000000000000
  outer loop
   vertex 27.55801253850811 32.38817772260177 12.50000000000001
   vertex 3.10686990450647 19.45556401931093 12.50000000000001
   vertex 4.48941680364976 21.56342628327587 12.50000000000001
  endloop
 endfacet
 facet normal -0.00000000000000 0.00000000000000 -1.00000000000000
  outer loop
   vertex 1.91103672981260 14.11852258443833 12.50000000000001
   vertex 1.44275283813475 13.83155977725984 12.50000000000001
   vertex 0.78874240774645 14.98178103224533 12.50000000000001
  endloop
 endfacet
 facet normal 0.00000000000000 0.00000000000000 -1.00000000000000
  outer loop
   vertex 41.78508467142234 33.98817772260176 12.50000000000001
   vertex 38.59099189129316 33.98817772260176 12.50000000000001
   vertex 39.67695107846576 36.84752928231128 12.50000000000001
  endloop
 endfacet
 facet normal 0.00000000000000 0.00000000000000 -1.00000000000000
  outer loop
   vertex 68.63156127929688 13.05724883079529 12.50000000000001
   vertex 68.51126207452282 14.98178103224533 12.50000000000001
   vertex 69.43603449165815 12.63671915061324 12.50000000000001
  endloop
 endfacet
 facet normal 0.00000000000000 0.00000000000000 -1.00000000000000
  outer loop
   vertex 68.51126207452282 -14.43426039473312 12.50000000000001
   vertex 67.85725402832031 -13.83155846595765 12.50000000000001
   vertex 68.27487182617186 -13.47487473487856 12.50000000000001
  endloop
 endfacet
 facet normal 0.00000000000000 0.00000000000000 -1.00000000000000
  outer loop
   vertex 0.66844373941420 -13.05724930763247 12.50000000000001
   vertex 1.02512907981870 -13.47487473487855 12.50000000000001
   vertex 0.78874240774645 -14.43426039473311 12.50000000000001
  endloop
 endfacet
 facet normal 0.00000000000000 -0.00000000000000 -1.00000000000000
  outer loop
   vertex 0.04309415817259 -11.54751992225648 12.50000000000001
   vertex 0.17130374908445 -12.08156037330628 12.50000000000001
   vertex -0.13603000938887 -12.08919851310105 12.50000000000001
  endloop
 endfacet
 facet normal 0.00000000000000 0.00000000000000 -1.00000000000000
  outer loop
   vertex 30.75210531863728 32.38817772260177 12.50000000000001
   vertex 66.88156127929686 14.32869787514211 12.50000000000001
   vertex 66.34751892089844 14.45690932869912 12.50000000000001
  endloop
 endfacet
 facet normal 0.00000000000000 0.00000000000000 -1.00000000000000
  outer loop
   vertex 67.38896942138675 14.11852258443833 12.50000000000001
   vertex 30.75210531863728 32.38817772260177 12.50000000000001
   vertex 38.59099189129316 32.38817772260176 12.50000000000001
  endloop
 endfacet
 facet normal 0.00000000000000 0.00000000000000 -1.00000000000000
  outer loop
   vertex 30.75210531863728 33.98817772260178 12.50000000000001
   vertex 34.65000224113464 37.19138200288760 12.50000000000001
   vertex 38.59099189129316 33.98817772260176 12.50000000000001
  endloop
 endfacet
 facet normal 0.00000000000000 -0.00000000000000 -1.00000000000000
  outer loop
   vertex 30.75210531863728 32.38817772260177 12.50000000000001
   vertex 65.80000305175784 14.49999976158144 12.50000000000001
   vertex 3.50000143051146 14.49999976158143 12.50000000000001
  endloop
 endfacet
 facet normal 0.00000000000000 0.00000000000000 -1.00000000000000
  outer loop
   vertex -0.13603000938887 12.63671915061325 12.50000000000001
   vertex 0.17130374908445 12.08155989646913 12.50000000000001
   vertex 0.04309415817259 11.54752087593080 12.50000000000001
  endloop
 endfacet
 facet normal 0.00000000000000 -0.00000000000000 -1.00000000000000
  outer loop
   vertex 0.78874240774645 14.98178103224533 12.50000000000001
   vertex 1.02512907981871 13.47487437725069 12.50000000000001
   vertex 0.66844373941420 13.05724883079530 12.50000000000001
  endloop
 endfacet
 facet normal 0.00000000000000 0.00000000000000 -1.00000000000000
  outer loop
   vertex 27.55801253850811 32.38817772260177 12.50000000000001
   vertex 7.66927659875742 25.47199903941721 12.50000000000001
   vertex 9.45176352047355 27.25448596113333 12.50000000000001
  endloop
 endfacet
 facet normal 0.00000000000000 0.00000000000000 -1.00000000000000
  outer loop
   vertex 1.87139164922328 17.25826733181046 12.50000000000001
   vertex 3.10686990450647 19.45556401931093 12.50000000000001
   vertex 27.55801253850811 32.38817772260177 12.50000000000001
  endloop
 endfacet
 facet normal 0.00000000000000 0.00000000000000 -1.00000000000000
  outer loop
   vertex 38.59099189129316 33.98817772260176 12.50000000000001
   vertex 37.16934984054368 37.10531850580553 12.50000000000001
   vertex 39.67695107846576 36.84752928231128 12.50000000000001
  endloop
 endfacet
 facet normal 0.00000000000000 0.00000000000000 -1.00000000000000
  outer loop
   vertex 68.27487182617186 -13.47487473487856 12.50000000000001
   vertex 68.63156127929688 -13.05724930763245 12.50000000000001
   vertex 68.51126207452282 -14.43426039473312 12.50000000000001
  endloop
 endfacet
 facet normal 0.00000000000000 -0.00000000000000 -1.00000000000000
  outer loop
   vertex 0.17130374908445 -12.08156037330628 12.50000000000001
   vertex 0.38147717714308 -12.58896660804750 12.50000000000001
   vertex -0.13603000938887 -12.08919851310105 12.50000000000001
  endloop
 endfacet
 facet normal 0.00000000000000 0.00000000000000 -1.00000000000000
  outer loop
   vertex 67.38896942138675 14.11852258443833 12.50000000000001
   vertex 66.88156127929686 14.32869787514211 12.50000000000001
   vertex 30.75210531863728 32.38817772260177 12.50000000000001
  endloop
 endfacet
 facet normal 0.00000000000000 0.00000000000000 -1.00000000000000
  outer loop
   vertex 38.59099189129316 32.38817772260176 12.50000000000001
   vertex 30.75210531863728 32.38817772260177 12.50000000000001
   vertex 30.75210531863728 33.98817772260178 12.50000000000001
  endloop
 endfacet
 facet normal -0.00000000000000 0.00000000000000 -1.00000000000000
  outer loop
   vertex 3.50000143051146 14.49999976158143 12.50000000000001
   vertex 2.95248246192931 14.45690932869912 12.50000000000001
   vertex 27.55801253850811 32.38817772260177 12.50000000000001
  endloop
 endfacet
 facet normal -0.00000000000000 0.00000000000000 -1.00000000000000
  outer loop
   vertex 0.04309415817259 11.54752087593080 12.50000000000001
   vertex -0.89861388628156 10.23401544793133 12.50000000000001
   vertex -0.13603000938887 12.63671915061325 12.50000000000001
  endloop
 endfacet
 facet normal 0.00000000000000 0.00000000000000 -1.00000000000000
  outer loop
   vertex 0.78874240774645 14.98178103224533 12.50000000000001
   vertex 1.44275283813475 13.83155977725984 12.50000000000001
   vertex 1.02512907981871 13.47487437725069 12.50000000000001
  endloop
 endfacet
 facet normal 0.00000000000000 0.00000000000000 -1.00000000000000
  outer loop
   vertex 6.01258627479952 23.57202629680156 12.50000000000001
   vertex 7.66927659875742 25.47199903941721 12.50000000000001
   vertex 27.55801253850811 32.38817772260177 12.50000000000001
  endloop
 endfacet
 facet normal 0.00000000000000 0.00000000000000 -1.00000000000000
  outer loop
   vertex 38.59099189129316 33.98817772260176 12.50000000000001
   vertex 34.65000224113464 37.19138200288760 12.50000000000001
   vertex 37.16934984054368 37.10531850580553 12.50000000000001
  endloop
 endfacet
 facet normal 0.00000000000000 0.00000000000000 -1.00000000000000
  outer loop
   vertex 67.38896942138672 -14.11852288246156 12.50000000000001
   vertex 67.85725402832031 -13.83155846595765 12.50000000000001
   vertex 68.51126207452282 -14.43426039473312 12.50000000000001
  endloop
 endfacet
 facet normal -0.00000000000000 -0.00000000000000 -1.00000000000000
  outer loop
   vertex 38.59099189129316 33.98817772260176 12.50000000000001
   vertex 38.59099189129316 32.38817772260176 12.50000000000001
   vertex 30.75210531863728 33.98817772260178 12.50000000000001
  endloop
 endfacet
 facet normal -0.00000000000000 0.00000000000000 -1.00000000000000
  outer loop
   vertex 2.95248246192931 14.45690932869912 12.50000000000001
   vertex 2.41844367980955 14.32869787514211 12.50000000000001
   vertex 27.55801253850811 32.38817772260177 12.50000000000001
  endloop
 endfacet
 facet normal 0.00000000000000 0.00000000000000 -1.00000000000000
  outer loop
   vertex -0.13603000938887 12.63671915061325 12.50000000000001
   vertex 0.38147717714308 12.58896684646608 12.50000000000001
   vertex 0.17130374908445 12.08155989646913 12.50000000000001
  endloop
 endfacet
 facet normal 0.00000000000000 0.00000000000000 -1.00000000000000
  outer loop
   vertex 24.68974711195942 35.82237644617230 12.50000000000001
   vertex 27.55801253850811 33.98817772260176 12.50000000000001
   vertex 27.55801253850811 32.38817772260177 12.50000000000001
  endloop
 endfacet
 facet normal 0.00000000000000 0.00000000000000 -1.00000000000000
  outer loop
   vertex 30.75210531863728 33.98817772260178 12.50000000000001
   vertex 29.62305340380352 36.84752928231128 12.50000000000001
   vertex 32.13065464172560 37.10531850580554 12.50000000000001
  endloop
 endfacet
 facet normal 0.00000000000000 0.00000000000000 -1.00000000000000
  outer loop
   vertex 27.55801253850811 33.98817772260176 12.50000000000001
   vertex 27.13889012189579 36.41921626476513 12.50000000000001
   vertex 29.62305340380352 36.84752928231128 12.50000000000001
  endloop
 endfacet
 facet normal 0.00000000000000 0.00000000000000 -1.00000000000000
  outer loop
   vertex 39.67695107846576 36.84752928231128 12.50000000000001
   vertex 42.16111436037350 36.41921626476513 12.50000000000001
   vertex 41.78508467142234 33.98817772260176 12.50000000000001
  endloop
 endfacet
 facet normal 0.00000000000000 0.00000000000000 -1.00000000000000
  outer loop
   vertex 67.85725402832031 13.83155977725984 12.50000000000001
   vertex 38.59099189129316 32.38817772260176 12.50000000000001
   vertex 41.78508467142234 32.38817772260177 12.50000000000001
  endloop
 endfacet
 facet normal -0.00000000000000 0.00000000000000 -1.00000000000000
  outer loop
   vertex 2.41844367980955 14.32869787514211 12.50000000000001
   vertex 1.91103672981260 14.11852258443833 12.50000000000001
   vertex 27.55801253850811 32.38817772260177 12.50000000000001
  endloop
 endfacet
 facet normal 0.00000000000000 0.00000000000000 -1.00000000000000
  outer loop
   vertex 0.66844373941420 13.05724883079530 12.50000000000001
   vertex 0.38147717714308 12.58896684646608 12.50000000000001
   vertex -0.13603000938887 12.63671915061325 12.50000000000001
  endloop
 endfacet
 facet normal 0.00000000000000 -0.00000000000000 -1.00000000000000
  outer loop
   vertex 29.62305340380352 36.84752928231128 12.50000000000001
   vertex 30.75210531863728 33.98817772260178 12.50000000000001
   vertex 27.55801253850811 33.98817772260176 12.50000000000001
  endloop
 endfacet
 facet normal 0.00000000000000 0.00000000000000 -1.00000000000000
  outer loop
   vertex 67.42861283304600 17.25826733181045 12.50000000000001
   vertex 68.51126207452282 14.98178103224533 12.50000000000001
   vertex 67.85725402832031 13.83155977725984 12.50000000000001
  endloop
 endfacet
 facet normal 0.00000000000000 0.00000000000000 -1.00000000000000
  outer loop
   vertex 0.04309415817259 11.54752087593080 12.50000000000001
   vertex -0.00000000000002 11.00000023841859 12.50000000000001
   vertex -0.89861388628156 10.23401544793133 12.50000000000001
  endloop
 endfacet
 facet normal 0.00000000000000 0.00000000000000 -1.00000000000000
  outer loop
   vertex 27.55801253850811 33.98817772260176 12.50000000000001
   vertex 24.68974711195942 35.82237644617230 12.50000000000001
   vertex 27.13889012189579 36.41921626476513 12.50000000000001
  endloop
 endfacet
 facet normal 0.00000000000000 0.00000000000000 -1.00000000000000
  outer loop
   vertex 66.34751892089844 14.45690932869912 12.50000000000001
   vertex 65.80000305175784 14.49999976158144 12.50000000000001
   vertex 30.75210531863728 32.38817772260177 12.50000000000001
  endloop
 endfacet
 facet normal 0.00000000000000 -0.00000000000000 -1.00000000000000
  outer loop
   vertex 42.16111436037350 36.41921626476513 12.50000000000001
   vertex 44.61025737030987 35.82237644617230 12.50000000000001
   vertex 41.78508467142234 33.98817772260176 12.50000000000001
  endloop
 endfacet
 facet normal 0.00000000000000 -0.00000000000000 -1.00000000000000
  outer loop
   vertex 32.13065464172560 37.10531850580554 12.50000000000001
   vertex 34.65000224113464 37.19138200288760 12.50000000000001
   vertex 30.75210531863728 33.98817772260178 12.50000000000001
  endloop
 endfacet
 facet normal 0.00000000000000 1.00000000000000 0.00000000000000
  outer loop
   vertex 41.20787436651477 33.98817772260176 9.69307269283833
   vertex 40.83130559521073 33.98817772260176 8.94194024924988
   vertex 38.13707239936286 33.98817772260176 10.66910390649690
  endloop
 endfacet
 facet normal 0.00000000000000 1.00000000000000 0.00000000000000
  outer loop
   vertex 41.78508467142233 33.98817772260176 12.50000000028883
   vertex 41.77269891044219 33.98817772260176 12.08040530531201
   vertex 38.59014391952409 33.98817772260176 12.41847432638414
  endloop
 endfacet
 facet normal 0.00000000000000 1.00000000000000 0.00000000000000
  outer loop
   vertex 41.77269891044219 33.98817772260176 12.08040530531201
   vertex 41.67868979429591 33.98817772260176 11.27428889147098
   vertex 38.52761620688065 33.98817772260176 11.79801828784550
  endloop
 endfacet
 facet normal 0.00000000000000 1.00000000000000 0.00000000000000
  outer loop
   vertex 41.49064188810168 33.98817772260176 10.47457111586966
   vertex 38.37745666838637 33.98817772260176 11.22395881719619
   vertex 38.52761620688065 33.98817772260176 11.79801828784550
  endloop
 endfacet
 facet normal 0.00000000000000 1.00000000000000 0.00000000000000
  outer loop
   vertex 38.37745666838637 33.98817772260176 11.22395881719619
   vertex 41.49064188810168 33.98817772260176 10.47457111586966
   vertex 41.20787436651477 33.98817772260176 9.69307269283833
  endloop
 endfacet
 facet normal 0.00000000000000 1.00000000000000 0.00000000000000
  outer loop
   vertex 38.52761620688065 33.98817772260176 11.79801828784550
   vertex 38.59014391952409 33.98817772260176 12.41847432638414
   vertex 41.77269891044219 33.98817772260176 12.08040530531201
  endloop
 endfacet
 facet normal -0.00000000000000 1.00000000000000 0.00000000000000
  outer loop
   vertex 38.13707239936286 33.98817772260176 10.66910390649690
   vertex 38.37745666838637 33.98817772260176 11.22395881719619
   vertex 41.20787436651477 33.98817772260176 9.69307269283833
  endloop
 endfacet
 facet normal 0.00000000000000 1.00000000000000 0.00000000000000
  outer loop
   vertex 38.52761620688065 33.98817772260176 11.79801828784550
   vertex 41.67868979429591 33.98817772260176 11.27428889147098
   vertex 41.49064188810168 33.98817772260176 10.47457111586966
  endloop
 endfacet
 facet normal 0.00000000000000 1.00000000000000 0.00000000000000
  outer loop
   vertex 40.83130559521073 33.98817772260176 8.94194024924988
   vertex 40.36237745813094 33.98817772260176 8.23187836012573
   vertex 37.80710323402757 33.98817772260176 10.14833402820324
  endloop
 endfacet
 facet normal -0.00000000000000 1.00000000000000 0.00000000000000
  outer loop
   vertex 37.80710323402757 33.98817772260176 10.14833402820324
   vertex 38.13707239936286 33.98817772260176 10.66910390649690
   vertex 40.83130559521073 33.98817772260176 8.94194024924988
  endloop
 endfacet
 facet normal 0.00000000000000 1.00000000000000 0.00000000000000
  outer loop
   vertex 39.83694715547021 33.98817772260176 7.60908462726788
   vertex 37.40256881374330 33.98817772260176 9.68867214754542
   vertex 37.80710323402757 33.98817772260176 10.14833402820324
  endloop
 endfacet
 facet normal 0.00000000000000 1.00000000000000 0.00000000000000
  outer loop
   vertex 39.20402390154402 33.98817772260176 7.01738538152743
   vertex 38.49652067968322 33.98817772260176 6.50233512136485
   vertex 36.91057783309980 33.98817772260176 9.28304743735624
  endloop
 endfacet
 facet normal 0.00000000000000 1.00000000000000 0.00000000000000
  outer loop
   vertex 37.80710323402757 33.98817772260176 10.14833402820324
   vertex 40.36237745813094 33.98817772260176 8.23187836012573
   vertex 39.83694715547021 33.98817772260176 7.60908462726788
  endloop
 endfacet
 facet normal 0.00000000000000 1.00000000000000 0.00000000000000
  outer loop
   vertex 37.40256881374330 33.98817772260176 9.68867214754542
   vertex 39.83694715547021 33.98817772260176 7.60908462726788
   vertex 39.20402390154402 33.98817772260176 7.01738538152743
  endloop
 endfacet
 facet normal -0.00000000000000 1.00000000000000 0.00000000000000
  outer loop
   vertex 36.91057783309980 33.98817772260176 9.28304743735624
   vertex 37.40256881374330 33.98817772260176 9.68867214754542
   vertex 39.20402390154402 33.98817772260176 7.01738538152743
  endloop
 endfacet
 facet normal 0.00000000000000 1.00000000000000 0.00000000000000
  outer loop
   vertex 38.49652067968322 33.98817772260176 6.50233512136485
   vertex 37.72323418949756 33.98817772260176 6.07430078030852
   vertex 36.34912697610284 33.98817772260176 8.95771733434041
  endloop
 endfacet
 facet normal 0.00000000000000 1.00000000000000 -0.00000000000000
  outer loop
   vertex 28.80814682868913 33.98817772260176 8.47223201031285
   vertex 28.37130127789857 33.98817772260176 9.19708023310047
   vertex 31.20884200423786 33.98817772260176 10.66378142041305
  endloop
 endfacet
 facet normal 0.00000000000000 1.00000000000000 0.00000000000000
  outer loop
   vertex 28.02485728056624 33.98817772260176 9.96546063219656
   vertex 30.96332885546619 33.98817772260176 11.23069232880027
   vertex 31.20884200423786 33.98817772260176 10.66378142041305
  endloop
 endfacet
 facet normal 0.00000000000000 1.00000000000000 0.00000000000000
  outer loop
   vertex 27.77266814757057 33.98817772260176 10.76568635957498
   vertex 30.81101777379022 33.98817772260176 11.82299381370014
   vertex 30.96332885546619 33.98817772260176 11.23069232880027
  endloop
 endfacet
 facet normal -0.00000000000000 1.00000000000000 0.00000000000000
  outer loop
   vertex 36.34912697610284 33.98817772260176 8.95771733434041
   vertex 36.91057783309980 33.98817772260176 9.28304743735624
   vertex 38.49652067968322 33.98817772260176 6.50233512136485
  endloop
 endfacet
 facet normal 0.00000000000000 1.00000000000000 0.00000000000000
  outer loop
   vertex 36.89443342959639 33.98817772260176 5.74269444044369
   vertex 35.73044628107352 33.98817772260176 8.72630534008465
   vertex 36.34912697610284 33.98817772260176 8.95771733434041
  endloop
 endfacet
 facet normal 0.00000000000000 1.00000000000000 0.00000000000000
  outer loop
   vertex 36.02176039233480 33.98817772260176 5.51578039448684
   vertex 35.11819464504219 33.98817772260176 5.40049982860274
   vertex 35.06948677402671 33.98817772260176 8.60081022668233
  endloop
 endfacet
 facet normal 0.00000000000000 1.00000000000000 -0.00000000000000
  outer loop
   vertex 29.37324396104748 33.98817772260176 7.75338401921687
   vertex 28.80814682868913 33.98817772260176 8.47223201031285
   vertex 31.53599397590287 33.98817772260176 10.14833402820324
  endloop
 endfacet
 facet normal 0.00000000000000 1.00000000000000 0.00000000000000
  outer loop
   vertex 31.20884200423786 33.98817772260176 10.66378142041305
   vertex 28.37130127789857 33.98817772260176 9.19708023310047
   vertex 28.02485728056624 33.98817772260176 9.96546063219656
  endloop
 endfacet
 facet normal 0.00000000000000 1.00000000000000 0.00000000000000
  outer loop
   vertex 30.96332885546619 33.98817772260176 11.23069232880027
   vertex 28.02485728056624 33.98817772260176 9.96546063219656
   vertex 27.77266814757057 33.98817772260176 10.76568635957498
  endloop
 endfacet
 facet normal 0.00000000000000 1.00000000000000 0.00000000000000
  outer loop
   vertex 36.34912697610284 33.98817772260176 8.95771733434041
   vertex 37.72323418949756 33.98817772260176 6.07430078030852
   vertex 36.89443342959639 33.98817772260176 5.74269444044369
  endloop
 endfacet
 facet normal 0.00000000000000 1.00000000000000 0.00000000000000
  outer loop
   vertex 35.73044628107352 33.98817772260176 8.72630534008465
   vertex 36.89443342959639 33.98817772260176 5.74269444044369
   vertex 36.02176039233480 33.98817772260176 5.51578039448684
  endloop
 endfacet
 facet normal 0.00000000000000 1.00000000000000 0.00000000000000
  outer loop
   vertex 31.95116070475330 33.98817772260176 9.67838249453940
   vertex 29.97904490146322 33.98817772260176 7.15371115993475
   vertex 29.37324396104748 33.98817772260176 7.75338401921687
  endloop
 endfacet
 facet normal 0.00000000000000 1.00000000000000 -0.00000000000000
  outer loop
   vertex 27.77266814757057 33.98817772260176 10.76568635957498
   vertex 27.61704198465513 33.98817772260176 11.58548826536385
   vertex 30.81101777379022 33.98817772260176 11.82299381370014
  endloop
 endfacet
 facet normal -0.00000000000000 1.00000000000000 0.00000000000000
  outer loop
   vertex 35.06948677402671 33.98817772260176 8.60081022668233
   vertex 35.73044628107352 33.98817772260176 8.72630534008465
   vertex 36.02176039233480 33.98817772260176 5.51578039448684
  endloop
 endfacet
 facet normal 0.00000000000000 1.00000000000000 0.00000000000000
  outer loop
   vertex 35.11819464504219 33.98817772260176 5.40049982860274
   vertex 34.22490256488825 33.98817772260176 5.40049982860274
   vertex 34.39110942184832 33.98817772260176 8.59060240710748
  endloop
 endfacet
 facet normal 0.00000000000000 1.00000000000000 0.00000000000000
  outer loop
   vertex 29.97904490146322 33.98817772260176 7.15371115993475
   vertex 31.95116070475330 33.98817772260176 9.67838249453940
   vertex 32.43909624861105 33.98817772260176 9.27847983843810
  endloop
 endfacet
 facet normal 0.00000000000000 1.00000000000000 0.00000000000000
  outer loop
   vertex 31.20884200423786 33.98817772260176 10.66378142041305
   vertex 31.53599397590287 33.98817772260176 10.14833402820324
   vertex 28.80814682868913 33.98817772260176 8.47223201031285
  endloop
 endfacet
 facet normal -0.00000000000000 1.00000000000000 0.00000000000000
  outer loop
   vertex 34.39110942184832 33.98817772260176 8.59060240710748
   vertex 35.06948677402671 33.98817772260176 8.60081022668233
   vertex 35.11819464504219 33.98817772260176 5.40049982860274
  endloop
 endfacet
 facet normal 0.00000000000000 1.00000000000000 0.00000000000000
  outer loop
   vertex 33.31010556853718 33.98817772260176 5.51796102650897
   vertex 33.71097112310897 33.98817772260176 8.70008860944208
   vertex 34.39110942184832 33.98817772260176 8.59060240710748
  endloop
 endfacet
 facet normal 0.00000000000000 1.00000000000000 -0.00000000000000
  outer loop
   vertex 32.41242364795449 33.98817772260176 5.75472389020305
   vertex 31.54748643330603 33.98817772260176 6.10917603775584
   vertex 33.05262655416589 33.98817772260176 8.93052846093756
  endloop
 endfacet
 facet normal 0.00000000000000 1.00000000000000 0.00000000000000
  outer loop
   vertex 31.53599397590287 33.98817772260176 10.14833402820324
   vertex 31.95116070475330 33.98817772260176 9.67838249453940
   vertex 29.37324396104748 33.98817772260176 7.75338401921687
  endloop
 endfacet
 facet normal 0.00000000000000 1.00000000000000 -0.00000000000000
  outer loop
   vertex 27.61704198465513 33.98817772260176 11.58548826536385
   vertex 27.55801253850811 33.98817772260176 12.50000000000000
   vertex 30.75210531863728 33.98817772260176 12.50000000000001
  endloop
 endfacet
 facet normal 0.00000000000000 1.00000000000000 0.00000000000000
  outer loop
   vertex 34.39110942184832 33.98817772260176 8.59060240710748
   vertex 34.22490256488825 33.98817772260176 5.40049982860274
   vertex 33.31010556853718 33.98817772260176 5.51796102650897
  endloop
 endfacet
 facet normal 0.00000000000000 1.00000000000000 0.00000000000000
  outer loop
   vertex 33.71097112310897 33.98817772260176 8.70008860944208
   vertex 33.31010556853718 33.98817772260176 5.51796102650897
   vertex 32.41242364795449 33.98817772260176 5.75472389020305
  endloop
 endfacet
 facet normal 0.00000000000000 1.00000000000000 -0.00000000000000
  outer loop
   vertex 31.54748643330603 33.98817772260176 6.10917603775584
   vertex 30.73087752109073 33.98817772260176 6.57771101874439
   vertex 32.43909624861105 33.98817772260176 9.27847983843810
  endloop
 endfacet
 facet normal 0.00000000000000 1.00000000000000 0.00000000000000
  outer loop
   vertex 30.75210531863728 33.98817772260176 12.50000000000001
   vertex 30.81101777379022 33.98817772260176 11.82299381370014
   vertex 27.61704198465513 33.98817772260176 11.58548826536385
  endloop
 endfacet
 facet normal 0.00000000000000 1.00000000000000 0.00000000000000
  outer loop
   vertex 33.05262655416589 33.98817772260176 8.93052846093756
   vertex 33.71097112310897 33.98817772260176 8.70008860944208
   vertex 32.41242364795449 33.98817772260176 5.75472389020305
  endloop
 endfacet
 facet normal 0.00000000000000 1.00000000000000 0.00000000000000
  outer loop
   vertex 32.43909624861105 33.98817772260176 9.27847983843810
   vertex 30.73087752109073 33.98817772260176 6.57771101874439
   vertex 29.97904490146322 33.98817772260176 7.15371115993475
  endloop
 endfacet
 facet normal 0.00000000000000 1.00000000000000 0.00000000000000
  outer loop
   vertex 32.43909624861105 33.98817772260176 9.27847983843810
   vertex 33.05262655416589 33.98817772260176 8.93052846093756
   vertex 31.54748643330603 33.98817772260176 6.10917603775584
  endloop
 endfacet
 facet normal 0.00000000000000 1.00000000000000 0.00000000000000
  outer loop
   vertex 38.59014391952409 33.98817772260176 12.41847432638414
   vertex 38.59099189129314 33.98817772260176 12.50000000000001
   vertex 41.78508467142233 33.98817772260176 12.50000000028883
  endloop
 endfacet
 facet normal 0.00000000000000 -1.00000000000000 0.00000000000000
  outer loop
   vertex 41.20787436651477 32.38817772260177 9.69307269283833
   vertex 38.37745666838637 32.38817772260177 11.22395881719619
   vertex 38.13707239936286 32.38817772260177 10.66910390649690
  endloop
 endfacet
 facet normal 0.00000000000000 -1.00000000000000 0.00000000000000
  outer loop
   vertex 38.13707239936286 32.38817772260177 10.66910390649690
   vertex 40.83130559521073 32.38817772260177 8.94194024924988
   vertex 41.20787436651477 32.38817772260177 9.69307269283833
  endloop
 endfacet
 facet normal 0.00000000000000 -1.00000000000000 0.00000000000000
  outer loop
   vertex 41.49064188810168 32.38817772260177 10.47457111586966
   vertex 41.67868979429591 32.38817772260177 11.27428889147098
   vertex 38.52761620688065 32.38817772260177 11.79801828784550
  endloop
 endfacet
 facet normal -0.00000000000000 -1.00000000000000 0.00000000000000
  outer loop
   vertex 41.77269891044219 32.38817772260177 12.08040530531201
   vertex 38.59014391952409 32.38817772260177 12.41847432638414
   vertex 38.52761620688065 32.38817772260177 11.79801828784550
  endloop
 endfacet
 facet normal 0.00000000000000 -1.00000000000000 0.00000000000000
  outer loop
   vertex 41.78508467142233 32.38817772260177 12.50000000028883
   vertex 38.59099189129318 32.38817772260177 12.49999999895162
   vertex 38.59014391952409 32.38817772260177 12.41847432638414
  endloop
 endfacet
 facet normal 0.00000000000000 -1.00000000000000 -0.00000000000000
  outer loop
   vertex 38.52761620688065 32.38817772260177 11.79801828784550
   vertex 38.37745666838637 32.38817772260177 11.22395881719619
   vertex 41.49064188810168 32.38817772260177 10.47457111586966
  endloop
 endfacet
 facet normal 0.00000000000000 -1.00000000000000 0.00000000000000
  outer loop
   vertex 38.59014391952409 32.38817772260177 12.41847432638414
   vertex 41.77269891044219 32.38817772260177 12.08040530531201
   vertex 41.78508467142233 32.38817772260177 12.50000000028883
  endloop
 endfacet
 facet normal 0.00000000000000 -1.00000000000000 0.00000000000000
  outer loop
   vertex 40.83130559521073 32.38817772260177 8.94194024924988
   vertex 38.13707239936286 32.38817772260177 10.66910390649690
   vertex 37.80710323402757 32.38817772260177 10.14833402820324
  endloop
 endfacet
 facet normal 0.00000000000000 -1.00000000000000 0.00000000000000
  outer loop
   vertex 38.52761620688065 32.38817772260177 11.79801828784550
   vertex 41.67868979429591 32.38817772260177 11.27428889147098
   vertex 41.77269891044219 32.38817772260177 12.08040530531201
  endloop
 endfacet
 facet normal 0.00000000000000 -1.00000000000000 0.00000000000000
  outer loop
   vertex 39.20402390154402 32.38817772260177 7.01738538152743
   vertex 37.40256881374330 32.38817772260177 9.68867214754542
   vertex 36.91057783309980 32.38817772260177 9.28304743735624
  endloop
 endfacet
 facet normal 0.00000000000000 -1.00000000000000 0.00000000000000
  outer loop
   vertex 39.83694715547021 32.38817772260177 7.60908462726788
   vertex 40.36237745813094 32.38817772260177 8.23187836012573
   vertex 37.80710323402757 32.38817772260177 10.14833402820324
  endloop
 endfacet
 facet normal 0.00000000000000 -1.00000000000000 0.00000000000000
  outer loop
   vertex 41.20787436651477 32.38817772260177 9.69307269283833
   vertex 41.49064188810168 32.38817772260177 10.47457111586966
   vertex 38.37745666838637 32.38817772260177 11.22395881719619
  endloop
 endfacet
 facet normal 0.00000000000000 -1.00000000000000 0.00000000000000
  outer loop
   vertex 36.91057783309980 32.38817772260177 9.28304743735624
   vertex 38.49652067968322 32.38817772260177 6.50233512136485
   vertex 39.20402390154402 32.38817772260177 7.01738538152743
  endloop
 endfacet
 facet normal 0.00000000000000 -1.00000000000000 0.00000000000000
  outer loop
   vertex 37.80710323402757 32.38817772260177 10.14833402820324
   vertex 40.36237745813094 32.38817772260177 8.23187836012573
   vertex 40.83130559521073 32.38817772260177 8.94194024924988
  endloop
 endfacet
 facet normal 0.00000000000000 -1.00000000000000 0.00000000000000
  outer loop
   vertex 27.77266814757057 32.38817772260177 10.76568635957498
   vertex 28.02485728056624 32.38817772260177 9.96546063219656
   vertex 30.96332885546619 32.38817772260177 11.23069232880027
  endloop
 endfacet
 facet normal 0.00000000000000 -1.00000000000000 0.00000000000000
  outer loop
   vertex 28.02485728056624 32.38817772260177 9.96546063219656
   vertex 28.37130127789857 32.38817772260177 9.19708023310047
   vertex 31.20884200423786 32.38817772260177 10.66378142041305
  endloop
 endfacet
 facet normal 0.00000000000000 -1.00000000000000 0.00000000000000
  outer loop
   vertex 28.80814682868913 32.38817772260177 8.47223201031285
   vertex 31.53599397590287 32.38817772260177 10.14833402820324
   vertex 31.20884200423786 32.38817772260177 10.66378142041305
  endloop
 endfacet
 facet normal 0.00000000000000 -1.00000000000000 0.00000000000000
  outer loop
   vertex 38.49652067968322 32.38817772260177 6.50233512136485
   vertex 36.91057783309980 32.38817772260177 9.28304743735624
   vertex 36.34912697610284 32.38817772260177 8.95771733434041
  endloop
 endfacet
 facet normal 0.00000000000000 -1.00000000000000 -0.00000000000000
  outer loop
   vertex 37.80710323402757 32.38817772260177 10.14833402820324
   vertex 37.40256881374330 32.38817772260177 9.68867214754542
   vertex 39.83694715547021 32.38817772260177 7.60908462726788
  endloop
 endfacet
 facet normal 0.00000000000000 -1.00000000000000 0.00000000000000
  outer loop
   vertex 30.81101777379022 32.38817772260177 11.82299381370014
   vertex 27.61704198465513 32.38817772260177 11.58548826536385
   vertex 27.77266814757057 32.38817772260177 10.76568635957498
  endloop
 endfacet
 facet normal 0.00000000000000 -1.00000000000000 0.00000000000000
  outer loop
   vertex 31.20884200423786 32.38817772260177 10.66378142041305
   vertex 28.37130127789857 32.38817772260177 9.19708023310047
   vertex 28.80814682868913 32.38817772260177 8.47223201031285
  endloop
 endfacet
 facet normal 0.00000000000000 -1.00000000000000 0.00000000000000
  outer loop
   vertex 29.37324396104748 32.38817772260177 7.75338401921687
   vertex 31.95116070475330 32.38817772260177 9.67838249453940
   vertex 31.53599397590287 32.38817772260177 10.14833402820324
  endloop
 endfacet
 facet normal 0.00000000000000 -1.00000000000000 0.00000000000000
  outer loop
   vertex 36.02176039233480 32.38817772260177 5.51578039448684
   vertex 35.73044628107352 32.38817772260177 8.72630534008465
   vertex 35.06948677402671 32.38817772260177 8.60081022668233
  endloop
 endfacet
 facet normal 0.00000000000000 -1.00000000000000 0.00000000000000
  outer loop
   vertex 36.89443342959639 32.38817772260177 5.74269444044369
   vertex 37.72323418949756 32.38817772260177 6.07430078030852
   vertex 36.34912697610284 32.38817772260177 8.95771733434041
  endloop
 endfacet
 facet normal 0.00000000000000 -1.00000000000000 0.00000000000000
  outer loop
   vertex 39.20402390154402 32.38817772260177 7.01738538152743
   vertex 39.83694715547021 32.38817772260177 7.60908462726788
   vertex 37.40256881374330 32.38817772260177 9.68867214754542
  endloop
 endfacet
 facet normal -0.00000000000000 -1.00000000000000 0.00000000000000
  outer loop
   vertex 31.20884200423786 32.38817772260177 10.66378142041305
   vertex 30.96332885546619 32.38817772260177 11.23069232880027
   vertex 28.02485728056624 32.38817772260177 9.96546063219656
  endloop
 endfacet
 facet normal 0.00000000000000 -1.00000000000000 0.00000000000000
  outer loop
   vertex 31.53599397590287 32.38817772260177 10.14833402820324
   vertex 28.80814682868913 32.38817772260177 8.47223201031285
   vertex 29.37324396104748 32.38817772260177 7.75338401921687
  endloop
 endfacet
 facet normal 0.00000000000000 -1.00000000000000 0.00000000000000
  outer loop
   vertex 35.06948677402671 32.38817772260177 8.60081022668233
   vertex 35.11819464504219 32.38817772260177 5.40049982860274
   vertex 36.02176039233480 32.38817772260177 5.51578039448684
  endloop
 endfacet
 facet normal 0.00000000000000 -1.00000000000000 0.00000000000000
  outer loop
   vertex 36.34912697610284 32.38817772260177 8.95771733434041
   vertex 37.72323418949756 32.38817772260177 6.07430078030852
   vertex 38.49652067968322 32.38817772260177 6.50233512136485
  endloop
 endfacet
 facet normal 0.00000000000000 -1.00000000000000 0.00000000000000
  outer loop
   vertex 29.37324396104748 32.38817772260177 7.75338401921687
   vertex 29.97904490146322 32.38817772260177 7.15371115993475
   vertex 31.95116070475330 32.38817772260177 9.67838249453940
  endloop
 endfacet
 facet normal 0.00000000000000 -1.00000000000000 0.00000000000000
  outer loop
   vertex 29.97904490146322 32.38817772260177 7.15371115993475
   vertex 30.73087752109073 32.38817772260177 6.57771101874439
   vertex 32.43909624861105 32.38817772260177 9.27847983843810
  endloop
 endfacet
 facet normal 0.00000000000000 -1.00000000000000 0.00000000000000
  outer loop
   vertex 35.11819464504219 32.38817772260177 5.40049982860274
   vertex 35.06948677402671 32.38817772260177 8.60081022668233
   vertex 34.39110942184832 32.38817772260177 8.59060240710748
  endloop
 endfacet
 facet normal 0.00000000000000 -1.00000000000000 -0.00000000000000
  outer loop
   vertex 36.34912697610284 32.38817772260177 8.95771733434041
   vertex 35.73044628107352 32.38817772260177 8.72630534008465
   vertex 36.89443342959639 32.38817772260177 5.74269444044369
  endloop
 endfacet
 facet normal 0.00000000000000 -1.00000000000000 0.00000000000000
  outer loop
   vertex 27.61704198465513 32.38817772260177 11.58548826536385
   vertex 30.81101777379022 32.38817772260177 11.82299381370014
   vertex 30.75210531863730 32.38817772260177 12.50000000000001
  endloop
 endfacet
 facet normal -0.00000000000000 -1.00000000000000 0.00000000000000
  outer loop
   vertex 32.43909624861105 32.38817772260177 9.27847983843810
   vertex 31.95116070475330 32.38817772260177 9.67838249453940
   vertex 29.97904490146322 32.38817772260177 7.15371115993475
  endloop
 endfacet
 facet normal 0.00000000000000 -1.00000000000000 0.00000000000000
  outer loop
   vertex 32.41242364795449 32.38817772260177 5.75472389020305
   vertex 33.71097112310897 32.38817772260177 8.70008860944208
   vertex 33.05262655416589 32.38817772260177 8.93052846093756
  endloop
 endfacet
 facet normal 0.00000000000000 -1.00000000000000 0.00000000000000
  outer loop
   vertex 33.31010556853718 32.38817772260177 5.51796102650897
   vertex 34.22490256488825 32.38817772260177 5.40049982860274
   vertex 34.39110942184832 32.38817772260177 8.59060240710748
  endloop
 endfacet
 facet normal 0.00000000000000 -1.00000000000000 0.00000000000000
  outer loop
   vertex 36.02176039233480 32.38817772260177 5.51578039448684
   vertex 36.89443342959639 32.38817772260177 5.74269444044369
   vertex 35.73044628107352 32.38817772260177 8.72630534008465
  endloop
 endfacet
 facet normal -0.00000000000000 -1.00000000000000 0.00000000000000
  outer loop
   vertex 30.96332885546619 32.38817772260177 11.23069232880027
   vertex 30.81101777379022 32.38817772260177 11.82299381370014
   vertex 27.77266814757057 32.38817772260177 10.76568635957498
  endloop
 endfacet
 facet normal 0.00000000000000 -1.00000000000000 0.00000000000000
  outer loop
   vertex 31.54748643330603 32.38817772260177 6.10917603775584
   vertex 33.05262655416589 32.38817772260177 8.93052846093756
   vertex 32.43909624861105 32.38817772260177 9.27847983843810
  endloop
 endfacet
 facet normal 0.00000000000000 -1.00000000000000 0.00000000000000
  outer loop
   vertex 33.05262655416589 32.38817772260177 8.93052846093756
   vertex 31.54748643330603 32.38817772260177 6.10917603775584
   vertex 32.41242364795449 32.38817772260177 5.75472389020305
  endloop
 endfacet
 facet normal 0.00000000000000 -1.00000000000000 -0.00000000000000
  outer loop
   vertex 34.39110942184832 32.38817772260177 8.59060240710748
   vertex 34.22490256488825 32.38817772260177 5.40049982860274
   vertex 35.11819464504219 32.38817772260177 5.40049982860274
  endloop
 endfacet
 facet normal 0.00000000000000 -1.00000000000000 0.00000000000000
  outer loop
   vertex 32.43909624861105 32.38817772260177 9.27847983843810
   vertex 30.73087752109073 32.38817772260177 6.57771101874439
   vertex 31.54748643330603 32.38817772260177 6.10917603775584
  endloop
 endfacet
 facet normal -0.00000000000000 -1.00000000000000 0.00000000000000
  outer loop
   vertex 34.39110942184832 32.38817772260177 8.59060240710748
   vertex 33.71097112310897 32.38817772260177 8.70008860944208
   vertex 33.31010556853718 32.38817772260177 5.51796102650897
  endloop
 endfacet
 facet normal 0.00000000000000 -1.00000000000000 0.00000000000000
  outer loop
   vertex 32.41242364795449 32.38817772260177 5.75472389020305
   vertex 33.31010556853718 32.38817772260177 5.51796102650897
   vertex 33.71097112310897 32.38817772260177 8.70008860944208
  endloop
 endfacet
 facet normal 0.00000000000000 -1.00000000000000 0.00000000000000
  outer loop
   vertex 30.75210531863730 32.38817772260177 12.50000000000001
   vertex 27.55801253850811 32.38817772260177 12.50000000000000
   vertex 27.61704198465513 32.38817772260177 11.58548826536385
  endloop
 endfacet
 facet normal -0.99792329712623 -0.00000000000000 -0.06441345397280
  outer loop
   vertex 27.61704198465513 32.38817772260177 11.58548826536385
   vertex 27.55801253850811 32.38817772260177 12.50000000000000
   vertex 27.55801253850811 33.98817772260176 12.50000000000000
  endloop
 endfacet
 facet normal -0.98245437066856 -0.00000000000000 -0.18650310869859
  outer loop
   vertex 27.77266814757057 33.98817772260176 10.76568635957498
   vertex 27.77266814757057 32.38817772260176 10.76568635957498
   vertex 27.61704198465513 32.38817772260177 11.58548826536385
  endloop
 endfacet
 facet normal -0.95375832476919 0.00000000000000 -0.30057454638321
  outer loop
   vertex 28.02485728056624 32.38817772260177 9.96546063219656
   vertex 27.77266814757057 32.38817772260176 10.76568635957498
   vertex 27.77266814757057 33.98817772260176 10.76568635957498
  endloop
 endfacet
 facet normal -0.91162254401896 -0.00000000000000 -0.41102838981802
  outer loop
   vertex 28.37130127789857 33.98817772260176 9.19708023310047
   vertex 28.37130127789857 32.38817772260176 9.19708023310047
   vertex 28.02485728056624 32.38817772260177 9.96546063219656
  endloop
 endfacet
 facet normal -0.85648172655442 0.00000000000000 -0.51617734556871
  outer loop
   vertex 28.80814682868913 32.38817772260177 8.47223201031285
   vertex 28.37130127789857 32.38817772260176 9.19708023310047
   vertex 28.37130127789857 33.98817772260176 9.19708023310047
  endloop
 endfacet
 facet normal -0.78616530271362 -0.00000000000000 -0.61801627552128
  outer loop
   vertex 29.37324396104747 33.98817772260175 7.75338401921687
   vertex 29.37324396104747 32.38817772260175 7.75338401921687
   vertex 28.80814682868913 32.38817772260177 8.47223201031285
  endloop
 endfacet
 facet normal -0.70350308150154 0.00000000000000 -0.71069220786346
  outer loop
   vertex 29.97904490146322 32.38817772260176 7.15371115993475
   vertex 29.37324396104747 32.38817772260175 7.75338401921687
   vertex 29.37324396104747 33.98817772260175 7.75338401921687
  endloop
 endfacet
 facet normal -0.60816228093629 0.00000000000000 -0.79381272353520
  outer loop
   vertex 30.73087752109074 32.38817772260177 6.57771101874439
   vertex 29.97904490146322 32.38817772260176 7.15371115993475
   vertex 29.97904490146322 33.98817772260175 7.15371115993475
  endloop
 endfacet
 facet normal -0.49766057449035 -0.00000000000000 -0.86737186523309
  outer loop
   vertex 31.54748643330602 33.98817772260175 6.10917603775584
   vertex 31.54748643330602 32.38817772260176 6.10917603775584
   vertex 30.73087752109074 32.38817772260177 6.57771101874439
  endloop
 endfacet
 facet normal -0.37919564777892 0.00000000000000 -0.92531651920060
  outer loop
   vertex 32.41242364795450 32.38817772260177 5.75472389020305
   vertex 31.54748643330602 32.38817772260176 6.10917603775584
   vertex 31.54748643330602 33.98817772260175 6.10917603775584
  endloop
 endfacet
 facet normal -0.25502795782461 -0.00000000000000 -0.96693367959122
  outer loop
   vertex 33.31010556853718 33.98817772260176 5.51796102650897
   vertex 33.31010556853718 32.38817772260177 5.51796102650897
   vertex 32.41242364795450 32.38817772260177 5.75472389020305
  endloop
 endfacet
 facet normal -0.12735582088257 -0.00000000000000 -0.99185709398447
  outer loop
   vertex 34.22490256488825 33.98817772260175 5.40049982860274
   vertex 34.22490256488825 32.38817772260175 5.40049982860274
   vertex 33.31010556853718 32.38817772260177 5.51796102650897
  endloop
 endfacet
 facet normal 0.00000000000000 -0.00000000000000 -1.00000000000000
  outer loop
   vertex 35.11819464504219 33.98817772260175 5.40049982860274
   vertex 35.11819464504219 32.38817772260175 5.40049982860274
   vertex 34.22490256488825 32.38817772260175 5.40049982860274
  endloop
 endfacet
 facet normal 0.12655815803564 -0.00000000000000 -0.99195918899652
  outer loop
   vertex 36.02176039233479 32.38817772260176 5.51578039448684
   vertex 35.11819464504219 32.38817772260175 5.40049982860274
   vertex 35.11819464504219 33.98817772260175 5.40049982860274
  endloop
 endfacet
 facet normal 0.25165364742564 0.00000000000000 -0.96781735970036
  outer loop
   vertex 36.89443342959638 33.98817772260176 5.74269444044369
   vertex 36.89443342959638 32.38817772260176 5.74269444044369
   vertex 36.02176039233479 32.38817772260176 5.51578039448684
  endloop
 endfacet
 facet normal 0.37147376071501 0.00000000000000 -0.92844345282857
  outer loop
   vertex 37.72323418949756 33.98817772260176 6.07430078030852
   vertex 37.72323418949756 32.38817772260176 6.07430078030852
   vertex 36.89443342959638 32.38817772260176 5.74269444044369
  endloop
 endfacet
 facet normal 0.48428560110570 0.00000000000000 -0.87490997054650
  outer loop
   vertex 38.49652067968323 33.98817772260175 6.50233512136485
   vertex 38.49652067968323 32.38817772260176 6.50233512136485
   vertex 37.72323418949756 32.38817772260176 6.07430078030852
  endloop
 endfacet
 facet normal 0.58854716796231 0.00000000000000 -0.80846288169807
  outer loop
   vertex 39.20402390154402 32.38817772260176 7.01738538152743
   vertex 38.49652067968323 32.38817772260176 6.50233512136485
   vertex 38.49652067968323 33.98817772260175 6.50233512136485
  endloop
 endfacet
 facet normal 0.68291688894413 0.00000000000000 -0.73049607993122
  outer loop
   vertex 39.83694715547020 32.38817772260177 7.60908462726788
   vertex 39.20402390154402 32.38817772260176 7.01738538152743
   vertex 39.20402390154402 33.98817772260176 7.01738538152743
  endloop
 endfacet
 facet normal 0.76432288123789 0.00000000000000 -0.64483372524722
  outer loop
   vertex 40.36237745813093 33.98817772260176 8.23187836012573
   vertex 40.36237745813093 32.38817772260177 8.23187836012573
   vertex 39.83694715547020 32.38817772260177 7.60908462726788
  endloop
 endfacet
 facet normal 0.83445415700713 0.00000000000000 -0.55107736285708
  outer loop
   vertex 40.83130559521073 33.98817772260176 8.94194024924988
   vertex 40.83130559521073 32.38817772260177 8.94194024924988
   vertex 40.36237745813093 32.38817772260177 8.23187836012573
  endloop
 endfacet
 facet normal 0.89394941373827 0.00000000000000 -0.44816787666788
  outer loop
   vertex 41.20787436651477 33.98817772260176 9.69307269283833
   vertex 41.20787436651477 32.38817772260177 9.69307269283833
   vertex 40.83130559521073 32.38817772260177 8.94194024924988
  endloop
 endfacet
 facet normal 0.94033854952075 0.00000000000000 -0.34024022731771
  outer loop
   vertex 41.49064188810168 32.38817772260177 10.47457111586966
   vertex 41.20787436651477 32.38817772260177 9.69307269283833
   vertex 41.20787436651477 33.98817772260176 9.69307269283833
  endloop
 endfacet
 facet normal 0.97344999109154 0.00000000000000 -0.22889979214469
  outer loop
   vertex 41.67868979429591 33.98817772260176 11.27428889147098
   vertex 41.67868979429591 32.38817772260176 11.27428889147098
   vertex 41.49064188810168 32.38817772260177 10.47457111586966
  endloop
 endfacet
 facet normal 0.99326849873498 -0.00000000000000 -0.11583475048857
  outer loop
   vertex 41.77269891044219 32.38817772260177 12.08040530531201
   vertex 41.67868979429591 32.38817772260176 11.27428889147098
   vertex 41.67868979429591 33.98817772260176 11.27428889147098
  endloop
 endfacet
 facet normal 0.99956461674929 0.00000000000000 -0.02950554088377
  outer loop
   vertex 41.78508467142233 33.98817772260176 12.50000000028883
   vertex 41.78508467142233 32.38817772260176 12.50000000028883
   vertex 41.77269891044219 32.38817772260177 12.08040530531201
  endloop
 endfacet
 facet normal 0.99956461674929 0.00000000000000 -0.02950554088377
  outer loop
   vertex 41.77269891044219 32.38817772260177 12.08040530531201
   vertex 41.77269891044219 33.98817772260176 12.08040530531201
   vertex 41.78508467142233 33.98817772260176 12.50000000028883
  endloop
 endfacet
 facet normal 0.99326849873498 -0.00000000000000 -0.11583475048857
  outer loop
   vertex 41.67868979429591 33.98817772260176 11.27428889147098
   vertex 41.77269891044219 33.98817772260176 12.08040530531201
   vertex 41.77269891044219 32.38817772260177 12.08040530531201
  endloop
 endfacet
 facet normal 0.97344999109154 0.00000000000000 -0.22889979214469
  outer loop
   vertex 41.49064188810168 32.38817772260177 10.47457111586966
   vertex 41.49064188810168 33.98817772260177 10.47457111586966
   vertex 41.67868979429591 33.98817772260176 11.27428889147098
  endloop
 endfacet
 facet normal 0.94033854952075 0.00000000000000 -0.34024022731771
  outer loop
   vertex 41.20787436651477 33.98817772260176 9.69307269283833
   vertex 41.49064188810168 33.98817772260177 10.47457111586966
   vertex 41.49064188810168 32.38817772260177 10.47457111586966
  endloop
 endfacet
 facet normal 0.89394941373827 0.00000000000000 -0.44816787666788
  outer loop
   vertex 40.83130559521073 32.38817772260177 8.94194024924988
   vertex 40.83130559521073 33.98817772260176 8.94194024924988
   vertex 41.20787436651477 33.98817772260176 9.69307269283833
  endloop
 endfacet
 facet normal 0.83445415700713 0.00000000000000 -0.55107736285708
  outer loop
   vertex 40.36237745813093 32.38817772260177 8.23187836012573
   vertex 40.36237745813093 33.98817772260176 8.23187836012573
   vertex 40.83130559521073 33.98817772260176 8.94194024924988
  endloop
 endfacet
 facet normal 0.76432288123789 0.00000000000000 -0.64483372524722
  outer loop
   vertex 39.83694715547020 32.38817772260177 7.60908462726788
   vertex 39.83694715547020 33.98817772260177 7.60908462726788
   vertex 40.36237745813093 33.98817772260176 8.23187836012573
  endloop
 endfacet
 facet normal 0.68291688894413 0.00000000000000 -0.73049607993122
  outer loop
   vertex 39.20402390154402 33.98817772260176 7.01738538152743
   vertex 39.83694715547020 33.98817772260177 7.60908462726788
   vertex 39.83694715547020 32.38817772260177 7.60908462726788
  endloop
 endfacet
 facet normal 0.58854716796231 0.00000000000000 -0.80846288169807
  outer loop
   vertex 38.49652067968323 33.98817772260175 6.50233512136485
   vertex 39.20402390154402 33.98817772260176 7.01738538152743
   vertex 39.20402390154402 32.38817772260176 7.01738538152743
  endloop
 endfacet
 facet normal 0.48428560110570 0.00000000000000 -0.87490997054650
  outer loop
   vertex 37.72323418949756 32.38817772260176 6.07430078030852
   vertex 37.72323418949756 33.98817772260176 6.07430078030852
   vertex 38.49652067968323 33.98817772260175 6.50233512136485
  endloop
 endfacet
 facet normal 0.37147376071501 0.00000000000000 -0.92844345282857
  outer loop
   vertex 36.89443342959638 32.38817772260176 5.74269444044369
   vertex 36.89443342959638 33.98817772260176 5.74269444044369
   vertex 37.72323418949756 33.98817772260176 6.07430078030852
  endloop
 endfacet
 facet normal 0.25165364742564 0.00000000000000 -0.96781735970036
  outer loop
   vertex 36.02176039233479 32.38817772260176 5.51578039448684
   vertex 36.02176039233479 33.98817772260176 5.51578039448684
   vertex 36.89443342959638 33.98817772260176 5.74269444044369
  endloop
 endfacet
 facet normal 0.12655815803564 -0.00000000000000 -0.99195918899652
  outer loop
   vertex 35.11819464504219 33.98817772260175 5.40049982860274
   vertex 36.02176039233479 33.98817772260176 5.51578039448684
   vertex 36.02176039233479 32.38817772260176 5.51578039448684
  endloop
 endfacet
 facet normal 0.00000000000000 0.00000000000000 -1.00000000000000
  outer loop
   vertex 34.22490256488825 32.38817772260175 5.40049982860274
   vertex 34.22490256488825 33.98817772260175 5.40049982860274
   vertex 35.11819464504219 33.98817772260175 5.40049982860274
  endloop
 endfacet
 facet normal -0.12735582088257 0.00000000000000 -0.99185709398447
  outer loop
   vertex 33.31010556853718 32.38817772260177 5.51796102650897
   vertex 33.31010556853718 33.98817772260176 5.51796102650897
   vertex 34.22490256488825 33.98817772260175 5.40049982860274
  endloop
 endfacet
 facet normal -0.25502795782461 0.00000000000000 -0.96693367959122
  outer loop
   vertex 32.41242364795450 32.38817772260177 5.75472389020305
   vertex 32.41242364795450 33.98817772260176 5.75472389020305
   vertex 33.31010556853718 33.98817772260176 5.51796102650897
  endloop
 endfacet
 facet normal -0.37919564777892 0.00000000000000 -0.92531651920060
  outer loop
   vertex 31.54748643330602 33.98817772260175 6.10917603775584
   vertex 32.41242364795450 33.98817772260176 5.75472389020305
   vertex 32.41242364795450 32.38817772260177 5.75472389020305
  endloop
 endfacet
 facet normal -0.49766057449035 0.00000000000000 -0.86737186523309
  outer loop
   vertex 30.73087752109074 32.38817772260177 6.57771101874439
   vertex 30.73087752109074 33.98817772260178 6.57771101874439
   vertex 31.54748643330602 33.98817772260175 6.10917603775584
  endloop
 endfacet
 facet normal -0.60816228093629 0.00000000000000 -0.79381272353520
  outer loop
   vertex 29.97904490146322 33.98817772260175 7.15371115993475
   vertex 30.73087752109074 33.98817772260178 6.57771101874439
   vertex 30.73087752109074 32.38817772260177 6.57771101874439
  endloop
 endfacet
 facet normal -0.70350308150154 0.00000000000000 -0.71069220786346
  outer loop
   vertex 29.37324396104747 33.98817772260175 7.75338401921687
   vertex 29.97904490146322 33.98817772260175 7.15371115993475
   vertex 29.97904490146322 32.38817772260176 7.15371115993475
  endloop
 endfacet
 facet normal -0.78616530271362 0.00000000000000 -0.61801627552128
  outer loop
   vertex 28.80814682868913 32.38817772260177 8.47223201031285
   vertex 28.80814682868913 33.98817772260177 8.47223201031285
   vertex 29.37324396104747 33.98817772260175 7.75338401921687
  endloop
 endfacet
 facet normal -0.85648172655442 0.00000000000000 -0.51617734556871
  outer loop
   vertex 28.37130127789857 33.98817772260176 9.19708023310047
   vertex 28.80814682868913 33.98817772260177 8.47223201031285
   vertex 28.80814682868913 32.38817772260177 8.47223201031285
  endloop
 endfacet
 facet normal -0.91162254401896 0.00000000000000 -0.41102838981802
  outer loop
   vertex 28.02485728056624 32.38817772260177 9.96546063219656
   vertex 28.02485728056624 33.98817772260177 9.96546063219656
   vertex 28.37130127789857 33.98817772260176 9.19708023310047
  endloop
 endfacet
 facet normal -0.95375832476919 0.00000000000000 -0.30057454638321
  outer loop
   vertex 27.77266814757057 33.98817772260176 10.76568635957498
   vertex 28.02485728056624 33.98817772260177 9.96546063219656
   vertex 28.02485728056624 32.38817772260177 9.96546063219656
  endloop
 endfacet
 facet normal -0.98245437066856 0.00000000000000 -0.18650310869859
  outer loop
   vertex 27.61704198465513 32.38817772260177 11.58548826536385
   vertex 27.61704198465513 33.98817772260177 11.58548826536385
   vertex 27.77266814757057 33.98817772260176 10.76568635957498
  endloop
 endfacet
 facet normal -0.99792329712623 -0.00000000000000 -0.06441345397280
  outer loop
   vertex 27.55801253850811 33.98817772260176 12.50000000000000
   vertex 27.61704198465513 33.98817772260177 11.58548826536385
   vertex 27.61704198465513 32.38817772260177 11.58548826536385
  endloop
 endfacet
 facet normal -0.99994591102284 0.00000000000000 0.01040072250865
  outer loop
   vertex 38.59014391952408 32.38817772260176 12.41847432638414
   vertex 38.59099189129316 32.38817772260176 12.49999999947581
   vertex 38.59099189129316 33.98817772260175 12.49999999947581
  endloop
 endfacet
 facet normal -0.99496035050656 0.00000000000000 0.10026914241114
  outer loop
   vertex 38.52761620688065 33.98817772260176 11.79801828784550
   vertex 38.52761620688065 32.38817772260176 11.79801828784550
   vertex 38.59014391952408 32.38817772260176 12.41847432638414
  endloop
 endfacet
 facet normal -0.96745039672402 0.00000000000000 0.25306072369798
  outer loop
   vertex 38.37745666838637 32.38817772260177 11.22395881719619
   vertex 38.52761620688065 32.38817772260176 11.79801828784550
   vertex 38.52761620688065 33.98817772260176 11.79801828784550
  endloop
 endfacet
 facet normal -0.91758751374954 0.00000000000000 0.39753384083740
  outer loop
   vertex 38.13707239936286 33.98817772260175 10.66910390649690
   vertex 38.13707239936286 32.38817772260176 10.66910390649690
   vertex 38.37745666838637 32.38817772260177 11.22395881719619
  endloop
 endfacet
 facet normal -0.84471036696357 0.00000000000000 0.53522368776454
  outer loop
   vertex 37.80710323402758 32.38817772260177 10.14833402820324
   vertex 38.13707239936286 32.38817772260176 10.66910390649690
   vertex 38.13707239936286 33.98817772260175 10.66910390649690
  endloop
 endfacet
 facet normal -0.75068762642265 0.00000000000000 0.66065731475246
  outer loop
   vertex 37.40256881374331 33.98817772260176 9.68867214754542
   vertex 37.40256881374331 32.38817772260177 9.68867214754542
   vertex 37.80710323402758 32.38817772260177 10.14833402820324
  endloop
 endfacet
 facet normal -0.63613297753555 0.00000000000000 0.77157944172441
  outer loop
   vertex 36.91057783309979 33.98817772260176 9.28304743735624
   vertex 36.91057783309979 32.38817772260176 9.28304743735624
   vertex 37.40256881374331 32.38817772260177 9.68867214754542
  endloop
 endfacet
 facet normal -0.50135896063515 0.00000000000000 0.86523938455831
  outer loop
   vertex 36.34912697610284 33.98817772260175 8.95771733434041
   vertex 36.34912697610284 32.38817772260176 8.95771733434041
   vertex 36.91057783309979 32.38817772260176 9.28304743735624
  endloop
 endfacet
 facet normal -0.35033589890139 0.00000000000000 0.93662412842130
  outer loop
   vertex 35.73044628107351 32.38817772260176 8.72630534008465
   vertex 36.34912697610284 32.38817772260176 8.95771733434041
   vertex 36.34912697610284 33.98817772260175 8.95771733434041
  endloop
 endfacet
 facet normal -0.18653555665752 -0.00000000000000 0.98244821039201
  outer loop
   vertex 35.06948677402671 32.38817772260177 8.60081022668233
   vertex 35.73044628107351 32.38817772260176 8.72630534008465
   vertex 35.73044628107351 33.98817772260176 8.72630534008465
  endloop
 endfacet
 facet normal -0.01504570293865 0.00000000000000 0.99988680700521
  outer loop
   vertex 34.39110942184833 33.98817772260175 8.59060240710748
   vertex 34.39110942184833 32.38817772260175 8.59060240710748
   vertex 35.06948677402671 32.38817772260177 8.60081022668233
  endloop
 endfacet
 facet normal 0.15893033945605 0.00000000000000 0.98728979899540
  outer loop
   vertex 33.71097112310896 32.38817772260177 8.70008860944208
   vertex 34.39110942184833 32.38817772260175 8.59060240710748
   vertex 34.39110942184833 33.98817772260175 8.59060240710748
  endloop
 endfacet
 facet normal 0.33037501398328 0.00000000000000 0.94384974976717
  outer loop
   vertex 33.05262655416590 33.98817772260175 8.93052846093756
   vertex 33.05262655416590 32.38817772260176 8.93052846093756
   vertex 33.71097112310896 32.38817772260177 8.70008860944208
  endloop
 endfacet
 facet normal 0.49331754136237 -0.00000000000000 0.86984929923763
  outer loop
   vertex 32.43909624861105 32.38817772260177 9.27847983843810
   vertex 33.05262655416590 32.38817772260176 8.93052846093756
   vertex 33.05262655416590 33.98817772260175 8.93052846093756
  endloop
 endfacet
 facet normal 0.63388575287041 0.00000000000000 0.77342669485085
  outer loop
   vertex 31.95116070475330 33.98817772260176 9.67838249453940
   vertex 31.95116070475330 32.38817772260177 9.67838249453940
   vertex 32.43909624861105 32.38817772260177 9.27847983843810
  endloop
 endfacet
 facet normal 0.74943928614668 0.00000000000000 0.66207307480365
  outer loop
   vertex 31.53599397590288 33.98817772260176 10.14833402820324
   vertex 31.53599397590288 32.38817772260177 10.14833402820324
   vertex 31.95116070475330 32.38817772260177 9.67838249453940
  endloop
 endfacet
 facet normal 0.84429894202601 0.00000000000000 0.53587246289930
  outer loop
   vertex 31.20884200423787 33.98817772260175 10.66378142041305
   vertex 31.20884200423787 32.38817772260176 10.66378142041305
   vertex 31.53599397590288 32.38817772260177 10.14833402820324
  endloop
 endfacet
 facet normal 0.91764314690411 0.00000000000000 0.39740540376285
  outer loop
   vertex 30.96332885546618 33.98817772260175 11.23069232880027
   vertex 30.96332885546618 32.38817772260176 11.23069232880027
   vertex 31.20884200423787 32.38817772260176 10.66378142041305
  endloop
 endfacet
 facet normal 0.96849096633821 0.00000000000000 0.24904868624686
  outer loop
   vertex 30.81101777379021 32.38817772260177 11.82299381370014
   vertex 30.96332885546618 32.38817772260176 11.23069232880027
   vertex 30.96332885546618 33.98817772260175 11.23069232880027
  endloop
 endfacet
 facet normal 0.99623520761960 0.00000000000000 0.08669147074036
  outer loop
   vertex 30.75210531863728 33.98817772260176 12.50000000000001
   vertex 30.75210531863728 32.38817772260177 12.50000000000001
   vertex 30.81101777379021 32.38817772260177 11.82299381370014
  endloop
 endfacet
 facet normal 0.99623520761960 -0.00000000000000 0.08669147074036
  outer loop
   vertex 30.81101777379021 32.38817772260177 11.82299381370014
   vertex 30.81101777379021 33.98817772260176 11.82299381370014
   vertex 30.75210531863728 33.98817772260176 12.50000000000001
  endloop
 endfacet
 facet normal 0.96849096633821 0.00000000000000 0.24904868624686
  outer loop
   vertex 30.96332885546618 33.98817772260175 11.23069232880027
   vertex 30.81101777379021 33.98817772260176 11.82299381370014
   vertex 30.81101777379021 32.38817772260177 11.82299381370014
  endloop
 endfacet
 facet normal 0.91764314690411 -0.00000000000000 0.39740540376285
  outer loop
   vertex 31.20884200423787 32.38817772260176 10.66378142041305
   vertex 31.20884200423787 33.98817772260175 10.66378142041305
   vertex 30.96332885546618 33.98817772260175 11.23069232880027
  endloop
 endfacet
 facet normal 0.84429894202601 -0.00000000000000 0.53587246289930
  outer loop
   vertex 31.53599397590288 32.38817772260177 10.14833402820324
   vertex 31.53599397590288 33.98817772260176 10.14833402820324
   vertex 31.20884200423787 33.98817772260175 10.66378142041305
  endloop
 endfacet
 facet normal 0.74943928614668 -0.00000000000000 0.66207307480365
  outer loop
   vertex 31.95116070475330 32.38817772260177 9.67838249453940
   vertex 31.95116070475330 33.98817772260176 9.67838249453940
   vertex 31.53599397590288 33.98817772260176 10.14833402820324
  endloop
 endfacet
 facet normal 0.63388575287041 -0.00000000000000 0.77342669485085
  outer loop
   vertex 32.43909624861105 32.38817772260177 9.27847983843810
   vertex 32.43909624861105 33.98817772260177 9.27847983843810
   vertex 31.95116070475330 33.98817772260176 9.67838249453940
  endloop
 endfacet
 facet normal 0.49331754136237 -0.00000000000000 0.86984929923763
  outer loop
   vertex 33.05262655416590 33.98817772260175 8.93052846093756
   vertex 32.43909624861105 33.98817772260177 9.27847983843810
   vertex 32.43909624861105 32.38817772260177 9.27847983843810
  endloop
 endfacet
 facet normal 0.33037501398328 -0.00000000000000 0.94384974976717
  outer loop
   vertex 33.71097112310896 32.38817772260177 8.70008860944208
   vertex 33.71097112310896 33.98817772260176 8.70008860944208
   vertex 33.05262655416590 33.98817772260175 8.93052846093756
  endloop
 endfacet
 facet normal 0.15893033945605 0.00000000000000 0.98728979899540
  outer loop
   vertex 34.39110942184833 33.98817772260175 8.59060240710748
   vertex 33.71097112310896 33.98817772260176 8.70008860944208
   vertex 33.71097112310896 32.38817772260177 8.70008860944208
  endloop
 endfacet
 facet normal -0.01504570293865 0.00000000000000 0.99988680700521
  outer loop
   vertex 35.06948677402671 32.38817772260177 8.60081022668233
   vertex 35.06948677402671 33.98817772260176 8.60081022668233
   vertex 34.39110942184833 33.98817772260175 8.59060240710748
  endloop
 endfacet
 facet normal -0.18653555665752 -0.00000000000000 0.98244821039201
  outer loop
   vertex 35.73044628107351 33.98817772260176 8.72630534008465
   vertex 35.06948677402671 33.98817772260176 8.60081022668233
   vertex 35.06948677402671 32.38817772260177 8.60081022668233
  endloop
 endfacet
 facet normal -0.35033589890139 0.00000000000000 0.93662412842130
  outer loop
   vertex 36.34912697610284 33.98817772260175 8.95771733434041
   vertex 35.73044628107351 33.98817772260176 8.72630534008465
   vertex 35.73044628107351 32.38817772260176 8.72630534008465
  endloop
 endfacet
 facet normal -0.50135896063515 0.00000000000000 0.86523938455831
  outer loop
   vertex 36.91057783309979 32.38817772260176 9.28304743735624
   vertex 36.91057783309979 33.98817772260176 9.28304743735624
   vertex 36.34912697610284 33.98817772260175 8.95771733434041
  endloop
 endfacet
 facet normal -0.63613297753555 0.00000000000000 0.77157944172441
  outer loop
   vertex 37.40256881374331 32.38817772260177 9.68867214754542
   vertex 37.40256881374331 33.98817772260176 9.68867214754542
   vertex 36.91057783309979 33.98817772260176 9.28304743735624
  endloop
 endfacet
 facet normal -0.75068762642265 0.00000000000000 0.66065731475246
  outer loop
   vertex 37.80710323402758 32.38817772260177 10.14833402820324
   vertex 37.80710323402758 33.98817772260176 10.14833402820324
   vertex 37.40256881374331 33.98817772260176 9.68867214754542
  endloop
 endfacet
 facet normal -0.84471036696357 0.00000000000000 0.53522368776454
  outer loop
   vertex 38.13707239936286 33.98817772260175 10.66910390649690
   vertex 37.80710323402758 33.98817772260176 10.14833402820324
   vertex 37.80710323402758 32.38817772260177 10.14833402820324
  endloop
 endfacet
 facet normal -0.91758751374954 0.00000000000000 0.39753384083740
  outer loop
   vertex 38.37745666838637 32.38817772260177 11.22395881719619
   vertex 38.37745666838637 33.98817772260178 11.22395881719619
   vertex 38.13707239936286 33.98817772260175 10.66910390649690
  endloop
 endfacet
 facet normal -0.96745039672402 0.00000000000000 0.25306072369798
  outer loop
   vertex 38.52761620688065 33.98817772260176 11.79801828784550
   vertex 38.37745666838637 33.98817772260178 11.22395881719619
   vertex 38.37745666838637 32.38817772260177 11.22395881719619
  endloop
 endfacet
 facet normal -0.99496035050656 0.00000000000000 0.10026914241114
  outer loop
   vertex 38.59014391952408 32.38817772260176 12.41847432638414
   vertex 38.59014391952408 33.98817772260176 12.41847432638414
   vertex 38.52761620688065 33.98817772260176 11.79801828784550
  endloop
 endfacet
 facet normal -0.99994591102284 0.00000000000000 0.01040072250865
  outer loop
   vertex 38.59099189129316 33.98817772260175 12.49999999947581
   vertex 38.59014391952408 33.98817772260176 12.41847432638414
   vertex 38.59014391952408 32.38817772260176 12.41847432638414
  endloop
 endfacet
endsolid STL file created by Vectorworks 2026 Update 2 (Build 841021)
