solid STL file created by Vectorworks 2026 Update 2 (Build 841021)
 facet normal 0.00000000000000 0.00000000000000 1.00000000000000
  outer loop
   vertex -175.38194158763025 14.74552528599617 9.74323196677144
   vertex -175.45250408551709 15.52888426091659 9.74323196677144
   vertex -178.58636406920101 14.83761768649320 9.74323196677144
  endloop
 endfacet
 facet normal -0.00000000000000 0.00000000000000 1.00000000000000
  outer loop
   vertex -178.57179591679477 14.49999976158143 9.74323196677144
   vertex -175.37770313666556 14.49999976129260 9.74323196677144
   vertex -175.38194158763025 14.74552528599617 9.74323196677144
  endloop
 endfacet
 facet normal 0.00000000000000 0.00000000000000 1.00000000000000
  outer loop
   vertex -175.45250408551709 15.52888426091659 9.74323196677144
   vertex -175.61147102594816 16.30864157164837 9.74323196677144
   vertex -178.67656485637048 15.40016380383814 9.74323196677144
  endloop
 endfacet
 facet normal -0.00000000000000 0.00000000000000 1.00000000000000
  outer loop
   vertex -178.67656485637048 15.40016380383814 9.74323196677144
   vertex -178.58636406920101 14.83761768649320 9.74323196677144
   vertex -175.45250408551709 15.52888426091659 9.74323196677144
  endloop
 endfacet
 facet normal 0.00000000000000 0.00000000000000 1.00000000000000
  outer loop
   vertex -175.61147102594816 16.30864157164837 9.74323196677144
   vertex -175.85974888118119 17.07404938790599 9.74323196677144
   vertex -178.85138103416736 15.95377697444120 9.74323196677144
  endloop
 endfacet
 facet normal -0.00000000000000 0.00000000000000 1.00000000000000
  outer loop
   vertex -178.85138103416736 15.95377697444120 9.74323196677144
   vertex -178.67656485637048 15.40016380383814 9.74323196677144
   vertex -175.61147102594816 16.30864157164837 9.74323196677144
  endloop
 endfacet
 facet normal 0.00000000000000 0.00000000000000 1.00000000000000
  outer loop
   vertex -176.19690325602511 17.81417090288689 9.74323196677144
   vertex -179.11026968379278 16.48269509473358 9.74323196677144
   vertex -178.85138103416736 15.95377697444120 9.74323196677144
  endloop
 endfacet
 facet normal 0.00000000000000 0.00000000000000 1.00000000000000
  outer loop
   vertex -176.62016563843810 18.51657673293992 9.74323196677144
   vertex -177.15311463846004 19.20178894240728 9.74323196677144
   vertex -179.47687166095025 17.00511931869616 9.74323196677144
  endloop
 endfacet
 facet normal 0.00000000000000 0.00000000000000 1.00000000000000
  outer loop
   vertex -178.85138103416736 15.95377697444120 9.74323196677144
   vertex -175.85974888118119 17.07404938790599 9.74323196677144
   vertex -176.19690325602511 17.81417090288689 9.74323196677144
  endloop
 endfacet
 facet normal 0.00000000000000 0.00000000000000 1.00000000000000
  outer loop
   vertex -179.11026968379278 16.48269509473358 9.74323196677144
   vertex -176.19690325602511 17.81417090288689 9.74323196677144
   vertex -176.62016563843810 18.51657673293992 9.74323196677144
  endloop
 endfacet
 facet normal 0.00000000000000 0.00000000000000 1.00000000000000
  outer loop
   vertex -177.15311463846004 19.20178894240728 9.74323196677144
   vertex -177.74311994322943 19.79695727156928 9.74323196677144
   vertex -179.90331781098746 17.44358576217152 9.74323196677144
  endloop
 endfacet
 facet normal 0.00000000000000 0.00000000000000 1.00000000000000
  outer loop
   vertex -178.40554358087701 20.32318502835325 9.74323196677144
   vertex -180.40139296740153 17.81580711210458 9.74323196677144
   vertex -179.90331781098746 17.44358576217152 9.74323196677144
  endloop
 endfacet
 facet normal -0.00000000000000 0.00000000000000 1.00000000000000
  outer loop
   vertex -179.47687166095025 17.00511931869616 9.74323196677144
   vertex -179.11026968379278 16.48269509473358 9.74323196677144
   vertex -176.62016563843810 18.51657673293992 9.74323196677144
  endloop
 endfacet
 facet normal 0.00000000000000 0.00000000000000 1.00000000000000
  outer loop
   vertex -179.90331781098746 17.44358576217152 9.74323196677144
   vertex -177.74311994322943 19.79695727156928 9.74323196677144
   vertex -178.40554358087701 20.32318502835325 9.74323196677144
  endloop
 endfacet
 facet normal 0.00000000000000 0.00000000000000 1.00000000000000
  outer loop
   vertex -179.13277327516155 20.77081326379230 9.74323196677144
   vertex -179.91587881770440 21.13098115606629 9.74323196677144
   vertex -180.96162372887559 18.10864385260579 9.74323196677144
  endloop
 endfacet
 facet normal -0.00000000000000 0.00000000000000 1.00000000000000
  outer loop
   vertex -179.90331781098746 17.44358576217152 9.74323196677144
   vertex -179.47687166095025 17.00511931869616 9.74323196677144
   vertex -177.15311463846004 19.20178894240728 9.74323196677144
  endloop
 endfacet
 facet normal 0.00000000000000 0.00000000000000 1.00000000000000
  outer loop
   vertex -180.40139296740153 17.81580711210458 9.74323196677144
   vertex -178.40554358087701 20.32318502835325 9.74323196677144
   vertex -179.13277327516155 20.77081326379230 9.74323196677144
  endloop
 endfacet
 facet normal 0.00000000000000 0.00000000000000 1.00000000000000
  outer loop
   vertex -189.40302254458371 16.18215504855359 9.74323196677144
   vertex -186.35537050943822 15.15614374143131 9.74323196677144
   vertex -186.21203695074843 15.73194935308442 9.74323196677144
  endloop
 endfacet
 facet normal -0.00000000000000 0.00000000000000 1.00000000000000
  outer loop
   vertex -180.96162372887559 18.10864385260579 9.74323196677144
   vertex -180.40139296740153 17.81580711210458 9.74323196677144
   vertex -179.13277327516155 20.77081326379230 9.74323196677144
  endloop
 endfacet
 facet normal 0.00000000000000 0.00000000000000 1.00000000000000
  outer loop
   vertex -179.91587881770440 21.13098115606629 9.74323196677144
   vertex -180.74469265163890 21.39579344413068 9.74323196677144
   vertex -181.57210096285007 18.31014681517525 9.74323196677144
  endloop
 endfacet
 facet normal 0.00000000000000 0.00000000000000 1.00000000000000
  outer loop
   vertex -189.16576416702918 16.96030703405280 9.74323196677144
   vertex -186.21203695074843 15.73194935308442 9.74323196677144
   vertex -185.98084457209256 16.28456975000938 9.74323196677144
  endloop
 endfacet
 facet normal 0.00000000000000 0.00000000000000 1.00000000000000
  outer loop
   vertex -186.21203695074843 15.73194935308442 9.74323196677144
   vertex -189.16576416702918 16.96030703405280 9.74323196677144
   vertex -189.40302254458371 16.18215504855359 9.74323196677144
  endloop
 endfacet
 facet normal -0.00000000000000 0.00000000000000 1.00000000000000
  outer loop
   vertex -181.57210096285007 18.31014681517525 9.74323196677144
   vertex -180.96162372887559 18.10864385260579 9.74323196677144
   vertex -179.91587881770440 21.13098115606629 9.74323196677144
  endloop
 endfacet
 facet normal 0.00000000000000 0.00000000000000 1.00000000000000
  outer loop
   vertex -181.60790996308253 21.55847869280140 9.74323196677144
   vertex -182.21814895652454 18.40991758577597 9.74323196677144
   vertex -181.57210096285007 18.31014681517525 9.74323196677144
  endloop
 endfacet
 facet normal 0.00000000000000 0.00000000000000 1.00000000000000
  outer loop
   vertex -182.49123920312269 21.61353582803855 9.74323196677144
   vertex -183.28245338874098 21.56939687033564 9.74323196677144
   vertex -182.87500439915766 18.40060996372332 9.74323196677144
  endloop
 endfacet
 facet normal 0.00000000000000 0.00000000000000 1.00000000000000
  outer loop
   vertex -187.90703461105124 19.11210941641901 9.74323196677144
   vertex -185.62679383218509 16.85166573337820 9.74323196677144
   vertex -185.22544186104358 17.30823256891052 9.74323196677144
  endloop
 endfacet
 facet normal 0.00000000000000 0.00000000000000 1.00000000000000
  outer loop
   vertex -189.40302254458371 16.18215504855359 9.74323196677144
   vertex -189.54936630973702 15.38613582092109 9.74323196677144
   vertex -186.35537050943822 15.15614374143131 9.74323196677144
  endloop
 endfacet
 facet normal 0.00000000000000 0.00000000000000 1.00000000000000
  outer loop
   vertex -189.54936630973702 15.38613582092109 9.74323196677144
   vertex -189.60477526957982 14.49999976158143 9.74323196677144
   vertex -186.41068248945064 14.49999976158143 9.74323196677144
  endloop
 endfacet
 facet normal 0.00000000000000 -0.00000000000000 1.00000000000000
  outer loop
   vertex -181.57210096285007 18.31014681517525 9.74323196677144
   vertex -180.74469265163890 21.39579344413068 9.74323196677144
   vertex -181.60790996308253 21.55847869280140 9.74323196677144
  endloop
 endfacet
 facet normal 0.00000000000000 -0.00000000000000 1.00000000000000
  outer loop
   vertex -182.21814895652454 18.40991758577597 9.74323196677144
   vertex -181.60790996308253 21.55847869280140 9.74323196677144
   vertex -182.49123920312269 21.61353582803855 9.74323196677144
  endloop
 endfacet
 facet normal 0.00000000000000 0.00000000000000 1.00000000000000
  outer loop
   vertex -187.33609110379277 19.70862774113228 9.74323196677144
   vertex -185.22544186104358 17.30823256891052 9.74323196677144
   vertex -184.75541381336885 17.69930421865611 9.74323196677144
  endloop
 endfacet
 facet normal 0.00000000000000 0.00000000000000 1.00000000000000
  outer loop
   vertex -185.22544186104358 17.30823256891052 9.74323196677144
   vertex -187.33609110379277 19.70862774113228 9.74323196677144
   vertex -187.90703461105124 19.11210941641901 9.74323196677144
  endloop
 endfacet
 facet normal 0.00000000000000 0.00000000000000 1.00000000000000
  outer loop
   vertex -188.42801199317105 18.41881644626160 9.74323196677144
   vertex -188.83962784892563 17.70941668224273 9.74323196677144
   vertex -185.98084457209256 16.28456975000938 9.74323196677144
  endloop
 endfacet
 facet normal 0.00000000000000 -0.00000000000000 1.00000000000000
  outer loop
   vertex -186.41068248945064 14.49999976158143 9.74323196677144
   vertex -186.35537050943822 15.15614374143131 9.74323196677144
   vertex -189.54936630973702 15.38613582092109 9.74323196677144
  endloop
 endfacet
 facet normal 0.00000000000000 0.00000000000000 1.00000000000000
  outer loop
   vertex -182.87500439915766 18.40060996372332 9.74323196677144
   vertex -182.21814895652454 18.40991758577597 9.74323196677144
   vertex -182.49123920312269 21.61353582803855 9.74323196677144
  endloop
 endfacet
 facet normal 0.00000000000000 0.00000000000000 1.00000000000000
  outer loop
   vertex -184.16412360378757 21.41403282129401 9.74323196677144
   vertex -183.53185882613758 18.27877555209052 9.74323196677144
   vertex -182.87500439915766 18.40060996372332 9.74323196677144
  endloop
 endfacet
 facet normal 0.00000000000000 0.00000000000000 1.00000000000000
  outer loop
   vertex -185.02453258007012 21.14716607777214 9.74323196677144
   vertex -184.16562728103582 18.04379154994649 9.74323196677144
   vertex -183.53185882613758 18.27877555209052 9.74323196677144
  endloop
 endfacet
 facet normal 0.00000000000000 0.00000000000000 1.00000000000000
  outer loop
   vertex -187.90703461105124 19.11210941641901 9.74323196677144
   vertex -188.42801199317105 18.41881644626160 9.74323196677144
   vertex -185.62679383218509 16.85166573337820 9.74323196677144
  endloop
 endfacet
 facet normal 0.00000000000000 0.00000000000000 1.00000000000000
  outer loop
   vertex -185.98084457209256 16.28456975000938 9.74323196677144
   vertex -188.83962784892563 17.70941668224273 9.74323196677144
   vertex -189.16576416702918 16.96030703405280 9.74323196677144
  endloop
 endfacet
 facet normal 0.00000000000000 0.00000000000000 1.00000000000000
  outer loop
   vertex -182.87500439915766 18.40060996372332 9.74323196677144
   vertex -183.28245338874098 21.56939687033564 9.74323196677144
   vertex -184.16412360378757 21.41403282129401 9.74323196677144
  endloop
 endfacet
 facet normal 0.00000000000000 0.00000000000000 1.00000000000000
  outer loop
   vertex -183.53185882613758 18.27877555209052 9.74323196677144
   vertex -184.16412360378757 21.41403282129401 9.74323196677144
   vertex -185.02453258007012 21.14716607777214 9.74323196677144
  endloop
 endfacet
 facet normal 0.00000000000000 0.00000000000000 1.00000000000000
  outer loop
   vertex -185.84949740889525 20.77092450934774 9.74323196677144
   vertex -186.62495748206175 20.28919388159084 9.74323196677144
   vertex -184.75541381336885 17.69930421865611 9.74323196677144
  endloop
 endfacet
 facet normal 0.00000000000000 -0.00000000000000 1.00000000000000
  outer loop
   vertex -185.98084457209256 16.28456975000938 9.74323196677144
   vertex -185.62679383218509 16.85166573337820 9.74323196677144
   vertex -188.42801199317105 18.41881644626160 9.74323196677144
  endloop
 endfacet
 facet normal 0.00000000000000 0.00000000000000 1.00000000000000
  outer loop
   vertex -185.02453258007012 21.14716607777214 9.74323196677144
   vertex -185.84949740889525 20.77092450934774 9.74323196677144
   vertex -184.16562728103582 18.04379154994649 9.74323196677144
  endloop
 endfacet
 facet normal 0.00000000000000 0.00000000000000 1.00000000000000
  outer loop
   vertex -184.75541381336885 17.69930421865611 9.74323196677144
   vertex -186.62495748206175 20.28919388159084 9.74323196677144
   vertex -187.33609110379277 19.70862774113228 9.74323196677144
  endloop
 endfacet
 facet normal 0.00000000000000 -0.00000000000000 1.00000000000000
  outer loop
   vertex -184.75541381336885 17.69930421865611 9.74323196677144
   vertex -184.16562728103582 18.04379154994649 9.74323196677144
   vertex -185.84949740889525 20.77092450934774 9.74323196677144
  endloop
 endfacet
 facet normal 0.00000000000000 0.00000000000000 1.00000000000000
  outer loop
   vertex -178.58636406920101 14.83761768649320 9.74323196677144
   vertex -178.57179591679477 14.49999976158143 9.74323196677144
   vertex -175.38194158763025 14.74552528599617 9.74323196677144
  endloop
 endfacet
 facet normal -0.99805079310171 0.06240684569055 0.00000000000000
  outer loop
   vertex -189.54936630973702 15.38613582092109 9.74323196677144
   vertex -189.54936630973702 15.38613582092109 8.14323196677144
   vertex -189.60477526957982 14.49999976158143 8.14323196677145
  endloop
 endfacet
 facet normal -0.98351726324600 0.18081424970699 0.00000000000000
  outer loop
   vertex -189.40302254458371 16.18215504855359 9.74323196677144
   vertex -189.40302254458371 16.18215504855359 8.14323196677144
   vertex -189.54936630973702 15.38613582092109 8.14323196677144
  endloop
 endfacet
 facet normal -0.95652669438292 0.29164478896920 0.00000000000000
  outer loop
   vertex -189.16576416702918 16.96030703405280 8.14323196677145
   vertex -189.40302254458371 16.18215504855359 8.14323196677144
   vertex -189.40302254458371 16.18215504855359 9.74323196677144
  endloop
 endfacet
 facet normal -0.91687460348956 0.39917535178899 0.00000000000000
  outer loop
   vertex -188.83962784892563 17.70941668224273 9.74323196677144
   vertex -188.83962784892563 17.70941668224273 8.14323196677144
   vertex -189.16576416702918 16.96030703405280 8.14323196677145
  endloop
 endfacet
 facet normal -0.86494439765233 0.50186770066407 0.00000000000000
  outer loop
   vertex -188.42801199317105 18.41881644626160 9.74323196677144
   vertex -188.42801199317105 18.41881644626160 8.14323196677144
   vertex -188.83962784892563 17.70941668224273 8.14323196677144
  endloop
 endfacet
 facet normal -0.79944192565377 0.60074337907878 -0.00000000000000
  outer loop
   vertex -187.90703461105124 19.11210941641901 8.14323196677144
   vertex -188.42801199317105 18.41881644626160 8.14323196677144
   vertex -188.42801199317105 18.41881644626160 9.74323196677144
  endloop
 endfacet
 facet normal -0.72242358339819 0.69145076914420 0.00000000000000
  outer loop
   vertex -187.33609110379277 19.70862774113228 9.74323196677144
   vertex -187.33609110379277 19.70862774113228 8.14323196677144
   vertex -187.90703461105124 19.11210941641901 8.14323196677144
  endloop
 endfacet
 facet normal -0.63240845349031 0.77463510632684 0.00000000000000
  outer loop
   vertex -186.62495748206175 20.28919388159084 9.74323196677144
   vertex -186.62495748206175 20.28919388159084 8.14323196677144
   vertex -187.33609110379277 19.70862774113228 8.14323196677144
  endloop
 endfacet
 facet normal -0.52768749381397 0.84943858452058 0.00000000000000
  outer loop
   vertex -185.84949740889525 20.77092450934774 8.14323196677144
   vertex -186.62495748206175 20.28919388159084 8.14323196677144
   vertex -186.62495748206175 20.28919388159084 9.74323196677144
  endloop
 endfacet
 facet normal -0.41495206626644 0.90984327370224 0.00000000000000
  outer loop
   vertex -185.02453258007012 21.14716607777214 9.74323196677144
   vertex -185.02453258007012 21.14716607777214 8.14323196677144
   vertex -185.84949740889525 20.77092450934774 8.14323196677144
  endloop
 endfacet
 facet normal -0.29624051243423 0.95511337483709 0.00000000000000
  outer loop
   vertex -184.16412360378757 21.41403282129401 8.14323196677144
   vertex -185.02453258007012 21.14716607777214 8.14323196677144
   vertex -185.02453258007012 21.14716607777214 9.74323196677144
  endloop
 endfacet
 facet normal -0.17354179691148 0.98482650488537 0.00000000000000
  outer loop
   vertex -183.28245338874098 21.56939687033564 9.74323196677144
   vertex -183.28245338874098 21.56939687033564 8.14323196677144
   vertex -184.16412360378757 21.41403282129401 8.14323196677144
  endloop
 endfacet
 facet normal -0.05569975309444 0.99844756372341 0.00000000000000
  outer loop
   vertex -182.49123920312269 21.61353582803855 8.14323196677144
   vertex -183.28245338874098 21.56939687033564 8.14323196677144
   vertex -183.28245338874098 21.56939687033564 9.74323196677144
  endloop
 endfacet
 facet normal 0.06220840099503 0.99806318179043 0.00000000000000
  outer loop
   vertex -181.60790996308253 21.55847869280140 9.74323196677144
   vertex -181.60790996308253 21.55847869280140 8.14323196677144
   vertex -182.49123920312269 21.61353582803855 8.14323196677144
  endloop
 endfacet
 facet normal 0.18520345240104 0.98270019905297 0.00000000000000
  outer loop
   vertex -180.74469265163890 21.39579344413068 8.14323196677144
   vertex -181.60790996308253 21.55847869280140 8.14323196677144
   vertex -181.60790996308253 21.55847869280140 9.74323196677144
  endloop
 endfacet
 facet normal 0.30435019222512 0.95256021357840 0.00000000000000
  outer loop
   vertex -179.91587881770440 21.13098115606629 9.74323196677144
   vertex -179.91587881770440 21.13098115606629 8.14323196677144
   vertex -180.74469265163890 21.39579344413068 8.14323196677144
  endloop
 endfacet
 facet normal 0.41784752603904 0.90851716823792 -0.00000000000000
  outer loop
   vertex -179.13277327516155 20.77081326379230 8.14323196677144
   vertex -179.91587881770440 21.13098115606629 8.14323196677144
   vertex -179.91587881770440 21.13098115606629 9.74323196677144
  endloop
 endfacet
 facet normal 0.52418428785338 0.85160485694226 0.00000000000000
  outer loop
   vertex -178.40554358087701 20.32318502835325 9.74323196677144
   vertex -178.40554358087701 20.32318502835325 8.14323196677144
   vertex -179.13277327516155 20.77081326379230 8.14323196677144
  endloop
 endfacet
 facet normal 0.62201657065134 0.78300407778961 0.00000000000000
  outer loop
   vertex -177.74311994322943 19.79695727156928 9.74323196677144
   vertex -177.74311994322943 19.79695727156928 8.14323196677144
   vertex -178.40554358087701 20.32318502835325 8.14323196677144
  endloop
 endfacet
 facet normal 0.71018044299870 0.70401970027988 0.00000000000000
  outer loop
   vertex -177.15311463846004 19.20178894240728 8.14323196677144
   vertex -177.74311994322943 19.79695727156928 8.14323196677144
   vertex -177.74311994322943 19.79695727156928 9.74323196677144
  endloop
 endfacet
 facet normal 0.78934877262024 0.61394504246139 0.00000000000000
  outer loop
   vertex -176.62016563843810 18.51657673293992 9.74323196677144
   vertex -176.62016563843810 18.51657673293992 8.14323196677144
   vertex -177.15311463846004 19.20178894240728 8.14323196677144
  endloop
 endfacet
 facet normal 0.85651286949708 0.51612566724189 0.00000000000000
  outer loop
   vertex -176.19690325602511 17.81417090288689 9.74323196677144
   vertex -176.19690325602511 17.81417090288689 8.14323196677144
   vertex -176.62016563843810 18.51657673293992 8.14323196677144
  endloop
 endfacet
 facet normal 0.91002548972430 0.41455229833164 0.00000000000000
  outer loop
   vertex -175.85974888118119 17.07404938790599 8.14323196677144
   vertex -176.19690325602511 17.81417090288689 8.14323196677144
   vertex -176.19690325602511 17.81417090288689 9.74323196677144
  endloop
 endfacet
 facet normal 0.95120914845692 0.30854684553866 0.00000000000000
  outer loop
   vertex -175.61147102594816 16.30864157164837 8.14323196677145
   vertex -175.85974888118119 17.07404938790599 8.14323196677144
   vertex -175.85974888118119 17.07404938790599 9.74323196677144
  endloop
 endfacet
 facet normal 0.97984520306978 0.19975829900445 0.00000000000000
  outer loop
   vertex -175.45250408551709 15.52888426091659 9.74323196677144
   vertex -175.45250408551709 15.52888426091659 8.14323196677144
   vertex -175.61147102594816 16.30864157164837 8.14323196677145
  endloop
 endfacet
 facet normal 0.99596760393761 0.08971361048790 0.00000000000000
  outer loop
   vertex -175.38194158763025 14.74552528599617 8.14323196677145
   vertex -175.45250408551709 15.52888426091659 8.14323196677144
   vertex -175.45250408551709 15.52888426091659 9.74323196677144
  endloop
 endfacet
 facet normal 0.99985103165865 0.01726019962608 0.00000000000000
  outer loop
   vertex -175.37770313666556 14.49999976129260 9.74323196677144
   vertex -175.37770313666556 14.49999976129260 8.14323196677144
   vertex -175.38194158763025 14.74552528599617 8.14323196677145
  endloop
 endfacet
 facet normal 0.99985103165865 0.01726019962608 -0.00000000000000
  outer loop
   vertex -175.38194158763025 14.74552528599617 8.14323196677145
   vertex -175.38194158763025 14.74552528599617 9.74323196677144
   vertex -175.37770313666556 14.49999976129260 9.74323196677144
  endloop
 endfacet
 facet normal 0.99596760393761 0.08971361048790 0.00000000000000
  outer loop
   vertex -175.45250408551709 15.52888426091659 9.74323196677144
   vertex -175.38194158763025 14.74552528599617 9.74323196677144
   vertex -175.38194158763025 14.74552528599617 8.14323196677145
  endloop
 endfacet
 facet normal 0.97984520306978 0.19975829900445 -0.00000000000000
  outer loop
   vertex -175.61147102594816 16.30864157164837 8.14323196677145
   vertex -175.61147102594816 16.30864157164837 9.74323196677144
   vertex -175.45250408551709 15.52888426091659 9.74323196677144
  endloop
 endfacet
 facet normal 0.95120914845692 0.30854684553866 0.00000000000000
  outer loop
   vertex -175.85974888118119 17.07404938790599 9.74323196677144
   vertex -175.61147102594816 16.30864157164837 9.74323196677144
   vertex -175.61147102594816 16.30864157164837 8.14323196677145
  endloop
 endfacet
 facet normal 0.91002548972430 0.41455229833164 0.00000000000000
  outer loop
   vertex -176.19690325602511 17.81417090288689 9.74323196677144
   vertex -175.85974888118119 17.07404938790599 9.74323196677144
   vertex -175.85974888118119 17.07404938790599 8.14323196677144
  endloop
 endfacet
 facet normal 0.85651286949708 0.51612566724189 -0.00000000000000
  outer loop
   vertex -176.62016563843810 18.51657673293992 8.14323196677144
   vertex -176.62016563843810 18.51657673293992 9.74323196677144
   vertex -176.19690325602511 17.81417090288689 9.74323196677144
  endloop
 endfacet
 facet normal 0.78934877262024 0.61394504246139 -0.00000000000000
  outer loop
   vertex -177.15311463846004 19.20178894240728 8.14323196677144
   vertex -177.15311463846004 19.20178894240728 9.74323196677144
   vertex -176.62016563843810 18.51657673293992 9.74323196677144
  endloop
 endfacet
 facet normal 0.71018044299870 0.70401970027988 0.00000000000000
  outer loop
   vertex -177.74311994322943 19.79695727156928 9.74323196677144
   vertex -177.15311463846004 19.20178894240728 9.74323196677144
   vertex -177.15311463846004 19.20178894240728 8.14323196677144
  endloop
 endfacet
 facet normal 0.62201657065134 0.78300407778961 -0.00000000000000
  outer loop
   vertex -178.40554358087701 20.32318502835325 8.14323196677144
   vertex -178.40554358087701 20.32318502835325 9.74323196677144
   vertex -177.74311994322943 19.79695727156928 9.74323196677144
  endloop
 endfacet
 facet normal 0.52418428785338 0.85160485694226 -0.00000000000000
  outer loop
   vertex -179.13277327516155 20.77081326379230 8.14323196677144
   vertex -179.13277327516155 20.77081326379230 9.74323196677144
   vertex -178.40554358087701 20.32318502835325 9.74323196677144
  endloop
 endfacet
 facet normal 0.41784752603904 0.90851716823792 -0.00000000000000
  outer loop
   vertex -179.91587881770440 21.13098115606629 9.74323196677144
   vertex -179.13277327516155 20.77081326379230 9.74323196677144
   vertex -179.13277327516155 20.77081326379230 8.14323196677144
  endloop
 endfacet
 facet normal 0.30435019222512 0.95256021357840 -0.00000000000000
  outer loop
   vertex -180.74469265163890 21.39579344413068 8.14323196677144
   vertex -180.74469265163890 21.39579344413068 9.74323196677144
   vertex -179.91587881770440 21.13098115606629 9.74323196677144
  endloop
 endfacet
 facet normal 0.18520345240104 0.98270019905297 0.00000000000000
  outer loop
   vertex -181.60790996308253 21.55847869280140 9.74323196677144
   vertex -180.74469265163890 21.39579344413068 9.74323196677144
   vertex -180.74469265163890 21.39579344413068 8.14323196677144
  endloop
 endfacet
 facet normal 0.06220840099503 0.99806318179043 -0.00000000000000
  outer loop
   vertex -182.49123920312269 21.61353582803855 8.14323196677144
   vertex -182.49123920312269 21.61353582803855 9.74323196677144
   vertex -181.60790996308253 21.55847869280140 9.74323196677144
  endloop
 endfacet
 facet normal -0.05569975309444 0.99844756372341 0.00000000000000
  outer loop
   vertex -183.28245338874098 21.56939687033564 9.74323196677144
   vertex -182.49123920312269 21.61353582803855 9.74323196677144
   vertex -182.49123920312269 21.61353582803855 8.14323196677144
  endloop
 endfacet
 facet normal -0.17354179691148 0.98482650488537 0.00000000000000
  outer loop
   vertex -184.16412360378757 21.41403282129401 8.14323196677144
   vertex -184.16412360378757 21.41403282129401 9.74323196677144
   vertex -183.28245338874098 21.56939687033564 9.74323196677144
  endloop
 endfacet
 facet normal -0.29624051243423 0.95511337483709 0.00000000000000
  outer loop
   vertex -185.02453258007012 21.14716607777214 9.74323196677144
   vertex -184.16412360378757 21.41403282129401 9.74323196677144
   vertex -184.16412360378757 21.41403282129401 8.14323196677144
  endloop
 endfacet
 facet normal -0.41495206626644 0.90984327370224 0.00000000000000
  outer loop
   vertex -185.84949740889525 20.77092450934774 8.14323196677144
   vertex -185.84949740889525 20.77092450934774 9.74323196677144
   vertex -185.02453258007012 21.14716607777214 9.74323196677144
  endloop
 endfacet
 facet normal -0.52768749381397 0.84943858452058 0.00000000000000
  outer loop
   vertex -186.62495748206175 20.28919388159084 9.74323196677144
   vertex -185.84949740889525 20.77092450934774 9.74323196677144
   vertex -185.84949740889525 20.77092450934774 8.14323196677144
  endloop
 endfacet
 facet normal -0.63240845349031 0.77463510632684 0.00000000000000
  outer loop
   vertex -187.33609110379277 19.70862774113228 8.14323196677144
   vertex -187.33609110379277 19.70862774113228 9.74323196677144
   vertex -186.62495748206175 20.28919388159084 9.74323196677144
  endloop
 endfacet
 facet normal -0.72242358339819 0.69145076914420 0.00000000000000
  outer loop
   vertex -187.90703461105124 19.11210941641901 8.14323196677144
   vertex -187.90703461105124 19.11210941641901 9.74323196677144
   vertex -187.33609110379277 19.70862774113228 9.74323196677144
  endloop
 endfacet
 facet normal -0.79944192565377 0.60074337907878 -0.00000000000000
  outer loop
   vertex -188.42801199317105 18.41881644626160 9.74323196677144
   vertex -187.90703461105124 19.11210941641901 9.74323196677144
   vertex -187.90703461105124 19.11210941641901 8.14323196677144
  endloop
 endfacet
 facet normal -0.86494439765233 0.50186770066407 0.00000000000000
  outer loop
   vertex -188.83962784892563 17.70941668224273 8.14323196677144
   vertex -188.83962784892563 17.70941668224273 9.74323196677144
   vertex -188.42801199317105 18.41881644626160 9.74323196677144
  endloop
 endfacet
 facet normal -0.91687460348956 0.39917535178899 0.00000000000000
  outer loop
   vertex -189.16576416702918 16.96030703405280 8.14323196677145
   vertex -189.16576416702918 16.96030703405280 9.74323196677144
   vertex -188.83962784892563 17.70941668224273 9.74323196677144
  endloop
 endfacet
 facet normal -0.95652669438292 0.29164478896920 0.00000000000000
  outer loop
   vertex -189.40302254458371 16.18215504855359 9.74323196677144
   vertex -189.16576416702918 16.96030703405280 9.74323196677144
   vertex -189.16576416702918 16.96030703405280 8.14323196677145
  endloop
 endfacet
 facet normal -0.98351726324600 0.18081424970699 0.00000000000000
  outer loop
   vertex -189.54936630973702 15.38613582092109 8.14323196677144
   vertex -189.54936630973702 15.38613582092109 9.74323196677144
   vertex -189.40302254458371 16.18215504855359 9.74323196677144
  endloop
 endfacet
 facet normal -0.99805079310171 0.06240684569055 0.00000000000000
  outer loop
   vertex -189.60477526957982 14.49999976158143 8.14323196677145
   vertex -189.60477526957982 14.49999976158143 9.74323196677144
   vertex -189.54936630973702 15.38613582092109 9.74323196677144
  endloop
 endfacet
 facet normal -0.00000000000000 0.00000000000000 -1.00000000000000
  outer loop
   vertex -175.38194158763025 14.74552528599617 8.14323196677144
   vertex -178.57179591679471 14.49999976262982 8.14323196677144
   vertex -178.58636406920101 14.83761768649320 8.14323196677144
  endloop
 endfacet
 facet normal 0.00000000000000 0.00000000000000 -1.00000000000000
  outer loop
   vertex -175.45250408551709 15.52888426091659 8.14323196677144
   vertex -178.58636406920101 14.83761768649320 8.14323196677144
   vertex -178.67656485637048 15.40016380383814 8.14323196677144
  endloop
 endfacet
 facet normal 0.00000000000000 0.00000000000000 -1.00000000000000
  outer loop
   vertex -178.58636406920101 14.83761768649320 8.14323196677144
   vertex -175.45250408551709 15.52888426091659 8.14323196677144
   vertex -175.38194158763025 14.74552528599617 8.14323196677144
  endloop
 endfacet
 facet normal 0.00000000000000 0.00000000000000 -1.00000000000000
  outer loop
   vertex -175.61147102594816 16.30864157164837 8.14323196677144
   vertex -178.67656485637048 15.40016380383814 8.14323196677144
   vertex -178.85138103416736 15.95377697444120 8.14323196677144
  endloop
 endfacet
 facet normal 0.00000000000000 -0.00000000000000 -1.00000000000000
  outer loop
   vertex -175.38194158763025 14.74552528599617 8.14323196677144
   vertex -175.37770313666556 14.49999976129260 8.14323196677144
   vertex -178.57179591679471 14.49999976262982 8.14323196677144
  endloop
 endfacet
 facet normal 0.00000000000000 0.00000000000000 -1.00000000000000
  outer loop
   vertex -176.62016563843810 18.51657673293992 8.14323196677144
   vertex -179.11026968379278 16.48269509473358 8.14323196677144
   vertex -179.47687166095025 17.00511931869616 8.14323196677144
  endloop
 endfacet
 facet normal 0.00000000000000 -0.00000000000000 -1.00000000000000
  outer loop
   vertex -176.19690325602511 17.81417090288689 8.14323196677144
   vertex -175.85974888118119 17.07404938790599 8.14323196677144
   vertex -178.85138103416736 15.95377697444120 8.14323196677144
  endloop
 endfacet
 facet normal 0.00000000000000 0.00000000000000 -1.00000000000000
  outer loop
   vertex -178.67656485637048 15.40016380383814 8.14323196677144
   vertex -175.61147102594816 16.30864157164837 8.14323196677144
   vertex -175.45250408551709 15.52888426091659 8.14323196677144
  endloop
 endfacet
 facet normal 0.00000000000000 -0.00000000000000 -1.00000000000000
  outer loop
   vertex -178.40554358087701 20.32318502835325 8.14323196677144
   vertex -177.74311994322943 19.79695727156928 8.14323196677144
   vertex -179.90331781098746 17.44358576217152 8.14323196677144
  endloop
 endfacet
 facet normal 0.00000000000000 0.00000000000000 -1.00000000000000
  outer loop
   vertex -177.15311463846004 19.20178894240728 8.14323196677144
   vertex -179.47687166095025 17.00511931869616 8.14323196677144
   vertex -179.90331781098746 17.44358576217152 8.14323196677144
  endloop
 endfacet
 facet normal 0.00000000000000 0.00000000000000 -1.00000000000000
  outer loop
   vertex -179.47687166095025 17.00511931869616 8.14323196677144
   vertex -177.15311463846004 19.20178894240728 8.14323196677144
   vertex -176.62016563843810 18.51657673293992 8.14323196677144
  endloop
 endfacet
 facet normal 0.00000000000000 0.00000000000000 -1.00000000000000
  outer loop
   vertex -178.85138103416736 15.95377697444120 8.14323196677144
   vertex -175.85974888118119 17.07404938790599 8.14323196677144
   vertex -175.61147102594816 16.30864157164837 8.14323196677144
  endloop
 endfacet
 facet normal 0.00000000000000 0.00000000000000 -1.00000000000000
  outer loop
   vertex -179.13277327516155 20.77081326379230 8.14323196677144
   vertex -180.40139296740153 17.81580711210458 8.14323196677144
   vertex -180.96162372887559 18.10864385260579 8.14323196677144
  endloop
 endfacet
 facet normal 0.00000000000000 0.00000000000000 -1.00000000000000
  outer loop
   vertex -179.90331781098746 17.44358576217152 8.14323196677144
   vertex -177.74311994322943 19.79695727156928 8.14323196677144
   vertex -177.15311463846004 19.20178894240728 8.14323196677144
  endloop
 endfacet
 facet normal 0.00000000000000 0.00000000000000 -1.00000000000000
  outer loop
   vertex -178.85138103416736 15.95377697444120 8.14323196677144
   vertex -179.11026968379278 16.48269509473358 8.14323196677144
   vertex -176.19690325602511 17.81417090288689 8.14323196677144
  endloop
 endfacet
 facet normal 0.00000000000000 0.00000000000000 -1.00000000000000
  outer loop
   vertex -189.40302254458371 16.18215504855359 8.14323196677144
   vertex -189.16576416702918 16.96030703405280 8.14323196677144
   vertex -186.21203695074843 15.73194935308442 8.14323196677144
  endloop
 endfacet
 facet normal 0.00000000000000 0.00000000000000 -1.00000000000000
  outer loop
   vertex -180.96162372887559 18.10864385260579 8.14323196677144
   vertex -179.91587881770440 21.13098115606629 8.14323196677144
   vertex -179.13277327516155 20.77081326379230 8.14323196677144
  endloop
 endfacet
 facet normal 0.00000000000000 -0.00000000000000 -1.00000000000000
  outer loop
   vertex -176.62016563843810 18.51657673293992 8.14323196677144
   vertex -176.19690325602511 17.81417090288689 8.14323196677144
   vertex -179.11026968379278 16.48269509473358 8.14323196677144
  endloop
 endfacet
 facet normal 0.00000000000000 0.00000000000000 -1.00000000000000
  outer loop
   vertex -186.35537050943822 15.15614374143131 8.14323196677144
   vertex -189.54936630973702 15.38613582092109 8.14323196677144
   vertex -189.40302254458371 16.18215504855359 8.14323196677144
  endloop
 endfacet
 facet normal 0.00000000000000 0.00000000000000 -1.00000000000000
  outer loop
   vertex -189.16576416702918 16.96030703405280 8.14323196677144
   vertex -188.83962784892563 17.70941668224273 8.14323196677144
   vertex -185.98084457209256 16.28456975000938 8.14323196677144
  endloop
 endfacet
 facet normal 0.00000000000000 0.00000000000000 -1.00000000000000
  outer loop
   vertex -179.91587881770440 21.13098115606629 8.14323196677144
   vertex -180.96162372887559 18.10864385260579 8.14323196677144
   vertex -181.57210096285007 18.31014681517525 8.14323196677144
  endloop
 endfacet
 facet normal 0.00000000000000 0.00000000000000 -1.00000000000000
  outer loop
   vertex -179.90331781098746 17.44358576217152 8.14323196677144
   vertex -180.40139296740153 17.81580711210458 8.14323196677144
   vertex -178.40554358087701 20.32318502835325 8.14323196677144
  endloop
 endfacet
 facet normal 0.00000000000000 0.00000000000000 -1.00000000000000
  outer loop
   vertex -189.54936630973702 15.38613582092109 8.14323196677144
   vertex -186.35537050943822 15.15614374143131 8.14323196677144
   vertex -186.41068248945064 14.49999976158143 8.14323196677144
  endloop
 endfacet
 facet normal -0.00000000000000 0.00000000000000 -1.00000000000000
  outer loop
   vertex -185.98084457209256 16.28456975000938 8.14323196677144
   vertex -186.21203695074843 15.73194935308442 8.14323196677144
   vertex -189.16576416702918 16.96030703405280 8.14323196677144
  endloop
 endfacet
 facet normal 0.00000000000000 0.00000000000000 -1.00000000000000
  outer loop
   vertex -187.90703461105124 19.11210941641901 8.14323196677144
   vertex -187.33609110379277 19.70862774113228 8.14323196677144
   vertex -185.22544186104358 17.30823256891052 8.14323196677144
  endloop
 endfacet
 facet normal 0.00000000000000 -0.00000000000000 -1.00000000000000
  outer loop
   vertex -182.49123920312269 21.61353582803855 8.14323196677144
   vertex -182.21814895652454 18.40991758577597 8.14323196677144
   vertex -182.87500439915766 18.40060996372332 8.14323196677144
  endloop
 endfacet
 facet normal 0.00000000000000 0.00000000000000 -1.00000000000000
  outer loop
   vertex -181.60790996308253 21.55847869280140 8.14323196677144
   vertex -180.74469265163890 21.39579344413068 8.14323196677144
   vertex -181.57210096285007 18.31014681517525 8.14323196677144
  endloop
 endfacet
 facet normal 0.00000000000000 -0.00000000000000 -1.00000000000000
  outer loop
   vertex -179.13277327516155 20.77081326379230 8.14323196677144
   vertex -178.40554358087701 20.32318502835325 8.14323196677144
   vertex -180.40139296740153 17.81580711210458 8.14323196677144
  endloop
 endfacet
 facet normal -0.00000000000000 0.00000000000000 -1.00000000000000
  outer loop
   vertex -186.21203695074843 15.73194935308442 8.14323196677144
   vertex -186.35537050943822 15.15614374143131 8.14323196677144
   vertex -189.40302254458371 16.18215504855359 8.14323196677144
  endloop
 endfacet
 facet normal 0.00000000000000 0.00000000000000 -1.00000000000000
  outer loop
   vertex -188.42801199317105 18.41881644626160 8.14323196677144
   vertex -185.62679383218509 16.85166573337820 8.14323196677144
   vertex -185.98084457209256 16.28456975000938 8.14323196677144
  endloop
 endfacet
 facet normal 0.00000000000000 0.00000000000000 -1.00000000000000
  outer loop
   vertex -185.62679383218509 16.85166573337820 8.14323196677144
   vertex -188.42801199317105 18.41881644626160 8.14323196677144
   vertex -187.90703461105124 19.11210941641901 8.14323196677144
  endloop
 endfacet
 facet normal 0.00000000000000 0.00000000000000 -1.00000000000000
  outer loop
   vertex -187.33609110379277 19.70862774113228 8.14323196677144
   vertex -186.62495748206175 20.28919388159084 8.14323196677144
   vertex -184.75541381336885 17.69930421865611 8.14323196677144
  endloop
 endfacet
 facet normal 0.00000000000000 0.00000000000000 -1.00000000000000
  outer loop
   vertex -182.87500439915766 18.40060996372332 8.14323196677144
   vertex -183.28245338874098 21.56939687033564 8.14323196677144
   vertex -182.49123920312269 21.61353582803855 8.14323196677144
  endloop
 endfacet
 facet normal 0.00000000000000 0.00000000000000 -1.00000000000000
  outer loop
   vertex -181.57210096285007 18.31014681517525 8.14323196677144
   vertex -180.74469265163890 21.39579344413068 8.14323196677144
   vertex -179.91587881770440 21.13098115606629 8.14323196677144
  endloop
 endfacet
 facet normal 0.00000000000000 0.00000000000000 -1.00000000000000
  outer loop
   vertex -185.98084457209256 16.28456975000938 8.14323196677144
   vertex -188.83962784892563 17.70941668224273 8.14323196677144
   vertex -188.42801199317105 18.41881644626160 8.14323196677144
  endloop
 endfacet
 facet normal -0.00000000000000 0.00000000000000 -1.00000000000000
  outer loop
   vertex -184.75541381336885 17.69930421865611 8.14323196677144
   vertex -185.22544186104358 17.30823256891052 8.14323196677144
   vertex -187.33609110379277 19.70862774113228 8.14323196677144
  endloop
 endfacet
 facet normal 0.00000000000000 0.00000000000000 -1.00000000000000
  outer loop
   vertex -185.02453258007012 21.14716607777214 8.14323196677144
   vertex -184.16412360378757 21.41403282129401 8.14323196677144
   vertex -183.53185882613758 18.27877555209052 8.14323196677144
  endloop
 endfacet
 facet normal 0.00000000000000 0.00000000000000 -1.00000000000000
  outer loop
   vertex -184.16412360378757 21.41403282129401 8.14323196677144
   vertex -183.28245338874098 21.56939687033564 8.14323196677144
   vertex -182.87500439915766 18.40060996372332 8.14323196677144
  endloop
 endfacet
 facet normal 0.00000000000000 0.00000000000000 -1.00000000000000
  outer loop
   vertex -181.57210096285007 18.31014681517525 8.14323196677144
   vertex -182.21814895652454 18.40991758577597 8.14323196677144
   vertex -181.60790996308253 21.55847869280140 8.14323196677144
  endloop
 endfacet
 facet normal -0.00000000000000 0.00000000000000 -1.00000000000000
  outer loop
   vertex -185.22544186104358 17.30823256891052 8.14323196677144
   vertex -185.62679383218509 16.85166573337820 8.14323196677144
   vertex -187.90703461105124 19.11210941641901 8.14323196677144
  endloop
 endfacet
 facet normal 0.00000000000000 0.00000000000000 -1.00000000000000
  outer loop
   vertex -185.84949740889525 20.77092450934774 8.14323196677144
   vertex -184.16562728103582 18.04379154994649 8.14323196677144
   vertex -184.75541381336885 17.69930421865611 8.14323196677144
  endloop
 endfacet
 facet normal 0.00000000000000 0.00000000000000 -1.00000000000000
  outer loop
   vertex -184.16562728103582 18.04379154994649 8.14323196677144
   vertex -185.84949740889525 20.77092450934774 8.14323196677144
   vertex -185.02453258007012 21.14716607777214 8.14323196677144
  endloop
 endfacet
 facet normal 0.00000000000000 0.00000000000000 -1.00000000000000
  outer loop
   vertex -182.49123920312269 21.61353582803855 8.14323196677144
   vertex -181.60790996308253 21.55847869280140 8.14323196677144
   vertex -182.21814895652454 18.40991758577597 8.14323196677144
  endloop
 endfacet
 facet normal 0.00000000000000 0.00000000000000 -1.00000000000000
  outer loop
   vertex -184.75541381336885 17.69930421865611 8.14323196677144
   vertex -186.62495748206175 20.28919388159084 8.14323196677144
   vertex -185.84949740889525 20.77092450934774 8.14323196677144
  endloop
 endfacet
 facet normal -0.00000000000000 0.00000000000000 -1.00000000000000
  outer loop
   vertex -182.87500439915766 18.40060996372332 8.14323196677144
   vertex -183.53185882613758 18.27877555209052 8.14323196677144
   vertex -184.16412360378757 21.41403282129401 8.14323196677144
  endloop
 endfacet
 facet normal -0.00000000000000 0.00000000000000 -1.00000000000000
  outer loop
   vertex -183.53185882613758 18.27877555209052 8.14323196677144
   vertex -184.16562728103582 18.04379154994649 8.14323196677144
   vertex -185.02453258007012 21.14716607777214 8.14323196677144
  endloop
 endfacet
 facet normal 0.00000000000000 0.00000000000000 -1.00000000000000
  outer loop
   vertex -186.41068248945064 14.49999976158143 8.14323196677144
   vertex -189.60477526957982 14.49999976158143 8.14323196677144
   vertex -189.54936630973702 15.38613582092109 8.14323196677144
  endloop
 endfacet
 facet normal -0.99907034454787 -0.04310970476579 -0.00000000000000
  outer loop
   vertex -178.58636406920101 14.83761768649320 9.74323196677144
   vertex -178.58636406920101 14.83761768649320 8.14323196677144
   vertex -178.57179591679471 14.49999976210562 8.14323196677144
  endloop
 endfacet
 facet normal -0.98738761657900 -0.15832149135996 -0.00000000000000
  outer loop
   vertex -178.67656485637048 15.40016380383814 9.74323196677144
   vertex -178.67656485637048 15.40016380383814 8.14323196677144
   vertex -178.58636406920101 14.83761768649320 8.14323196677144
  endloop
 endfacet
 facet normal -0.95358713337808 -0.30111721813238 0.00000000000000
  outer loop
   vertex -178.85138103416736 15.95377697444120 8.14323196677145
   vertex -178.67656485637048 15.40016380383814 8.14323196677144
   vertex -178.67656485637048 15.40016380383814 9.74323196677144
  endloop
 endfacet
 facet normal -0.89817892007802 -0.43963010307244 -0.00000000000000
  outer loop
   vertex -179.11026968379278 16.48269509473358 9.74323196677144
   vertex -179.11026968379278 16.48269509473358 8.14323196677144
   vertex -178.85138103416736 15.95377697444120 8.14323196677145
  endloop
 endfacet
 facet normal -0.81856517468136 -0.57441366174462 -0.00000000000000
  outer loop
   vertex -179.47687166095025 17.00511931869616 9.74323196677144
   vertex -179.47687166095025 17.00511931869616 8.14323196677144
   vertex -179.11026968379278 16.48269509473358 8.14323196677144
  endloop
 endfacet
 facet normal -0.71686471077877 -0.69721229653534 -0.00000000000000
  outer loop
   vertex -179.90331781098746 17.44358576217152 9.74323196677144
   vertex -179.90331781098746 17.44358576217152 8.14323196677144
   vertex -179.47687166095025 17.00511931869616 8.14323196677144
  endloop
 endfacet
 facet normal -0.59862500818281 -0.80102939994617 -0.00000000000000
  outer loop
   vertex -180.40139296740153 17.81580711210458 9.74323196677144
   vertex -180.40139296740153 17.81580711210458 8.14323196677144
   vertex -179.90331781098746 17.44358576217152 8.14323196677144
  endloop
 endfacet
 facet normal -0.46324034690779 -0.88623269009711 -0.00000000000000
  outer loop
   vertex -180.96162372887559 18.10864385260579 9.74323196677144
   vertex -180.96162372887559 18.10864385260579 8.14323196677144
   vertex -180.40139296740153 17.81580711210458 8.14323196677144
  endloop
 endfacet
 facet normal -0.31344124435569 -0.94960759597676 0.00000000000000
  outer loop
   vertex -181.57210096285007 18.31014681517525 8.14323196677144
   vertex -180.96162372887559 18.10864385260579 8.14323196677144
   vertex -180.96162372887559 18.10864385260579 9.74323196677144
  endloop
 endfacet
 facet normal -0.15262318373100 -0.98828445489536 0.00000000000000
  outer loop
   vertex -182.21814895652454 18.40991758577597 8.14323196677144
   vertex -181.57210096285007 18.31014681517525 8.14323196677144
   vertex -181.57210096285007 18.31014681517525 9.74323196677144
  endloop
 endfacet
 facet normal 0.01416854784116 -0.99989962108807 0.00000000000000
  outer loop
   vertex -182.87500439915766 18.40060996372332 9.74323196677144
   vertex -182.87500439915766 18.40060996372332 8.14323196677144
   vertex -182.21814895652454 18.40991758577597 8.14323196677144
  endloop
 endfacet
 facet normal 0.18237103556331 -0.98322978259793 0.00000000000000
  outer loop
   vertex -183.53185882613758 18.27877555209052 9.74323196677144
   vertex -183.53185882613758 18.27877555209052 8.14323196677144
   vertex -182.87500439915766 18.40060996372332 8.14323196677144
  endloop
 endfacet
 facet normal 0.34764601317049 -0.93762585796610 0.00000000000000
  outer loop
   vertex -184.16562728103582 18.04379154994649 8.14323196677144
   vertex -183.53185882613758 18.27877555209052 8.14323196677144
   vertex -183.53185882613758 18.27877555209052 9.74323196677144
  endloop
 endfacet
 facet normal 0.50435725554845 -0.86349508323767 0.00000000000000
  outer loop
   vertex -184.75541381336885 17.69930421865611 9.74323196677144
   vertex -184.75541381336885 17.69930421865611 8.14323196677144
   vertex -184.16562728103582 18.04379154994649 8.14323196677144
  endloop
 endfacet
 facet normal 0.63958733797331 -0.76871843811906 0.00000000000000
  outer loop
   vertex -185.22544186104358 17.30823256891052 9.74323196677144
   vertex -185.22544186104358 17.30823256891052 8.14323196677144
   vertex -184.75541381336885 17.69930421865611 8.14323196677144
  endloop
 endfacet
 facet normal 0.75106164703083 -0.66023208219484 0.00000000000000
  outer loop
   vertex -185.62679383218509 16.85166573337820 8.14323196677144
   vertex -185.22544186104358 17.30823256891052 8.14323196677144
   vertex -185.22544186104358 17.30823256891052 9.74323196677144
  endloop
 endfacet
 facet normal 0.84825652097743 -0.52958556874151 0.00000000000000
  outer loop
   vertex -185.98084457209256 16.28456975000938 9.74323196677144
   vertex -185.98084457209256 16.28456975000938 8.14323196677144
   vertex -185.62679383218509 16.85166573337820 8.14323196677144
  endloop
 endfacet
 facet normal 0.92252248255400 -0.38594334970616 0.00000000000000
  outer loop
   vertex -186.21203695074843 15.73194935308442 8.14323196677145
   vertex -185.98084457209256 16.28456975000938 8.14323196677144
   vertex -185.98084457209256 16.28456975000938 9.74323196677144
  endloop
 endfacet
 facet normal 0.97038700126346 -0.24155551697054 0.00000000000000
  outer loop
   vertex -186.35537050943822 15.15614374143131 9.74323196677144
   vertex -186.35537050943822 15.15614374143131 8.14323196677144
   vertex -186.21203695074843 15.73194935308442 8.14323196677145
  endloop
 endfacet
 facet normal 0.99646570357919 -0.08400060470271 0.00000000000000
  outer loop
   vertex -186.41068248945064 14.49999976158143 8.14323196677145
   vertex -186.35537050943822 15.15614374143131 8.14323196677144
   vertex -186.35537050943822 15.15614374143131 9.74323196677144
  endloop
 endfacet
 facet normal 0.99646570357919 -0.08400060470271 0.00000000000000
  outer loop
   vertex -186.35537050943822 15.15614374143131 9.74323196677144
   vertex -186.41068248945064 14.49999976158143 9.74323196677144
   vertex -186.41068248945064 14.49999976158143 8.14323196677145
  endloop
 endfacet
 facet normal 0.97038700126346 -0.24155551697054 0.00000000000000
  outer loop
   vertex -186.21203695074843 15.73194935308442 8.14323196677145
   vertex -186.21203695074843 15.73194935308442 9.74323196677144
   vertex -186.35537050943822 15.15614374143131 9.74323196677144
  endloop
 endfacet
 facet normal 0.92252248255400 -0.38594334970616 0.00000000000000
  outer loop
   vertex -185.98084457209256 16.28456975000938 9.74323196677144
   vertex -186.21203695074843 15.73194935308442 9.74323196677144
   vertex -186.21203695074843 15.73194935308442 8.14323196677145
  endloop
 endfacet
 facet normal 0.84825652097743 -0.52958556874151 0.00000000000000
  outer loop
   vertex -185.62679383218509 16.85166573337820 8.14323196677144
   vertex -185.62679383218509 16.85166573337820 9.74323196677144
   vertex -185.98084457209256 16.28456975000938 9.74323196677144
  endloop
 endfacet
 facet normal 0.75106164703083 -0.66023208219484 0.00000000000000
  outer loop
   vertex -185.22544186104358 17.30823256891052 9.74323196677144
   vertex -185.62679383218509 16.85166573337820 9.74323196677144
   vertex -185.62679383218509 16.85166573337820 8.14323196677144
  endloop
 endfacet
 facet normal 0.63958733797331 -0.76871843811906 0.00000000000000
  outer loop
   vertex -184.75541381336885 17.69930421865611 8.14323196677144
   vertex -184.75541381336885 17.69930421865611 9.74323196677144
   vertex -185.22544186104358 17.30823256891052 9.74323196677144
  endloop
 endfacet
 facet normal 0.50435725554845 -0.86349508323767 0.00000000000000
  outer loop
   vertex -184.16562728103582 18.04379154994649 8.14323196677144
   vertex -184.16562728103582 18.04379154994649 9.74323196677144
   vertex -184.75541381336885 17.69930421865611 9.74323196677144
  endloop
 endfacet
 facet normal 0.34764601317049 -0.93762585796610 0.00000000000000
  outer loop
   vertex -183.53185882613758 18.27877555209052 9.74323196677144
   vertex -184.16562728103582 18.04379154994649 9.74323196677144
   vertex -184.16562728103582 18.04379154994649 8.14323196677144
  endloop
 endfacet
 facet normal 0.18237103556331 -0.98322978259793 0.00000000000000
  outer loop
   vertex -182.87500439915766 18.40060996372332 8.14323196677144
   vertex -182.87500439915766 18.40060996372332 9.74323196677144
   vertex -183.53185882613758 18.27877555209052 9.74323196677144
  endloop
 endfacet
 facet normal 0.01416854784116 -0.99989962108807 0.00000000000000
  outer loop
   vertex -182.21814895652454 18.40991758577597 8.14323196677144
   vertex -182.21814895652454 18.40991758577597 9.74323196677144
   vertex -182.87500439915766 18.40060996372332 9.74323196677144
  endloop
 endfacet
 facet normal -0.15262318373100 -0.98828445489536 0.00000000000000
  outer loop
   vertex -181.57210096285007 18.31014681517525 9.74323196677144
   vertex -182.21814895652454 18.40991758577597 9.74323196677144
   vertex -182.21814895652454 18.40991758577597 8.14323196677144
  endloop
 endfacet
 facet normal -0.31344124435569 -0.94960759597676 0.00000000000000
  outer loop
   vertex -180.96162372887559 18.10864385260579 9.74323196677144
   vertex -181.57210096285007 18.31014681517525 9.74323196677144
   vertex -181.57210096285007 18.31014681517525 8.14323196677144
  endloop
 endfacet
 facet normal -0.46324034690779 -0.88623269009711 0.00000000000000
  outer loop
   vertex -180.40139296740153 17.81580711210458 8.14323196677144
   vertex -180.40139296740153 17.81580711210458 9.74323196677144
   vertex -180.96162372887559 18.10864385260579 9.74323196677144
  endloop
 endfacet
 facet normal -0.59862500818281 -0.80102939994617 0.00000000000000
  outer loop
   vertex -179.90331781098746 17.44358576217152 8.14323196677144
   vertex -179.90331781098746 17.44358576217152 9.74323196677144
   vertex -180.40139296740153 17.81580711210458 9.74323196677144
  endloop
 endfacet
 facet normal -0.71686471077877 -0.69721229653534 0.00000000000000
  outer loop
   vertex -179.47687166095025 17.00511931869616 8.14323196677144
   vertex -179.47687166095025 17.00511931869616 9.74323196677144
   vertex -179.90331781098746 17.44358576217152 9.74323196677144
  endloop
 endfacet
 facet normal -0.81856517468136 -0.57441366174462 0.00000000000000
  outer loop
   vertex -179.11026968379278 16.48269509473358 8.14323196677144
   vertex -179.11026968379278 16.48269509473358 9.74323196677144
   vertex -179.47687166095025 17.00511931869616 9.74323196677144
  endloop
 endfacet
 facet normal -0.89817892007802 -0.43963010307244 0.00000000000000
  outer loop
   vertex -178.85138103416736 15.95377697444120 8.14323196677145
   vertex -178.85138103416736 15.95377697444120 9.74323196677144
   vertex -179.11026968379278 16.48269509473358 9.74323196677144
  endloop
 endfacet
 facet normal -0.95358713337808 -0.30111721813238 0.00000000000000
  outer loop
   vertex -178.67656485637048 15.40016380383814 9.74323196677144
   vertex -178.85138103416736 15.95377697444120 9.74323196677144
   vertex -178.85138103416736 15.95377697444120 8.14323196677145
  endloop
 endfacet
 facet normal -0.98738761657900 -0.15832149135996 0.00000000000000
  outer loop
   vertex -178.58636406920101 14.83761768649320 8.14323196677144
   vertex -178.58636406920101 14.83761768649320 9.74323196677144
   vertex -178.67656485637048 15.40016380383814 9.74323196677144
  endloop
 endfacet
 facet normal -0.99907034454787 -0.04310970476579 0.00000000000000
  outer loop
   vertex -178.57179591679471 14.49999976210562 8.14323196677144
   vertex -178.57179591679471 14.49999976210562 9.74323196677144
   vertex -178.58636406920101 14.83761768649320 9.74323196677144
  endloop
 endfacet
 facet normal 0.00000000000000 1.00000000000000 0.00000000000000
  outer loop
   vertex -151.34123839249949 14.49999976158143 15.50000000000001
   vertex -151.34123839249949 14.49999976158143 1.99999940395355
   vertex -175.37770313666559 14.49999976158143 8.14323196677144
  endloop
 endfacet
 facet normal 0.00000000000000 1.00000000000000 0.00000000000000
  outer loop
   vertex -151.34123839249949 14.49999976158143 1.99999940395355
   vertex -186.41068248945064 14.49999976158143 8.14323196677144
   vertex -178.57179591679471 14.49999976158143 8.14323196677144
  endloop
 endfacet
 facet normal -0.00000000000000 1.00000000000000 0.00000000000000
  outer loop
   vertex -178.57179591679471 14.49999976158143 8.14323196677144
   vertex -175.37770313666559 14.49999976158143 8.14323196677144
   vertex -151.34123839249949 14.49999976158143 1.99999940395355
  endloop
 endfacet
 facet normal 0.00000000000000 1.00000000000000 0.00000000000000
  outer loop
   vertex -178.57179591679471 14.49999976158143 9.74323196677144
   vertex -178.57179591679471 14.49999976158143 8.14323196677144
   vertex -186.41068248945064 14.49999976158143 8.14323196677144
  endloop
 endfacet
 facet normal 0.00000000000000 1.00000000000000 0.00000000000000
  outer loop
   vertex -186.41068248945064 14.49999976158143 8.14323196677144
   vertex -186.41068248945064 14.49999976158143 9.74323196677144
   vertex -178.57179591679471 14.49999976158143 9.74323196677144
  endloop
 endfacet
 facet normal 0.00000000000000 1.00000000000000 0.00000000000000
  outer loop
   vertex -151.34123839249949 14.49999976158143 15.50000000000001
   vertex -175.37770313666559 14.49999976158143 9.74323196677144
   vertex -178.57179591679471 14.49999976158143 9.74323196677144
  endloop
 endfacet
 facet normal -0.00000000000000 1.00000000000000 0.00000000000000
  outer loop
   vertex -213.64124001374589 14.49999976158143 15.50000000000001
   vertex -151.34123839249949 14.49999976158143 15.50000000000001
   vertex -186.41068248945064 14.49999976158143 9.74323196677144
  endloop
 endfacet
 facet normal 0.00000000000000 1.00000000000000 -0.00000000000000
  outer loop
   vertex -178.57179591679471 14.49999976158143 9.74323196677144
   vertex -186.41068248945064 14.49999976158143 9.74323196677144
   vertex -151.34123839249949 14.49999976158143 15.50000000000001
  endloop
 endfacet
 facet normal 0.00000000000000 1.00000000000000 0.00000000000000
  outer loop
   vertex -175.37770313666559 14.49999976158143 8.14323196677144
   vertex -175.37770313666559 14.49999976158143 9.74323196677144
   vertex -151.34123839249949 14.49999976158143 15.50000000000001
  endloop
 endfacet
 facet normal 0.00000000000000 1.00000000000000 0.00000000000000
  outer loop
   vertex -213.64124001374589 14.49999976158143 1.99999940395355
   vertex -189.60477526957982 14.49999976158143 8.14323196677144
   vertex -186.41068248945064 14.49999976158143 8.14323196677144
  endloop
 endfacet
 facet normal 0.00000000000000 1.00000000000000 0.00000000000000
  outer loop
   vertex -186.41068248945064 14.49999976158143 8.14323196677144
   vertex -151.34123839249949 14.49999976158143 1.99999940395355
   vertex -213.64124001374589 14.49999976158143 1.99999940395355
  endloop
 endfacet
 facet normal 0.00000000000000 1.00000000000000 0.00000000000000
  outer loop
   vertex -213.64124001374589 14.49999976158143 15.50000000000001
   vertex -189.60477526957982 14.49999976158143 9.74323196677144
   vertex -189.60477526957982 14.49999976158143 8.14323196677144
  endloop
 endfacet
 facet normal 0.00000000000000 1.00000000000000 0.00000000000000
  outer loop
   vertex -189.60477526957982 14.49999976158143 8.14323196677144
   vertex -213.64124001374589 14.49999976158143 1.99999940395355
   vertex -213.64124001374589 14.49999976158143 15.50000000000001
  endloop
 endfacet
 facet normal 0.00000000000000 1.00000000000000 0.00000000000000
  outer loop
   vertex -186.41068248945064 14.49999976158143 9.74323196677144
   vertex -189.60477526957982 14.49999976158143 9.74323196677144
   vertex -213.64124001374589 14.49999976158143 15.50000000000001
  endloop
 endfacet
 facet normal -0.07845865335024 0.99691736854890 0.00000000000000
  outer loop
   vertex -213.64124001374589 14.49999976158143 15.50000000000001
   vertex -213.64124001374589 14.49999976158143 1.99999940395355
   vertex -214.18875898232801 14.45690932869912 1.99999940395355
  endloop
 endfacet
 facet normal -0.07845865335024 0.99691736854890 0.00000000000000
  outer loop
   vertex -214.18875898232801 14.45690932869912 1.99999940395355
   vertex -214.18875898232801 14.45690932869912 15.50000000000001
   vertex -213.64124001374589 14.49999976158143 15.50000000000001
  endloop
 endfacet
 facet normal -0.23344551095454 0.97236988508241 0.00000000000000
  outer loop
   vertex -214.72279776444776 14.32869787514211 15.50000000000001
   vertex -214.18875898232801 14.45690932869912 15.50000000000001
   vertex -214.18875898232801 14.45690932869912 1.99999940395355
  endloop
 endfacet
 facet normal -0.23344551095454 0.97236988508241 0.00000000000000
  outer loop
   vertex -214.18875898232801 14.45690932869912 1.99999940395355
   vertex -214.72279776444776 14.32869787514211 1.99999940395355
   vertex -214.72279776444776 14.32869787514211 15.50000000000001
  endloop
 endfacet
 facet normal -0.05556644801882 0.70601429512956 -0.70601429512956
  outer loop
   vertex -214.18875891438643 14.45690846544922 2.00000026720345
   vertex -213.64124001374589 14.49999976158143 1.99999940395355
   vertex -213.64124001374589 12.50000035762788 -0.00000000000000
  endloop
 endfacet
 facet normal -0.05556644801883 0.70601429512956 -0.70601429512956
  outer loop
   vertex -213.64124001374589 12.50000035762788 -0.00000000000000
   vertex -213.87589038720472 12.48153233528138 -0.00000000000000
   vertex -214.18875891438643 14.45690846544922 2.00000026720345
  endloop
 endfacet
 facet normal -0.16532322304983 0.68863024367214 -0.70601460283797
  outer loop
   vertex -214.18875898232801 14.45690932869913 1.99999940395355
   vertex -213.87589038720472 12.48153233528139 -0.00000000000000
   vertex -214.10476483216624 12.42658519744874 -0.00000000000000
  endloop
 endfacet
 facet normal -0.16532322304981 0.68863024367214 -0.70601460283798
  outer loop
   vertex -214.10476483216624 12.42658519744874 -0.00000000000000
   vertex -214.72279797470765 14.32869875094956 1.99999850603649
   vertex -214.18875898232801 14.45690932869913 1.99999940395355
  endloop
 endfacet
 facet normal -0.27101502343709 0.65428936605992 -0.70601436425352
  outer loop
   vertex -214.72279776444776 14.32869787514210 1.99999940395356
   vertex -214.10476483216624 12.42658519744874 -0.00000000000000
   vertex -214.32222498765333 12.33651041984558 0.00000000000001
  endloop
 endfacet
 facet normal -0.27101502343707 0.65428936605992 -0.70601436425352
  outer loop
   vertex -214.32222498765333 12.33651041984558 0.00000000000001
   vertex -215.23020486384726 14.11852294512875 1.99999901474868
   vertex -214.72279776444776 14.32869787514210 1.99999940395356
  endloop
 endfacet
 facet normal -0.38268413230611 0.92387924258591 0.00000000000000
  outer loop
   vertex -214.72279776444776 14.32869787514210 15.50000000000001
   vertex -214.72279776444776 14.32869787514210 1.99999940395355
   vertex -215.23020471444471 14.11852258443833 1.99999940395355
  endloop
 endfacet
 facet normal -0.38268413230611 0.92387924258591 0.00000000000000
  outer loop
   vertex -215.23020471444471 14.11852258443833 1.99999940395355
   vertex -215.23020471444471 14.11852258443833 15.50000000000001
   vertex -214.72279776444776 14.32869787514210 15.50000000000001
  endloop
 endfacet
 facet normal -0.37003318884365 0.60383724130728 -0.70601418198547
  outer loop
   vertex -215.69848795786987 13.83155871941113 2.00000064080372
   vertex -215.23020471444471 14.11852258443833 1.99999940395355
   vertex -214.32222498765333 12.33651041984558 0.00000000000001
  endloop
 endfacet
 facet normal -0.37003318884366 0.60383724130727 -0.70601418198547
  outer loop
   vertex -214.32222498765333 12.33651041984558 0.00000000000001
   vertex -214.52291740289073 12.21352553367616 0.00000000000000
   vertex -215.69848795786987 13.83155871941113 2.00000064080372
  endloop
 endfacet
 facet normal -0.52249600902997 0.85264173047521 0.00000000000000
  outer loop
   vertex -215.23020471444471 14.11852258443834 15.50000000000001
   vertex -215.23020471444471 14.11852258443834 1.99999940395355
   vertex -215.69848860612257 13.83155977725984 1.99999940395355
  endloop
 endfacet
 facet normal -0.52249600902997 0.85264173047521 0.00000000000000
  outer loop
   vertex -215.69848860612257 13.83155977725984 1.99999940395355
   vertex -215.69848860612257 13.83155977725984 15.50000000000001
   vertex -215.23020471444471 14.11852258443834 15.50000000000001
  endloop
 endfacet
 facet normal -0.45993810155425 0.53851679535777 -0.70601459181540
  outer loop
   vertex -216.11611236443861 13.47487437725069 1.99999940395355
   vertex -215.69848860612257 13.83155977725984 1.99999940395355
   vertex -214.52291732942797 12.21352544766253 0.00000011276691
  endloop
 endfacet
 facet normal -0.45993810155428 0.53851679535775 -0.70601459181540
  outer loop
   vertex -214.52291732942797 12.21352544766253 0.00000011276691
   vertex -214.70189894547804 12.06066012382508 -0.00000000000000
   vertex -216.11611236443861 13.47487437725069 1.99999940395355
  endloop
 endfacet
 facet normal -0.64944911613439 0.76040505360779 0.00000000000000
  outer loop
   vertex -216.11611236443861 13.47487437725068 15.50000000000001
   vertex -215.69848860612257 13.83155977725983 15.50000000000001
   vertex -215.69848860612257 13.83155977725983 1.99999940395355
  endloop
 endfacet
 facet normal -0.64944911613439 0.76040505360779 0.00000000000000
  outer loop
   vertex -215.69848860612257 13.83155977725983 1.99999940395355
   vertex -216.11611236443861 13.47487437725068 1.99999940395355
   vertex -216.11611236443861 13.47487437725068 15.50000000000001
  endloop
 endfacet
 facet normal -0.53851807658496 0.45993714965718 -0.70601423466985
  outer loop
   vertex -216.11611236443861 13.47487437725068 1.99999940395355
   vertex -214.70189954563594 12.06066063640756 -0.00000078682604
   vertex -214.85476626267771 11.88167762756349 -0.00000000000000
  endloop
 endfacet
 facet normal -0.53851807658499 0.45993714965716 -0.70601423466985
  outer loop
   vertex -214.85476626267771 11.88167762756349 -0.00000000000000
   vertex -216.47279770484312 13.05724883079530 1.99999940395355
   vertex -216.11611236443861 13.47487437725068 1.99999940395355
  endloop
 endfacet
 facet normal -0.76040648045394 0.64944744551322 0.00000000000000
  outer loop
   vertex -216.11611236443861 13.47487437725068 15.50000000000001
   vertex -216.11611236443861 13.47487437725068 1.99999940395355
   vertex -216.47279770484312 13.05724883079530 1.99999940395355
  endloop
 endfacet
 facet normal -0.76040648045394 0.64944744551322 0.00000000000000
  outer loop
   vertex -216.47279770484312 13.05724883079530 1.99999940395355
   vertex -216.47279770484312 13.05724883079530 15.50000000000001
   vertex -216.11611236443861 13.47487437725068 15.50000000000001
  endloop
 endfacet
 facet normal -0.60383569145577 0.37003484727664 -0.70601463832210
  outer loop
   vertex -216.75976426711424 12.58896684646608 1.99999940395355
   vertex -216.47279770484312 13.05724883079530 1.99999940395354
   vertex -214.85476541096818 11.88167710562976 0.00000099583284
  endloop
 endfacet
 facet normal -0.60383569145575 0.37003484727668 -0.70601463832209
  outer loop
   vertex -214.85476541096818 11.88167710562976 0.00000099583284
   vertex -214.97774924149854 11.68098592758180 -0.00000000000001
   vertex -216.75976426711424 12.58896684646608 1.99999940395355
  endloop
 endfacet
 facet normal -0.85263773637063 0.52250252680420 0.00000000000000
  outer loop
   vertex -216.75976426711424 12.58896684646608 1.99999940395355
   vertex -216.75976426711424 12.58896684646608 15.50000000000001
   vertex -216.47279770484312 13.05724883079530 15.50000000000001
  endloop
 endfacet
 facet normal -0.85263773637063 0.52250252680420 0.00000000000000
  outer loop
   vertex -216.47279770484312 13.05724883079530 15.50000000000001
   vertex -216.47279770484312 13.05724883079530 1.99999940395355
   vertex -216.75976426711424 12.58896684646608 1.99999940395355
  endloop
 endfacet
 facet normal -0.65428941745962 0.27101372933659 -0.70601481337959
  outer loop
   vertex -216.96993769517289 12.08155989646913 1.99999940395356
   vertex -216.75976426711424 12.58896684646608 1.99999940395355
   vertex -214.97774902039197 11.68098583599708 0.00000023858633
  endloop
 endfacet
 facet normal -0.65428941745964 0.27101372933652 -0.70601481337960
  outer loop
   vertex -214.97774902039197 11.68098583599708 0.00000023858633
   vertex -215.06782306542738 11.46352577209474 -0.00000000000000
   vertex -216.96993769517289 12.08155989646913 1.99999940395356
  endloop
 endfacet
 facet normal -0.92388044165307 0.38268123749528 0.00000000000000
  outer loop
   vertex -216.96993769517286 12.08155989646911 15.50000000000001
   vertex -216.75976426711424 12.58896684646607 15.50000000000001
   vertex -216.75976426711424 12.58896684646607 1.99999940395355
  endloop
 endfacet
 facet normal -0.92388044165307 0.38268123749528 0.00000000000000
  outer loop
   vertex -216.75976426711424 12.58896684646607 1.99999940395355
   vertex -216.96993769517286 12.08155989646911 1.99999940395355
   vertex -216.96993769517286 12.08155989646911 15.50000000000001
  endloop
 endfacet
 facet normal -0.68863037748455 0.16532316102631 -0.70601448684411
  outer loop
   vertex -216.96993769517289 12.08155989646913 1.99999940395356
   vertex -215.06782355965288 11.46352589074608 -0.00000050670196
   vertex -215.12277115693433 11.23465156555177 -0.00000000000002
  endloop
 endfacet
 facet normal -0.68863037748455 0.16532316102629 -0.70601448684411
  outer loop
   vertex -215.12277115693433 11.23465156555177 -0.00000000000002
   vertex -217.09814728608475 11.54752087593080 1.99999940395355
   vertex -216.96993769517289 12.08155989646913 1.99999940395356
  endloop
 endfacet
 facet normal 0.00000000000000 0.70710678118655 -0.70710678118655
  outer loop
   vertex -213.64124001374589 14.49999976158143 1.99999940395355
   vertex -151.34123839249949 14.49999976158143 1.99999940395355
   vertex -151.34123839249949 12.50000035762788 -0.00000000000000
  endloop
 endfacet
 facet normal -0.00000000000000 0.70710678118655 -0.70710678118655
  outer loop
   vertex -151.34123839249949 12.50000035762788 -0.00000000000000
   vertex -213.64124001374589 12.50000035762788 0.00000000000000
   vertex -213.64124001374589 14.49999976158143 1.99999940395355
  endloop
 endfacet
 facet normal -0.97237067858418 0.23344220575924 0.00000000000000
  outer loop
   vertex -216.96993769517289 12.08155989646913 15.50000000000001
   vertex -216.96993769517289 12.08155989646913 1.99999940395355
   vertex -217.09814728608475 11.54752087593080 1.99999940395355
  endloop
 endfacet
 facet normal -0.97237067858418 0.23344220575924 0.00000000000000
  outer loop
   vertex -217.09814728608475 11.54752087593080 1.99999940395355
   vertex -217.09814728608475 11.54752087593080 15.50000000000001
   vertex -216.96993769517289 12.08155989646913 15.50000000000001
  endloop
 endfacet
 facet normal -0.70601405409864 0.05556883016797 -0.70601434867074
  outer loop
   vertex -217.09814728608475 11.54752087593080 1.99999940395356
   vertex -215.12277173188411 11.23465161080482 -0.00000057495003
   vertex -215.14124120583875 11.00000023841859 0.00000000000000
  endloop
 endfacet
 facet normal -0.70601405409863 0.05556883016800 -0.70601434867074
  outer loop
   vertex -215.14124120583875 11.00000023841859 0.00000000000000
   vertex -217.14124144425733 11.00000023841859 1.99999940395355
   vertex -217.09814728608475 11.54752087593080 1.99999940395356
  endloop
 endfacet
 facet normal 0.05556659444796 0.70601400356212 -0.70601457517224
  outer loop
   vertex -150.79372252335884 14.45690932869912 1.99999940395355
   vertex -151.10658873429637 12.48153233528138 0.00000000000000
   vertex -151.34123839249949 12.50000035762788 -0.00000000000000
  endloop
 endfacet
 facet normal 0.05556659444796 0.70601400356212 -0.70601457517224
  outer loop
   vertex -151.34123839249949 12.50000035762788 -0.00000000000000
   vertex -151.34123832897467 14.50000056871069 1.99999859682364
   vertex -150.79372252335884 14.45690932869912 1.99999940395355
  endloop
 endfacet
 facet normal -0.99691685669303 0.07846515686138 0.00000000000000
  outer loop
   vertex -217.09814728608475 11.54752087593080 1.99999940395355
   vertex -217.14124144425733 11.00000023841859 1.99999940395355
   vertex -217.14124144425733 11.00000023841859 15.50000000000001
  endloop
 endfacet
 facet normal -0.99691685669303 0.07846515686138 0.00000000000000
  outer loop
   vertex -217.14124144425733 11.00000023841859 15.50000000000001
   vertex -217.09814728608475 11.54752087593080 15.50000000000001
   vertex -217.09814728608475 11.54752087593080 1.99999940395355
  endloop
 endfacet
 facet normal -0.70710663367255 0.00000000000000 -0.70710692870052
  outer loop
   vertex -215.14124120583875 6.50000023841858 0.00000000000000
   vertex -217.14124144425733 6.50000023841858 1.99999940395355
   vertex -217.14124144425733 11.00000023841859 1.99999940395355
  endloop
 endfacet
 facet normal -0.70710663367255 0.00000000000000 -0.70710692870052
  outer loop
   vertex -217.14124144425733 11.00000023841859 1.99999940395355
   vertex -215.14124120583875 11.00000023841859 0.00000000000000
   vertex -215.14124120583875 6.50000023841858 0.00000000000000
  endloop
 endfacet
 facet normal 0.07845909476402 0.99691733380898 0.00000000000000
  outer loop
   vertex -150.79372252335884 14.45690932869912 15.50000000000001
   vertex -150.79372252335884 14.45690932869912 1.99999940395355
   vertex -151.34123839249949 14.49999976158144 1.99999940395355
  endloop
 endfacet
 facet normal 0.07845909476402 0.99691733380898 -0.00000000000000
  outer loop
   vertex -151.34123839249949 14.49999976158144 1.99999940395355
   vertex -151.34123839249949 14.49999976158144 15.50000000000001
   vertex -150.79372252335884 14.45690932869912 15.50000000000001
  endloop
 endfacet
 facet normal 0.16532344476990 0.68863044986817 -0.70601434980019
  outer loop
   vertex -150.79372262066786 14.45690892337279 1.99999981951201
   vertex -150.25968016496043 14.32869787514211 1.99999940395355
   vertex -150.87771452775340 12.42658519744874 -0.00000000000000
  endloop
 endfacet
 facet normal 0.16532344476989 0.68863044986817 -0.70601434980019
  outer loop
   vertex -150.87771452775340 12.42658519744874 -0.00000000000000
   vertex -151.10658873429637 12.48153233528138 0.00000000000000
   vertex -150.79372262066786 14.45690892337279 1.99999981951201
  endloop
 endfacet
 facet normal 0.23344403285251 0.97237023994236 0.00000000000000
  outer loop
   vertex -150.25968016496043 14.32869787514211 15.50000000000001
   vertex -150.25968016496043 14.32869787514211 1.99999940395355
   vertex -150.79372252335884 14.45690932869912 1.99999940395355
  endloop
 endfacet
 facet normal 0.23344403285251 0.97237023994236 -0.00000000000000
  outer loop
   vertex -150.79372252335884 14.45690932869912 1.99999940395355
   vertex -150.79372252335884 14.45690932869912 15.50000000000001
   vertex -150.25968016496043 14.32869787514211 15.50000000000001
  endloop
 endfacet
 facet normal 0.27101452154358 0.65428958907415 -0.70601435023779
  outer loop
   vertex -150.25968030852556 14.32869752854377 1.99999977795217
   vertex -149.75227202287059 14.11852258443833 1.99999940395355
   vertex -150.66025389542918 12.33651041984560 -0.00000000000000
  endloop
 endfacet
 facet normal 0.27101452154357 0.65428958907415 -0.70601435023779
  outer loop
   vertex -150.66025389542918 12.33651041984560 -0.00000000000000
   vertex -150.87771452775340 12.42658519744874 -0.00000000000000
   vertex -150.25968030852556 14.32869752854377 1.99999977795217
  endloop
 endfacet
 facet normal 0.38268336490263 0.92387956045515 0.00000000000000
  outer loop
   vertex -149.75227202287059 14.11852258443834 15.50000000000001
   vertex -149.75227202287059 14.11852258443834 1.99999940395355
   vertex -150.25968016496043 14.32869787514211 1.99999940395355
  endloop
 endfacet
 facet normal 0.38268336490263 0.92387956045515 -0.00000000000000
  outer loop
   vertex -150.25968016496043 14.32869787514211 1.99999940395355
   vertex -150.25968016496043 14.32869787514211 15.50000000000001
   vertex -149.75227202287059 14.11852258443834 15.50000000000001
  endloop
 endfacet
 facet normal 0.37003432359141 0.60383550629712 -0.70601507115581
  outer loop
   vertex -149.28398741593699 13.83155977725984 1.99999940395355
   vertex -150.45956267228465 12.21352553367616 -0.00000000000000
   vertex -150.66025389542918 12.33651041984560 -0.00000000000000
  endloop
 endfacet
 facet normal 0.37003432359140 0.60383550629714 -0.70601507115581
  outer loop
   vertex -150.66025389542918 12.33651041984560 -0.00000000000000
   vertex -149.75227089581492 14.11852442360889 1.99999725356306
   vertex -149.28398741593699 13.83155977725984 1.99999940395355
  endloop
 endfacet
 facet normal 0.52249542884311 0.85264208601151 0.00000000000000
  outer loop
   vertex -149.28398741593699 13.83155977725983 15.50000000000001
   vertex -149.28398741593699 13.83155977725983 1.99999940395355
   vertex -149.75227202287059 14.11852258443833 1.99999940395355
  endloop
 endfacet
 facet normal 0.52249542884311 0.85264208601151 -0.00000000000000
  outer loop
   vertex -149.75227202287059 14.11852258443833 1.99999940395355
   vertex -149.75227202287059 14.11852258443833 15.50000000000001
   vertex -149.28398741593699 13.83155977725983 15.50000000000001
  endloop
 endfacet
 facet normal 0.45993322479050 0.53852223536370 -0.70601361938188
  outer loop
   vertex -149.28399050597019 13.83155615923119 2.00000414726281
   vertex -148.86636961808543 13.47487437725068 1.99999940395355
   vertex -150.28057707658152 12.06066012382508 0.00000000000000
  endloop
 endfacet
 facet normal 0.45993322479051 0.53852223536369 -0.70601361938188
  outer loop
   vertex -150.28057707658152 12.06066012382508 0.00000000000000
   vertex -150.45956267228465 12.21352553367616 0.00000000000000
   vertex -149.28399050597019 13.83155615923119 2.00000414726281
  endloop
 endfacet
 facet normal 0.64945447573346 0.76040047603206 0.00000000000000
  outer loop
   vertex -148.86636961808543 13.47487437725068 15.50000000000001
   vertex -148.86636961808543 13.47487437725068 1.99999940395355
   vertex -149.28398741593699 13.83155977725984 1.99999940395355
  endloop
 endfacet
 facet normal 0.64945447573346 0.76040047603206 -0.00000000000000
  outer loop
   vertex -149.28398741593699 13.83155977725984 1.99999940395355
   vertex -149.28398741593699 13.83155977725984 15.50000000000001
   vertex -148.86636961808543 13.47487437725068 15.50000000000001
  endloop
 endfacet
 facet normal 0.53852160357937 0.45993204163291 -0.70601487205136
  outer loop
   vertex -148.50968016496043 13.05724883079530 1.99999940395355
   vertex -150.12771452775340 11.88167762756349 -0.00000000000000
   vertex -150.28057707658152 12.06066012382508 -0.00000000000000
  endloop
 endfacet
 facet normal 0.53852160357935 0.45993204163293 -0.70601487205135
  outer loop
   vertex -150.28057707658152 12.06066012382508 -0.00000000000000
   vertex -148.86636659910241 13.47487695565612 1.99999544599363
   vertex -148.50968016496043 13.05724883079530 1.99999940395355
  endloop
 endfacet
 facet normal 0.76040278236710 0.64945177539858 -0.00000000000000
  outer loop
   vertex -148.86636961808543 13.47487437725068 15.50000000000001
   vertex -148.50968016496043 13.05724883079530 15.50000000000001
   vertex -148.50968016496043 13.05724883079530 1.99999940395355
  endloop
 endfacet
 facet normal 0.76040278236710 0.64945177539858 -0.00000000000000
  outer loop
   vertex -148.50968016496043 13.05724883079530 1.99999940395355
   vertex -148.86636961808543 13.47487437725068 1.99999940395355
   vertex -148.86636961808543 13.47487437725068 15.50000000000001
  endloop
 endfacet
 facet normal 0.60383530114441 0.37003618807023 -0.70601426940983
  outer loop
   vertex -148.50968139410691 13.05724807756231 2.00000084109202
   vertex -148.22271574845649 12.58896684646608 1.99999940395355
   vertex -150.00472868790962 11.68098592758180 0.00000000000000
  endloop
 endfacet
 facet normal 0.60383530114440 0.37003618807025 -0.70601426940983
  outer loop
   vertex -150.00472868790962 11.68098592758180 0.00000000000000
   vertex -150.12771452775340 11.88167762756349 -0.00000000000000
   vertex -148.50968139410691 13.05724807756231 2.00000084109202
  endloop
 endfacet
 facet normal 0.85263947694406 0.52249968646552 0.00000000000000
  outer loop
   vertex -148.22271574845649 12.58896684646607 15.50000000000001
   vertex -148.22271574845649 12.58896684646607 1.99999940395355
   vertex -148.50968016496043 13.05724883079530 1.99999940395355
  endloop
 endfacet
 facet normal 0.85263947694406 0.52249968646552 -0.00000000000000
  outer loop
   vertex -148.50968016496043 13.05724883079530 1.99999940395355
   vertex -148.50968016496043 13.05724883079530 15.50000000000001
   vertex -148.22271574845649 12.58896684646607 15.50000000000001
  endloop
 endfacet
 facet normal 0.65429102681581 0.27100925518953 -0.70601503937942
  outer loop
   vertex -148.01254118790968 12.08155989646913 1.99999940395355
   vertex -149.91465605607371 11.46352577209474 -0.00000000000000
   vertex -150.00472868790965 11.68098592758179 0.00000000000001
  endloop
 endfacet
 facet normal 0.65429102681584 0.27100925518946 -0.70601503937943
  outer loop
   vertex -150.00472868790965 11.68098592758179 0.00000000000001
   vertex -148.22271355695182 12.58896775419372 1.99999703920268
   vertex -148.01254118790968 12.08155989646913 1.99999940395355
  endloop
 endfacet
 facet normal 0.92387971262096 0.38268299754157 0.00000000000000
  outer loop
   vertex -148.01254118790965 12.08155989646913 15.50000000000001
   vertex -148.01254118790965 12.08155989646913 1.99999940395355
   vertex -148.22271574845649 12.58896684646608 1.99999940395355
  endloop
 endfacet
 facet normal 0.92387971262096 0.38268299754157 -0.00000000000000
  outer loop
   vertex -148.22271574845649 12.58896684646608 1.99999940395355
   vertex -148.22271574845649 12.58896684646608 15.50000000000001
   vertex -148.01254118790965 12.08155989646913 15.50000000000001
  endloop
 endfacet
 facet normal 0.68862982454578 0.16532257729851 -0.70601516285518
  outer loop
   vertex -147.88432921281199 11.54752087593080 1.99999940395355
   vertex -149.85970915665965 11.23465156555177 -0.00000000000000
   vertex -149.91465605607371 11.46352577209474 -0.00000000000001
  endloop
 endfacet
 facet normal 0.68862982454578 0.16532257729852 -0.70601516285518
  outer loop
   vertex -149.91465605607371 11.46352577209474 -0.00000000000001
   vertex -148.01253989145189 12.08156020771579 1.99999807476508
   vertex -147.88432921281199 11.54752087593080 1.99999940395355
  endloop
 endfacet
 facet normal 0.97236969318189 0.23344631027576 0.00000000000000
  outer loop
   vertex -147.88432921281199 11.54752087593080 15.50000000000001
   vertex -147.88432921281199 11.54752087593080 1.99999940395355
   vertex -148.01254118790965 12.08155989646913 1.99999940395355
  endloop
 endfacet
 facet normal 0.97236969318189 0.23344631027576 -0.00000000000000
  outer loop
   vertex -148.01254118790965 12.08155989646913 1.99999940395355
   vertex -148.01254118790965 12.08155989646913 15.50000000000001
   vertex -147.88432921281199 11.54752087593080 15.50000000000001
  endloop
 endfacet
 facet normal 0.70601387545300 0.05557443866442 -0.70601408586159
  outer loop
   vertex -147.88433305002681 11.54752057388141 2.00000324116952
   vertex -147.84123839249949 11.00000023841859 1.99999940395355
   vertex -149.84123839249949 11.00000023841859 -0.00000000000000
  endloop
 endfacet
 facet normal 0.70601387545299 0.05557443866444 -0.70601408586159
  outer loop
   vertex -149.84123839249949 11.00000023841859 -0.00000000000000
   vertex -149.85970915665965 11.23465156555177 0.00000000000000
   vertex -147.88433305002681 11.54752057388141 2.00000324116952
  endloop
 endfacet
 facet normal 0.99691733207845 0.07845911675257 0.00000000000000
  outer loop
   vertex -147.84123839249949 11.00000023841859 15.50000000000001
   vertex -147.84123839249949 11.00000023841859 1.99999940395355
   vertex -147.88432921281199 11.54752087593080 1.99999940395355
  endloop
 endfacet
 facet normal 0.99691733207845 0.07845911675257 -0.00000000000000
  outer loop
   vertex -147.88432921281199 11.54752087593080 1.99999940395355
   vertex -147.88432921281199 11.54752087593080 15.50000000000001
   vertex -147.84123839249949 11.00000023841859 15.50000000000001
  endloop
 endfacet
 facet normal 0.70710667581940 0.00000000000000 -0.70710688655368
  outer loop
   vertex -147.84123839249949 11.00000023841859 1.99999940395355
   vertex -147.84123839249949 -11.00000023841859 1.99999940395355
   vertex -149.84123839249949 -11.00000023841859 -0.00000000000000
  endloop
 endfacet
 facet normal 0.70710667581940 0.00000000000000 -0.70710688655368
  outer loop
   vertex -149.84123839249949 -11.00000023841859 -0.00000000000000
   vertex -149.84123839249949 11.00000023841859 -0.00000000000000
   vertex -147.84123839249949 11.00000023841859 1.99999940395355
  endloop
 endfacet
 facet normal 1.00000000000000 0.00000000000000 0.00000000000000
  outer loop
   vertex -147.84123839249949 11.00000023841859 15.50000000000001
   vertex -147.84123839249949 -11.00000023841859 15.50000000000001
   vertex -147.84123839249949 -11.00000023841859 1.99999940395355
  endloop
 endfacet
 facet normal 1.00000000000000 0.00000000000000 0.00000000000000
  outer loop
   vertex -147.84123839249949 -11.00000023841859 1.99999940395355
   vertex -147.84123839249949 11.00000023841859 1.99999940395355
   vertex -147.84123839249949 11.00000023841859 15.50000000000001
  endloop
 endfacet
 facet normal 0.70601254401985 -0.05557427739312 -0.70601542998638
  outer loop
   vertex -147.88432921281199 -11.54751992225648 1.99999940395355
   vertex -149.85970915665965 -11.23465180397035 0.00000000000000
   vertex -149.84123839249949 -11.00000023841859 -0.00000000000000
  endloop
 endfacet
 facet normal 0.70601254401985 -0.05557427739311 -0.70601542998638
  outer loop
   vertex -149.84123839249949 -11.00000023841859 -0.00000000000000
   vertex -147.84123461454513 -11.00000053580294 1.99999562598375
   vertex -147.88432921281199 -11.54751992225648 1.99999940395355
  endloop
 endfacet
 facet normal 0.99691732138921 -0.07845925257204 0.00000000000000
  outer loop
   vertex -147.88432921281199 -11.54751992225648 15.50000000000001
   vertex -147.88432921281199 -11.54751992225648 1.99999940395355
   vertex -147.84123839249949 -11.00000023841859 1.99999940395355
  endloop
 endfacet
 facet normal 0.99691732138921 -0.07845925257204 0.00000000000000
  outer loop
   vertex -147.84123839249949 -11.00000023841859 1.99999940395355
   vertex -147.84123839249949 -11.00000023841859 15.50000000000001
   vertex -147.88432921281199 -11.54751992225648 15.50000000000001
  endloop
 endfacet
 facet normal 0.68863027262378 -0.16532268487071 -0.70601470062120
  outer loop
   vertex -147.88433034641312 -11.54751965010757 2.00000056617236
   vertex -148.01254118790965 -12.08156037330629 1.99999940395355
   vertex -149.91465605607371 -11.46352601051332 -0.00000000000001
  endloop
 endfacet
 facet normal 0.68863027262378 -0.16532268487068 -0.70601470062120
  outer loop
   vertex -149.91465605607371 -11.46352601051332 -0.00000000000001
   vertex -149.85970915665965 -11.23465180397035 -0.00000000000000
   vertex -147.88433034641312 -11.54751965010757 2.00000056617236
  endloop
 endfacet
 facet normal 0.97236983512756 -0.23344571903123 0.00000000000000
  outer loop
   vertex -148.01254118790965 -12.08156037330628 15.50000000000001
   vertex -148.01254118790965 -12.08156037330628 1.99999940395355
   vertex -147.88432921281199 -11.54751992225648 1.99999940395355
  endloop
 endfacet
 facet normal 0.97236983512756 -0.23344571903123 0.00000000000000
  outer loop
   vertex -147.88432921281199 -11.54751992225648 1.99999940395355
   vertex -147.88432921281199 -11.54751992225648 15.50000000000001
   vertex -148.01254118790965 -12.08156037330628 15.50000000000001
  endloop
 endfacet
 facet normal 0.65429105073723 -0.27101104788142 -0.70601432906945
  outer loop
   vertex -148.01254291437414 -12.08155965819495 2.00000126689919
   vertex -148.22271574845649 -12.58896660804750 1.99999940395355
   vertex -150.00472868790962 -11.68098473548890 0.00000000000000
  endloop
 endfacet
 facet normal 0.65429105073723 -0.27101104788143 -0.70601432906945
  outer loop
   vertex -150.00472868790962 -11.68098473548890 0.00000000000000
   vertex -149.91465605607371 -11.46352601051332 -0.00000000000001
   vertex -148.01254291437414 -12.08155965819495 2.00000126689919
  endloop
 endfacet
 facet normal 0.92387952189954 -0.38268345798412 0.00000000000000
  outer loop
   vertex -148.22271574845649 -12.58896660804749 15.50000000000001
   vertex -148.22271574845649 -12.58896660804749 1.99999940395355
   vertex -148.01254118790965 -12.08156037330629 1.99999940395355
  endloop
 endfacet
 facet normal 0.92387952189954 -0.38268345798412 0.00000000000000
  outer loop
   vertex -148.01254118790965 -12.08156037330629 1.99999940395355
   vertex -148.01254118790965 -12.08156037330629 15.50000000000001
   vertex -148.22271574845649 -12.58896660804749 15.50000000000001
  endloop
 endfacet
 facet normal 0.60383609870847 -0.37003403925756 -0.70601471350622
  outer loop
   vertex -148.50968016496043 -13.05724930763246 1.99999940395355
   vertex -150.12771452775340 -11.88167786598207 0.00000000000000
   vertex -150.00472868790965 -11.68098473548890 0.00000000000001
  endloop
 endfacet
 facet normal 0.60383609870846 -0.37003403925757 -0.70601471350622
  outer loop
   vertex -150.00472868790965 -11.68098473548890 0.00000000000001
   vertex -148.22271510530345 -12.58896700217519 1.99999865196882
   vertex -148.50968016496043 -13.05724930763246 1.99999940395355
  endloop
 endfacet
 facet normal 0.85263983248587 -0.52249910627528 0.00000000000000
  outer loop
   vertex -148.22271574845649 -12.58896660804750 15.50000000000001
   vertex -148.50968016496043 -13.05724930763246 15.50000000000001
   vertex -148.50968016496043 -13.05724930763246 1.99999940395355
  endloop
 endfacet
 facet normal 0.85263983248587 -0.52249910627528 0.00000000000000
  outer loop
   vertex -148.50968016496043 -13.05724930763246 1.99999940395355
   vertex -148.22271574845649 -12.58896660804750 1.99999940395355
   vertex -148.22271574845649 -12.58896660804750 15.50000000000001
  endloop
 endfacet
 facet normal 0.53852164695979 -0.45993391668565 -0.70601361745926
  outer loop
   vertex -148.50968280010261 -13.05724705704277 2.00000285868240
   vertex -148.86636961808543 -13.47487473487855 1.99999940395355
   vertex -150.28057707658152 -12.06065964698793 0.00000000000000
  endloop
 endfacet
 facet normal 0.53852164695980 -0.45993391668563 -0.70601361745926
  outer loop
   vertex -150.28057707658152 -12.06065964698793 0.00000000000000
   vertex -150.12771452775340 -11.88167786598207 0.00000000000000
   vertex -148.50968280010261 -13.05724705704277 2.00000285868240
  endloop
 endfacet
 facet normal 0.76040269081661 -0.64945188258936 0.00000000000000
  outer loop
   vertex -148.86636961808543 -13.47487473487855 15.50000000000001
   vertex -148.86636961808543 -13.47487473487855 1.99999940395355
   vertex -148.50968016496043 -13.05724930763246 1.99999940395355
  endloop
 endfacet
 facet normal 0.76040269081661 -0.64945188258936 0.00000000000000
  outer loop
   vertex -148.50968016496043 -13.05724930763246 1.99999940395355
   vertex -148.50968016496043 -13.05724930763246 15.50000000000001
   vertex -148.86636961808543 -13.47487473487855 15.50000000000001
  endloop
 endfacet
 facet normal 0.45993400504556 -0.53851978930296 -0.70601497684670
  outer loop
   vertex -149.28398741593699 -13.83155846595765 1.99999940395355
   vertex -150.45956267228465 -12.21352601051332 0.00000000000000
   vertex -150.28057707658152 -12.06065964698793 0.00000000000000
  endloop
 endfacet
 facet normal 0.45993400504555 -0.53851978930297 -0.70601497684670
  outer loop
   vertex -150.28057707658152 -12.06065964698793 0.00000000000000
   vertex -148.86636749256280 -13.47487722357470 1.99999614120111
   vertex -149.28398741593699 -13.83155846595765 1.99999940395355
  endloop
 endfacet
 facet normal 0.64945271866953 -0.76040197672859 0.00000000000000
  outer loop
   vertex -149.28398741593699 -13.83155846595765 15.50000000000001
   vertex -149.28398741593699 -13.83155846595765 1.99999940395355
   vertex -148.86636961808543 -13.47487473487855 1.99999940395355
  endloop
 endfacet
 facet normal 0.64945271866953 -0.76040197672859 0.00000000000000
  outer loop
   vertex -148.86636961808543 -13.47487473487855 1.99999940395355
   vertex -148.86636961808543 -13.47487473487855 15.50000000000001
   vertex -149.28398741593699 -13.83155846595765 15.50000000000001
  endloop
 endfacet
 facet normal 0.37003252414918 -0.60383725229881 -0.70601452096115
  outer loop
   vertex -149.75227202287059 -14.11852288246156 1.99999940395355
   vertex -150.66025389542918 -12.33650994300844 -0.00000000000001
   vertex -150.45956267228465 -12.21352601051332 -0.00000000000000
  endloop
 endfacet
 facet normal 0.37003252414918 -0.60383725229881 -0.70601452096115
  outer loop
   vertex -150.45956267228465 -12.21352601051332 -0.00000000000000
   vertex -149.28398768619195 -13.83155802494235 1.99999991959450
   vertex -149.75227202287059 -14.11852288246156 1.99999940395355
  endloop
 endfacet
 facet normal 0.52249755910641 -0.85264078059160 0.00000000000000
  outer loop
   vertex -149.75227202287059 -14.11852288246157 15.50000000000001
   vertex -149.75227202287059 -14.11852288246157 1.99999940395355
   vertex -149.28398741593699 -13.83155846595765 1.99999940395355
  endloop
 endfacet
 facet normal 0.52249755910641 -0.85264078059160 0.00000000000000
  outer loop
   vertex -149.28398741593699 -13.83155846595765 1.99999940395355
   vertex -149.28398741593699 -13.83155846595765 15.50000000000001
   vertex -149.75227202287059 -14.11852288246157 15.50000000000001
  endloop
 endfacet
 facet normal 0.27101383089755 -0.65428965353712 -0.70601455561235
  outer loop
   vertex -150.25968016496043 -14.32869744300843 1.99999940395355
   vertex -150.87771452775340 -12.42658448219301 -0.00000000000000
   vertex -150.66025389542918 -12.33650994300844 -0.00000000000000
  endloop
 endfacet
 facet normal 0.27101383089754 -0.65428965353712 -0.70601455561235
  outer loop
   vertex -150.66025389542918 -12.33650994300844 -0.00000000000000
   vertex -149.75227191013258 -14.11852315463700 1.99999911026127
   vertex -150.25968016496043 -14.32869744300843 1.99999940395355
  endloop
 endfacet
 facet normal 0.38268223013962 -0.92388003048846 0.00000000000000
  outer loop
   vertex -150.25968016496043 -14.32869744300843 15.50000000000001
   vertex -150.25968016496043 -14.32869744300843 1.99999940395355
   vertex -149.75227202287059 -14.11852288246156 1.99999940395355
  endloop
 endfacet
 facet normal 0.38268223013962 -0.92388003048846 0.00000000000000
  outer loop
   vertex -149.75227202287059 -14.11852288246156 1.99999940395355
   vertex -149.75227202287059 -14.11852288246156 15.50000000000001
   vertex -150.25968016496043 -14.32869744300843 15.50000000000001
  endloop
 endfacet
 facet normal 0.16532268385629 -0.68863026839836 -0.70601470498012
  outer loop
   vertex -150.79372252335884 -14.45690941810609 1.99999940395355
   vertex -151.10658873429637 -12.48153138160707 -0.00000000000000
   vertex -150.87771452775340 -12.42658448219301 -0.00000000000000
  endloop
 endfacet
 facet normal 0.16532268385630 -0.68863026839835 -0.70601470498012
  outer loop
   vertex -150.87771452775340 -12.42658448219301 -0.00000000000000
   vertex -150.25967994494241 -14.32869835946515 1.99999846436094
   vertex -150.79372252335884 -14.45690941810609 1.99999940395355
  endloop
 endfacet
 facet normal 0.23344493070974 -0.97237002438677 0.00000000000000
  outer loop
   vertex -150.79372252335884 -14.45690941810609 15.50000000000001
   vertex -150.79372252335884 -14.45690941810609 1.99999940395355
   vertex -150.25968016496043 -14.32869744300843 1.99999940395355
  endloop
 endfacet
 facet normal 0.23344493070974 -0.97237002438677 0.00000000000000
  outer loop
   vertex -150.25968016496043 -14.32869744300843 1.99999940395355
   vertex -150.25968016496043 -14.32869744300843 15.50000000000001
   vertex -150.79372252335884 -14.45690941810609 15.50000000000001
  endloop
 endfacet
 facet normal 0.05556911160480 -0.70601408510470 -0.70601429551336
  outer loop
   vertex -150.79372264807586 -14.45690783355749 2.00000098850262
   vertex -151.34123839249949 -14.50000023841859 1.99999940395355
   vertex -151.34123839249949 -12.50000023841859 -0.00000000000000
  endloop
 endfacet
 facet normal 0.05556911160481 -0.70601408510470 -0.70601429551336
  outer loop
   vertex -151.34123839249949 -12.50000023841859 -0.00000000000000
   vertex -151.10658873429637 -12.48153138160706 -0.00000000000000
   vertex -150.79372264807586 -14.45690783355749 2.00000098850262
  endloop
 endfacet
 facet normal 0.07845979585463 -0.99691727863171 -0.00000000000000
  outer loop
   vertex -150.79372252335884 -14.45690941810609 15.50000000000001
   vertex -151.34123839249949 -14.50000023841859 15.50000000000001
   vertex -151.34123839249949 -14.50000023841859 1.99999940395355
  endloop
 endfacet
 facet normal 0.07845979585463 -0.99691727863171 -0.00000000000000
  outer loop
   vertex -151.34123839249949 -14.50000023841859 1.99999940395355
   vertex -150.79372252335884 -14.45690941810609 1.99999940395355
   vertex -150.79372252335884 -14.45690941810609 15.50000000000001
  endloop
 endfacet
 facet normal -0.00000000000000 -0.70710667581940 -0.70710688655368
  outer loop
   vertex -151.34123839249949 -14.50000023841859 1.99999940395355
   vertex -213.64124001374589 -14.50000023841859 1.99999940395355
   vertex -213.64124001374589 -12.50000023841859 -0.00000000000000
  endloop
 endfacet
 facet normal -0.00000000000000 -0.70710667581940 -0.70710688655368
  outer loop
   vertex -213.64124001374589 -12.50000023841859 -0.00000000000000
   vertex -151.34123839249949 -12.50000023841859 -0.00000000000000
   vertex -151.34123839249949 -14.50000023841859 1.99999940395355
  endloop
 endfacet
 facet normal -0.00000000000000 -1.00000000000000 0.00000000000000
  outer loop
   vertex -151.34123839249949 -14.50000023841859 15.50000000000001
   vertex -213.64124001374589 -14.50000023841859 15.50000000000001
   vertex -213.64124001374589 -14.50000023841859 1.99999940395355
  endloop
 endfacet
 facet normal 0.00000000000000 -1.00000000000000 0.00000000000000
  outer loop
   vertex -213.64124001374589 -14.50000023841859 1.99999940395355
   vertex -151.34123839249949 -14.50000023841859 1.99999940395355
   vertex -151.34123839249949 -14.50000023841859 15.50000000000001
  endloop
 endfacet
 facet normal -0.05556471151949 -0.70601425825921 -0.70601446866792
  outer loop
   vertex -214.18875898232801 -14.45690941810609 1.99999940395355
   vertex -213.87589044254349 -12.48153208475032 -0.00000070314346
   vertex -213.64124001374589 -12.50000023841859 -0.00000000000000
  endloop
 endfacet
 facet normal -0.05556471151949 -0.70601425825921 -0.70601446866792
  outer loop
   vertex -213.64124001374589 -12.50000023841859 -0.00000000000000
   vertex -213.64124001374589 -14.50000023841859 1.99999940395355
   vertex -214.18875898232801 -14.45690941810609 1.99999940395355
  endloop
 endfacet
 facet normal -0.07845935443696 -0.99691731337225 0.00000000000000
  outer loop
   vertex -213.64124001374589 -14.50000023841859 1.99999940395355
   vertex -213.64124001374589 -14.50000023841859 15.50000000000001
   vertex -214.18875898232801 -14.45690941810609 15.50000000000001
  endloop
 endfacet
 facet normal -0.07845935443696 -0.99691731337225 -0.00000000000000
  outer loop
   vertex -214.18875898232801 -14.45690941810609 15.50000000000001
   vertex -214.18875898232801 -14.45690941810609 1.99999940395355
   vertex -213.64124001374589 -14.50000023841859 1.99999940395355
  endloop
 endfacet
 facet normal -0.16532609590046 -0.68862948909449 -0.70601466611097
  outer loop
   vertex -214.18875898232801 -14.45690941810609 1.99999940395355
   vertex -214.72279776444776 -14.32869744300844 1.99999940395355
   vertex -214.10476468946234 -12.42658388779141 0.00000060940788
  endloop
 endfacet
 facet normal -0.16532609590050 -0.68862948909448 -0.70601466611096
  outer loop
   vertex -214.10476468946234 -12.42658388779141 0.00000060940788
   vertex -213.87589038720475 -12.48153138160707 -0.00000000000000
   vertex -214.18875898232801 -14.45690941810609 1.99999940395355
  endloop
 endfacet
 facet normal -0.23344640881680 -0.97236966952417 0.00000000000000
  outer loop
   vertex -214.18875898232801 -14.45690941810609 1.99999940395355
   vertex -214.18875898232801 -14.45690941810609 15.50000000000001
   vertex -214.72279776444776 -14.32869744300843 15.50000000000001
  endloop
 endfacet
 facet normal -0.23344640881680 -0.97236966952417 -0.00000000000000
  outer loop
   vertex -214.72279776444776 -14.32869744300843 15.50000000000001
   vertex -214.72279776444776 -14.32869744300843 1.99999940395355
   vertex -214.18875898232801 -14.45690941810609 1.99999940395355
  endloop
 endfacet
 facet normal -0.27101513142715 -0.65428927688804 -0.70601440543862
  outer loop
   vertex -214.72279776444776 -14.32869744300843 1.99999940395355
   vertex -215.23020471444471 -14.11852288246156 1.99999940395355
   vertex -214.32222493683520 -12.33650982032239 0.00000013238505
  endloop
 endfacet
 facet normal -0.27101513142715 -0.65428927688804 -0.70601440543862
  outer loop
   vertex -214.32222493683520 -12.33650982032239 0.00000013238505
   vertex -214.10476483216624 -12.42658448219301 -0.00000000000001
   vertex -214.72279776444776 -14.32869744300843 1.99999940395355
  endloop
 endfacet
 facet normal -0.38268299754161 -0.92387971262095 0.00000000000000
  outer loop
   vertex -214.72279776444776 -14.32869744300843 1.99999940395355
   vertex -214.72279776444776 -14.32869744300843 15.50000000000001
   vertex -215.23020471444471 -14.11852288246156 15.50000000000001
  endloop
 endfacet
 facet normal -0.38268299754161 -0.92387971262095 -0.00000000000000
  outer loop
   vertex -215.23020471444471 -14.11852288246156 15.50000000000001
   vertex -215.23020471444471 -14.11852288246156 1.99999940395355
   vertex -214.72279776444776 -14.32869744300843 1.99999940395355
  endloop
 endfacet
 facet normal -0.37003188752170 -0.60383783621897 -0.70601435521349
  outer loop
   vertex -215.23020471444471 -14.11852288246156 1.99999940395355
   vertex -215.69848860612257 -13.83155846595765 1.99999940395356
   vertex -214.52291731351548 -12.21352586466592 0.00000017052650
  endloop
 endfacet
 facet normal -0.37003188752163 -0.60383783621901 -0.70601435521350
  outer loop
   vertex -214.52291731351548 -12.21352586466592 0.00000017052650
   vertex -214.32222498765333 -12.33650994300843 0.00000000000001
   vertex -215.23020471444471 -14.11852288246156 1.99999940395355
  endloop
 endfacet
 facet normal -0.52249813929385 -0.85264042505294 0.00000000000000
  outer loop
   vertex -215.23020471444471 -14.11852288246156 1.99999940395355
   vertex -215.23020471444471 -14.11852288246156 15.50000000000001
   vertex -215.69848860612257 -13.83155846595765 15.50000000000001
  endloop
 endfacet
 facet normal -0.52249813929385 -0.85264042505294 -0.00000000000000
  outer loop
   vertex -215.69848860612257 -13.83155846595765 15.50000000000001
   vertex -215.69848860612257 -13.83155846595765 1.99999940395355
   vertex -215.23020471444471 -14.11852288246156 1.99999940395355
  endloop
 endfacet
 facet normal -0.45993699778715 -0.53851802274078 -0.70601437467654
  outer loop
   vertex -216.11611236443861 -13.47487473487855 1.99999940395355
   vertex -214.70189943230866 -12.06066021699435 -0.00000074729668
   vertex -214.52291740289073 -12.21352601051332 0.00000000000000
  endloop
 endfacet
 facet normal -0.45993699778722 -0.53851802274071 -0.70601437467655
  outer loop
   vertex -214.52291740289073 -12.21352601051332 0.00000000000000
   vertex -215.69848860612257 -13.83155846595765 1.99999940395356
   vertex -216.11611236443861 -13.47487473487855 1.99999940395355
  endloop
 endfacet
 facet normal -0.64944735906381 -0.76040655428859 0.00000000000000
  outer loop
   vertex -215.69848860612257 -13.83155846595765 1.99999940395355
   vertex -215.69848860612257 -13.83155846595765 15.50000000000001
   vertex -216.11611236443861 -13.47487473487855 15.50000000000001
  endloop
 endfacet
 facet normal -0.64944735906381 -0.76040655428859 -0.00000000000000
  outer loop
   vertex -216.11611236443861 -13.47487473487855 15.50000000000001
   vertex -216.11611236443861 -13.47487473487855 1.99999940395355
   vertex -215.69848860612257 -13.83155846595765 1.99999940395355
  endloop
 endfacet
 facet normal -0.53851772395072 -0.45993697976642 -0.70601461432061
  outer loop
   vertex -216.11611236443861 -13.47487473487855 1.99999940395355
   vertex -216.47279770484312 -13.05724930763247 1.99999940395354
   vertex -214.85476549801717 -11.88167721290109 0.00000100249541
  endloop
 endfacet
 facet normal -0.53851772395068 -0.45993697976646 -0.70601461432062
  outer loop
   vertex -214.85476549801717 -11.88167721290109 0.00000100249541
   vertex -214.70189894547804 -12.06065964698793 0.00000000000000
   vertex -216.11611236443861 -13.47487473487855 1.99999940395355
  endloop
 endfacet
 facet normal -0.76040638890422 -0.64944755270433 0.00000000000000
  outer loop
   vertex -216.11611236443861 -13.47487473487855 1.99999940395355
   vertex -216.11611236443861 -13.47487473487855 15.50000000000001
   vertex -216.47279770484312 -13.05724930763246 15.50000000000001
  endloop
 endfacet
 facet normal -0.76040638890422 -0.64944755270433 -0.00000000000000
  outer loop
   vertex -216.47279770484312 -13.05724930763246 15.50000000000001
   vertex -216.47279770484312 -13.05724930763246 1.99999940395355
   vertex -216.11611236443861 -13.47487473487855 1.99999940395355
  endloop
 endfacet
 facet normal -0.60383624122446 -0.37003461898655 -0.70601428777001
  outer loop
   vertex -216.75976426711424 -12.58896660804750 1.99999940395355
   vertex -214.97775034435077 -11.68098541132365 -0.00000128947122
   vertex -214.85476626267771 -11.88167786598207 0.00000000000000
  endloop
 endfacet
 facet normal -0.60383624122448 -0.37003461898652 -0.70601428777001
  outer loop
   vertex -214.85476626267771 -11.88167786598207 0.00000000000000
   vertex -216.47279770484312 -13.05724930763246 1.99999940395355
   vertex -216.75976426711424 -12.58896660804750 1.99999940395355
  endloop
 endfacet
 facet normal -0.85263809191558 -0.52250194661318 0.00000000000000
  outer loop
   vertex -216.47279770484312 -13.05724930763246 1.99999940395355
   vertex -216.47279770484312 -13.05724930763246 15.50000000000001
   vertex -216.75976426711424 -12.58896660804749 15.50000000000001
  endloop
 endfacet
 facet normal -0.85263809191558 -0.52250194661318 -0.00000000000000
  outer loop
   vertex -216.75976426711424 -12.58896660804749 15.50000000000001
   vertex -216.75976426711424 -12.58896660804749 1.99999940395355
   vertex -216.47279770484312 -13.05724930763246 1.99999940395355
  endloop
 endfacet
 facet normal -0.65428928795631 -0.27101405772429 -0.70601480733866
  outer loop
   vertex -216.96993769517286 -12.08156037330628 1.99999940395356
   vertex -215.06782308722916 -11.46352601954385 -0.00000002352532
   vertex -214.97774924149854 -11.68098473548891 -0.00000000000002
  endloop
 endfacet
 facet normal -0.65428928795631 -0.27101405772426 -0.70601480733866
  outer loop
   vertex -214.97774924149854 -11.68098473548891 -0.00000000000002
   vertex -216.75976426711424 -12.58896660804750 1.99999940395355
   vertex -216.96993769517286 -12.08156037330628 1.99999940395356
  endloop
 endfacet
 facet normal -0.92388025093325 -0.38268169793643 0.00000000000000
  outer loop
   vertex -216.75976426711424 -12.58896660804750 1.99999940395355
   vertex -216.75976426711424 -12.58896660804750 15.50000000000001
   vertex -216.96993769517286 -12.08156037330627 15.50000000000001
  endloop
 endfacet
 facet normal -0.92388025093325 -0.38268169793643 -0.00000000000000
  outer loop
   vertex -216.96993769517286 -12.08156037330627 15.50000000000001
   vertex -216.96993769517286 -12.08156037330627 1.99999940395355
   vertex -216.75976426711424 -12.58896660804750 1.99999940395355
  endloop
 endfacet
 facet normal -0.68863031038623 -0.16532270207356 -0.70601465976031
  outer loop
   vertex -216.96993769517289 -12.08156037330628 1.99999940395356
   vertex -217.09814728608475 -11.54751992225648 1.99999940395355
   vertex -215.12277059291239 -11.23465166856296 0.00000057826056
  endloop
 endfacet
 facet normal -0.68863031038625 -0.16532270207350 -0.70601465976030
  outer loop
   vertex -215.12277059291239 -11.23465166856296 0.00000057826056
   vertex -215.06782306542738 -11.46352601051332 0.00000000000000
   vertex -216.96993769517289 -12.08156037330628 1.99999940395356
  endloop
 endfacet
 facet normal -0.97237082052500 -0.23344161452391 0.00000000000000
  outer loop
   vertex -216.96993769517286 -12.08156037330628 1.99999940395355
   vertex -216.96993769517286 -12.08156037330628 15.50000000000001
   vertex -217.09814728608472 -11.54751992225648 15.50000000000001
  endloop
 endfacet
 facet normal -0.97237082052500 -0.23344161452391 -0.00000000000000
  outer loop
   vertex -217.09814728608472 -11.54751992225648 15.50000000000001
   vertex -217.09814728608472 -11.54751992225648 1.99999940395355
   vertex -216.96993769517286 -12.08156037330628 1.99999940395355
  endloop
 endfacet
 facet normal -0.99691684600216 -0.07846529269119 0.00000000000000
  outer loop
   vertex -217.09814728608475 -11.54751992225648 1.99999940395355
   vertex -217.09814728608475 -11.54751992225648 15.50000000000001
   vertex -217.14124144425733 -11.00000023841859 15.50000000000001
  endloop
 endfacet
 facet normal -0.99691684600216 -0.07846529269119 -0.00000000000000
  outer loop
   vertex -217.14124144425733 -11.00000023841859 15.50000000000001
   vertex -217.14124144425733 -11.00000023841859 1.99999940395355
   vertex -217.09814728608475 -11.54751992225648 1.99999940395355
  endloop
 endfacet
 facet normal -0.70601392015336 -0.05557223367238 -0.70601421472541
  outer loop
   vertex -217.09814600377754 -11.54751982132267 2.00000068626127
   vertex -217.14124144425733 -11.00000023841859 1.99999940395355
   vertex -215.14124120583875 -11.00000023841859 -0.00000000000000
  endloop
 endfacet
 facet normal -0.70601392015336 -0.05557223367239 -0.70601421472541
  outer loop
   vertex -215.14124120583875 -11.00000023841859 -0.00000000000000
   vertex -215.12277115693433 -11.23465180397035 0.00000000000000
   vertex -217.09814600377754 -11.54751982132267 2.00000068626127
  endloop
 endfacet
 facet normal -0.70710663367255 0.00000000000000 -0.70710692870052
  outer loop
   vertex -217.14124144425733 -6.50000023841858 1.99999940395355
   vertex -215.14124120583875 -6.50000023841858 0.00000000000000
   vertex -215.14124120583875 -11.00000023841859 0.00000000000000
  endloop
 endfacet
 facet normal -0.70710663367255 0.00000000000000 -0.70710692870052
  outer loop
   vertex -215.14124120583875 -11.00000023841859 0.00000000000000
   vertex -217.14124144425733 -11.00000023841859 1.99999940395355
   vertex -217.14124144425733 -6.50000023841858 1.99999940395355
  endloop
 endfacet
 facet normal 0.00000000000000 -1.00000000000000 0.00000000000000
  outer loop
   vertex -195.14123953690870 6.50000023841858 0.00000000000000
   vertex -195.14123953690870 6.50000023841858 1.49999928474426
   vertex -213.64124001374589 6.50000023841858 1.49999928474426
  endloop
 endfacet
 facet normal 0.00000000000000 -1.00000000000000 -0.00000000000000
  outer loop
   vertex -213.64124001374589 6.50000023841858 1.49999928474426
   vertex -215.14124120583875 6.50000023841858 0.00000000000000
   vertex -195.14123953690870 6.50000023841858 0.00000000000000
  endloop
 endfacet
 facet normal 0.00000000000000 -1.00000000000000 0.00000000000000
  outer loop
   vertex -217.14124144425733 6.50000023841858 1.99999940395355
   vertex -215.14124120583875 6.50000023841858 0.00000000000000
   vertex -214.45025576463084 6.50000023841858 1.91221475601196
  endloop
 endfacet
 facet normal -0.00000000000000 -1.00000000000000 0.00000000000000
  outer loop
   vertex -213.64124001374589 6.50000023841858 1.49999928474426
   vertex -213.79767407288892 6.50000023841858 1.51231145858765
   vertex -215.14124120583875 6.50000023841858 0.00000000000000
  endloop
 endfacet
 facet normal 0.00000000000000 -1.00000000000000 0.00000000000000
  outer loop
   vertex -217.14124144425733 6.50000023841858 6.99999904632569
   vertex -217.14124144425733 6.50000023841858 1.99999940395355
   vertex -214.64124001374586 6.50000023841858 2.49999952316284
  endloop
 endfacet
 facet normal 0.00000000000000 -1.00000000000000 0.00000000000000
  outer loop
   vertex -214.45025576463084 6.50000023841858 1.91221475601196
   vertex -214.53224552979808 6.50000023841858 2.04600954055786
   vertex -217.14124144425733 6.50000023841858 1.99999940395355
  endloop
 endfacet
 facet normal 0.00000000000000 -1.00000000000000 0.00000000000000
  outer loop
   vertex -215.14124120583875 6.50000023841858 0.00000000000000
   vertex -214.09523166528089 6.50000023841858 1.60899293422699
   vertex -214.22902549615245 6.50000023841858 1.69098281860352
  endloop
 endfacet
 facet normal -0.00000000000000 -1.00000000000000 0.00000000000000
  outer loop
   vertex -213.79767407288892 6.50000023841858 1.51231145858765
   vertex -213.95025838723524 6.50000023841858 1.54894316196442
   vertex -215.14124120583875 6.50000023841858 0.00000000000000
  endloop
 endfacet
 facet normal 0.00000000000000 -1.00000000000000 0.00000000000000
  outer loop
   vertex -217.14124144425733 6.50000023841858 1.99999940395355
   vertex -214.62892807832105 6.50000023841858 2.34356522560120
   vertex -214.64124001374586 6.50000023841858 2.49999952316284
  endloop
 endfacet
 facet normal 0.00000000000000 -1.00000000000000 0.00000000000000
  outer loop
   vertex -215.14124120583875 6.50000023841858 0.00000000000000
   vertex -214.34834660401685 6.50000023841858 1.79289281368256
   vertex -214.45025576463084 6.50000023841858 1.91221475601196
  endloop
 endfacet
 facet normal -0.00000000000000 -1.00000000000000 0.00000000000000
  outer loop
   vertex -213.95025838723524 6.50000023841858 1.54894316196442
   vertex -214.09523166528089 6.50000023841858 1.60899293422699
   vertex -215.14124120583875 6.50000023841858 0.00000000000000
  endloop
 endfacet
 facet normal 0.00000000000000 -1.00000000000000 0.00000000000000
  outer loop
   vertex -217.14124144425733 6.50000023841858 1.99999940395355
   vertex -214.59229720940928 6.50000023841858 2.19098281860352
   vertex -214.62892807832105 6.50000023841858 2.34356522560120
  endloop
 endfacet
 facet normal -0.00000000000000 -1.00000000000000 0.00000000000000
  outer loop
   vertex -214.22902549615245 6.50000023841858 1.69098281860352
   vertex -214.34834660401685 6.50000023841858 1.79289281368256
   vertex -215.14124120583875 6.50000023841858 0.00000000000000
  endloop
 endfacet
 facet normal -0.00000000000000 -1.00000000000000 0.00000000000000
  outer loop
   vertex -214.53224552979808 6.50000023841858 2.04600954055786
   vertex -214.59229720940928 6.50000023841858 2.19098281860352
   vertex -217.14124144425733 6.50000023841858 1.99999940395355
  endloop
 endfacet
 facet normal 0.00000000000000 -1.00000000000000 0.00000000000000
  outer loop
   vertex -214.64124001374586 6.50000023841858 2.49999952316284
   vertex -214.64124001374586 6.50000023841858 6.99999904632569
   vertex -217.14124144425733 6.50000023841858 6.99999904632569
  endloop
 endfacet
 facet normal 0.76041038947526 0.00000000000000 0.64944286860207
  outer loop
   vertex -214.45025576463084 11.00000023841859 1.91221475601196
   vertex -214.45025576463084 6.50000023841858 1.91221475601196
   vertex -214.34834660401685 6.50000023841858 1.79289281368256
  endloop
 endfacet
 facet normal 0.76041038947526 -0.00000000000000 0.64944286860207
  outer loop
   vertex -214.34834660401685 6.50000023841858 1.79289281368256
   vertex -214.34834660401685 11.00000023841859 1.79289281368256
   vertex -214.45025576463084 11.00000023841859 1.91221475601196
  endloop
 endfacet
 facet normal 0.85263955182689 0.00000000000000 0.52249956426818
  outer loop
   vertex -214.45025576463087 11.00000023841859 1.91221475601195
   vertex -214.53224552979810 11.00000023841859 2.04600954055785
   vertex -214.53224552979810 6.50000023841858 2.04600954055785
  endloop
 endfacet
 facet normal 0.85263955182689 0.00000000000000 0.52249956426818
  outer loop
   vertex -214.53224552979810 6.50000023841858 2.04600954055785
   vertex -214.45025576463087 6.50000023841858 1.91221475601195
   vertex -214.45025576463087 11.00000023841859 1.91221475601195
  endloop
 endfacet
 facet normal 0.64944856967620 0.00000000000000 0.76040552032816
  outer loop
   vertex -214.34834660401685 11.00000023841859 1.79289281368256
   vertex -214.34834660401685 6.50000023841858 1.79289281368256
   vertex -214.22902549615245 6.50000023841858 1.69098281860352
  endloop
 endfacet
 facet normal 0.64944856967620 -0.00000000000000 0.76040552032816
  outer loop
   vertex -214.22902549615245 6.50000023841858 1.69098281860352
   vertex -214.22902549615245 11.00000023841859 1.69098281860352
   vertex -214.34834660401685 11.00000023841859 1.79289281368256
  endloop
 endfacet
 facet normal 0.75904264332101 -0.05974088366722 0.64829414037065
  outer loop
   vertex -214.44029797425611 11.12655854225160 1.91221475601197
   vertex -214.45025752362014 11.00000037686084 1.91221325366893
   vertex -214.34834660401685 11.00000023841859 1.79289281368256
  endloop
 endfacet
 facet normal 0.75904264332109 -0.05974088366707 0.64829414037056
  outer loop
   vertex -214.34834660401685 11.00000023841859 1.79289281368256
   vertex -214.33964051118238 11.11061620712281 1.79289281368256
   vertex -214.44029797425611 11.12655854225160 1.91221475601197
  endloop
 endfacet
 facet normal 0.92387551819517 0.00000000000000 0.38269312363773
  outer loop
   vertex -214.53224552979810 11.00000023841859 2.04600954055785
   vertex -214.59229720940931 11.00000023841859 2.19098281860350
   vertex -214.59229720940931 6.50000023841858 2.19098281860350
  endloop
 endfacet
 facet normal 0.92387551819517 0.00000000000000 0.38269312363773
  outer loop
   vertex -214.59229720940931 6.50000023841858 2.19098281860350
   vertex -214.53224552979810 6.50000023841858 2.04600954055785
   vertex -214.53224552979810 11.00000023841859 2.04600954055785
  endloop
 endfacet
 facet normal 0.85072718917874 -0.06693815429523 0.52132766384644
  outer loop
   vertex -214.53224552979808 11.00000023841859 2.04600954055786
   vertex -214.45025576463084 11.00000023841859 1.91221475601196
   vertex -214.44029779028347 11.12655852777600 1.91221486875083
  endloop
 endfacet
 facet normal 0.85072718917875 -0.06693815429525 0.52132766384643
  outer loop
   vertex -214.44029779028347 11.12655852777600 1.91221486875083
   vertex -214.52127827515940 11.13938474655153 2.04600954055787
   vertex -214.53224552979808 11.00000023841859 2.04600954055786
  endloop
 endfacet
 facet normal 0.52250282412829 0.00000000000000 0.85263755416822
  outer loop
   vertex -214.22902549615245 11.00000023841859 1.69098281860351
   vertex -214.22902549615245 6.50000023841858 1.69098281860351
   vertex -214.09523166528089 6.50000023841858 1.60899293422699
  endloop
 endfacet
 facet normal 0.52250282412829 -0.00000000000000 0.85263755416822
  outer loop
   vertex -214.09523166528089 6.50000023841858 1.60899293422699
   vertex -214.09523166528089 11.00000023841859 1.60899293422699
   vertex -214.22902549615245 11.00000023841859 1.69098281860351
  endloop
 endfacet
 facet normal 0.64859693517398 -0.05105676017187 0.75941768673350
  outer loop
   vertex -214.33964051118238 11.11061620712281 1.79289281368256
   vertex -214.34834721879304 11.00000028681302 1.79289209386430
   vertex -214.22902549615245 11.00000023841859 1.69098281860352
  endloop
 endfacet
 facet normal 0.64859693517408 -0.05105676017171 0.75941768673343
  outer loop
   vertex -214.22902549615245 11.00000023841859 1.69098281860352
   vertex -214.22178734650953 11.09194970130921 1.69098281860351
   vertex -214.33964051118238 11.11061620712281 1.79289281368256
  endloop
 endfacet
 facet normal 0.74036441207453 -0.17774072876293 0.64828139775282
  outer loop
   vertex -214.44029604177354 11.12655807831673 1.91221644814155
   vertex -214.33964051118238 11.11061620712281 1.79289281368256
   vertex -214.31373871674879 11.21850800514222 1.79289281368257
  endloop
 endfacet
 facet normal 0.74036441207458 -0.17774072876312 0.64828139775272
  outer loop
   vertex -214.31373871674879 11.21850800514222 1.79289281368257
   vertex -214.41065944543223 11.25000071525575 1.91221475601195
   vertex -214.44029604177354 11.12655807831673 1.91221644814155
  endloop
 endfacet
 facet normal 0.97237125994640 0.00000000000000 0.23343978416340
  outer loop
   vertex -214.59229720940928 11.00000023841859 2.19098281860351
   vertex -214.62892807832105 11.00000023841859 2.34356522560120
   vertex -214.62892807832105 6.50000023841858 2.34356522560120
  endloop
 endfacet
 facet normal 0.97237125994640 0.00000000000000 0.23343978416340
  outer loop
   vertex -214.62892807832105 6.50000023841858 2.34356522560120
   vertex -214.59229720940928 6.50000023841858 2.19098281860351
   vertex -214.59229720940928 11.00000023841859 2.19098281860351
  endloop
 endfacet
 facet normal 0.92144320649336 -0.07251566767627 0.38168559725080
  outer loop
   vertex -214.59229720940931 11.00000023841859 2.19098281860350
   vertex -214.53224552979810 11.00000023841859 2.04600954055785
   vertex -214.52127656275832 11.13938461178911 2.04601024987867
  endloop
 endfacet
 facet normal 0.92144320649337 -0.07251566767630 0.38168559725077
  outer loop
   vertex -214.52127656275832 11.13938461178911 2.04601024987867
   vertex -214.58058871140821 11.14877796173097 2.19098281860351
   vertex -214.59229720940931 11.00000023841859 2.19098281860350
  endloop
 endfacet
 facet normal 0.82977622616710 -0.19922301142286 0.52132677488068
  outer loop
   vertex -214.48863734116895 11.27533626556397 2.04600954055787
   vertex -214.52127827515940 11.13938474655153 2.04600954055786
   vertex -214.44029797425611 11.12655854225160 1.91221475601196
  endloop
 endfacet
 facet normal 0.82977622616721 -0.19922301142272 0.52132677488056
  outer loop
   vertex -214.44029797425611 11.12655854225160 1.91221475601196
   vertex -214.41066013012556 11.25000087964544 1.91221432583702
   vertex -214.48863734116895 11.27533626556397 2.04600954055787
  endloop
 endfacet
 facet normal 0.38268274869928 -0.00000000000000 0.92387981569464
  outer loop
   vertex -214.09523166528089 6.50000023841858 1.60899293422700
   vertex -213.95025838723524 6.50000023841858 1.54894316196442
   vertex -213.95025838723527 11.00000023841859 1.54894316196443
  endloop
 endfacet
 facet normal 0.38268274869928 0.00000000000000 0.92387981569464
  outer loop
   vertex -213.95025838723527 11.00000023841859 1.54894316196443
   vertex -214.09523166528089 11.00000023841859 1.60899293422700
   vertex -214.09523166528089 6.50000023841858 1.60899293422700
  endloop
 endfacet
 facet normal 0.52205739620521 -0.04110344541432 0.85191935172439
  outer loop
   vertex -214.22178734650953 11.09194970130921 1.69098281860351
   vertex -214.22902586690344 11.00000026760914 1.69098221359349
   vertex -214.09523166528089 11.00000023841859 1.60899293422699
  endloop
 endfacet
 facet normal 0.52205739620507 -0.04110344541457 0.85191935172447
  outer loop
   vertex -214.09523166528089 11.00000023841859 1.60899293422699
   vertex -214.08964003434519 11.07101988792420 1.60899293422697
   vertex -214.22178734650953 11.09194970130921 1.69098281860351
  endloop
 endfacet
 facet normal 0.63262256024047 -0.15188316293122 0.75942096434902
  outer loop
   vertex -214.31373871674879 11.21850800514222 1.79289281368258
   vertex -214.33964107296899 11.11061634199934 1.79289213929539
   vertex -214.22178734650953 11.09194970130921 1.69098281860352
  endloop
 endfacet
 facet normal 0.63262256024036 -0.15188316293136 0.75942096434909
  outer loop
   vertex -214.22178734650953 11.09194970130921 1.69098281860352
   vertex -214.20025504937510 11.18163585662843 1.69098281860351
   vertex -214.31373871674879 11.21850800514222 1.79289281368258
  endloop
 endfacet
 facet normal 0.70344702732411 -0.29137184395059 0.64827827998608
  outer loop
   vertex -214.41065883768403 11.25000046352289 1.91221531609676
   vertex -214.31373871674879 11.21850800514222 1.79289281368257
   vertex -214.27127779832227 11.32101964950562 1.79289281368256
  endloop
 endfacet
 facet normal 0.70344702732413 -0.29137184395089 0.64827827998592
  outer loop
   vertex -214.27127779832227 11.32101964950562 1.79289281368256
   vertex -214.36207808366163 11.36728572845460 1.91221475601197
   vertex -214.41065883768403 11.25000046352289 1.91221531609676
  endloop
 endfacet
 facet normal 0.99691718957667 0.00000000000000 0.07846092738780
  outer loop
   vertex -214.62892807832105 11.00000023841859 2.34356522560120
   vertex -214.64124001374586 11.00000023841859 2.49999952316284
   vertex -214.64124001374586 6.50000023841858 2.49999952316284
  endloop
 endfacet
 facet normal 0.99691718957667 0.00000000000000 0.07846092738780
  outer loop
   vertex -214.64124001374586 6.50000023841858 2.49999952316284
   vertex -214.62892807832105 6.50000023841858 2.34356522560120
   vertex -214.62892807832105 11.00000023841859 2.34356522560120
  endloop
 endfacet
 facet normal 0.96953672334535 -0.07629977268951 0.23275928933618
  outer loop
   vertex -214.62892807832105 11.00000023841859 2.34356522560119
   vertex -214.59229720940931 11.00000023841859 2.19098281860351
   vertex -214.58058882030394 11.14877797030075 2.19098279246063
  endloop
 endfacet
 facet normal 0.96953672334540 -0.07629977268982 0.23275928933590
  outer loop
   vertex -214.58058882030394 11.14877797030075 2.19098279246063
   vertex -214.61676873078684 11.15450835227968 2.34356522560119
   vertex -214.62892807832105 11.00000023841859 2.34356522560119
  endloop
 endfacet
 facet normal 0.89875864503222 -0.21577230324719 0.38167422120345
  outer loop
   vertex -214.54574979653700 11.29389286041261 2.19098281860352
   vertex -214.58058871140818 11.14877796173097 2.19098281860352
   vertex -214.52127827515940 11.13938474655153 2.04600954055786
  endloop
 endfacet
 facet normal 0.89875864503209 -0.21577230324739 0.38167422120364
  outer loop
   vertex -214.52127827515940 11.13938474655153 2.04600954055786
   vertex -214.48863891329424 11.27533664299689 2.04600887292623
   vertex -214.54574979653700 11.29389286041261 2.19098281860352
  endloop
 endfacet
 facet normal 0.78839895727204 -0.32656768258926 0.52132584135130
  outer loop
   vertex -214.43513096680985 11.40450882911684 2.04600954055785
   vertex -214.48863672226116 11.27533600920228 2.04600994980832
   vertex -214.41065944543226 11.25000071525576 1.91221475601195
  endloop
 endfacet
 facet normal 0.78839895727184 -0.32656768258945 0.52132584135148
  outer loop
   vertex -214.41065944543226 11.25000071525576 1.91221475601195
   vertex -214.36207808366163 11.36728572845460 1.91221475601196
   vertex -214.43513096680985 11.40450882911684 2.04600954055785
  endloop
 endfacet
 facet normal -0.00000000000000 -0.99691732712641 -0.07845917967413
  outer loop
   vertex -214.64124001374586 6.47537684440613 7.31286859512330
   vertex -217.14124144425733 6.47537684440613 7.31286859512330
   vertex -217.14124144425733 6.50000023841858 6.99999904632569
  endloop
 endfacet
 facet normal 0.00000000000000 -0.99691732712641 -0.07845917967413
  outer loop
   vertex -217.14124144425733 6.50000023841858 6.99999904632569
   vertex -214.64124001374586 6.50000023841858 6.99999904632569
   vertex -214.64124001374586 6.47537684440613 7.31286859512330
  endloop
 endfacet
 facet normal -0.00000000000000 -0.97236953549627 -0.23344696707984
  outer loop
   vertex -214.64124001374586 6.40211272239685 7.61803340911866
   vertex -217.14124144425733 6.40211272239685 7.61803340911866
   vertex -217.14124144425733 6.47537684440613 7.31286859512330
  endloop
 endfacet
 facet normal 0.00000000000000 -0.97236953549627 -0.23344696707984
  outer loop
   vertex -217.14124144425733 6.47537684440613 7.31286859512330
   vertex -214.64124001374586 6.47537684440613 7.31286859512330
   vertex -214.64124001374586 6.40211272239685 7.61803340911866
  endloop
 endfacet
 facet normal -0.00000000000000 -0.92387950102019 -0.38268350839132
  outer loop
   vertex -214.64124001374586 6.28201270103455 7.90798044204712
   vertex -217.14124144425733 6.28201270103455 7.90798044204712
   vertex -217.14124144425733 6.40211272239685 7.61803340911866
  endloop
 endfacet
 facet normal 0.00000000000000 -0.92387950102019 -0.38268350839132
  outer loop
   vertex -217.14124144425733 6.40211272239685 7.61803340911866
   vertex -214.64124001374586 6.40211272239685 7.61803340911866
   vertex -214.64124001374586 6.28201270103455 7.90798044204712
  endloop
 endfacet
 facet normal 0.00000000000000 -0.85264132040111 -0.52249667821399
  outer loop
   vertex -217.14124144425733 6.11803412437439 8.17557048797608
   vertex -217.14124144425733 6.28201270103455 7.90798044204712
   vertex -214.64124001374586 6.28201270103455 7.90798044204713
  endloop
 endfacet
 facet normal 0.00000000000000 -0.85264132040110 -0.52249667821400
  outer loop
   vertex -214.64124001374586 6.28201270103455 7.90798044204713
   vertex -214.64124001374586 6.11803412437439 8.17557048797608
   vertex -217.14124144425733 6.11803412437439 8.17557048797608
  endloop
 endfacet
 facet normal 0.23344205310526 -0.00000000000000 0.97237071523262
  outer loop
   vertex -213.79767407288892 11.00000023841859 1.51231145858765
   vertex -213.95025838723527 11.00000023841859 1.54894316196443
   vertex -213.95025838723524 6.50000023841858 1.54894316196442
  endloop
 endfacet
 facet normal 0.23344205310525 -0.00000000000000 0.97237071523262
  outer loop
   vertex -213.95025838723524 6.50000023841858 1.54894316196442
   vertex -213.79767407288892 6.50000023841858 1.51231145858765
   vertex -213.79767407288892 11.00000023841859 1.51231145858765
  endloop
 endfacet
 facet normal 0.38250493963517 -0.03012582244295 0.92346218437835
  outer loop
   vertex -214.08964003434519 11.07101988792420 1.60899293422698
   vertex -214.09523193261265 11.00000025947345 1.60899228882163
   vertex -213.95025838723527 11.00000023841859 1.54894316196443
  endloop
 endfacet
 facet normal 0.38250493963516 -0.03012582244296 0.92346218437835
  outer loop
   vertex -213.95025838723527 11.00000023841859 1.54894316196443
   vertex -213.94645108094556 11.04834127426148 1.54894316196443
   vertex -214.08964003434519 11.07101988792420 1.60899293422698
  endloop
 endfacet
 facet normal 0.50921004810204 -0.12224490300990 0.85191625797376
  outer loop
   vertex -214.22178694591332 11.09194960513900 1.69098348880710
   vertex -214.08964003434519 11.07101988792421 1.60899293422697
   vertex -214.07301033845286 11.14029073715211 1.60899293422700
  endloop
 endfacet
 facet normal 0.50921004810196 -0.12224490300942 0.85191625797388
  outer loop
   vertex -214.07301033845286 11.14029073715211 1.60899293422700
   vertex -214.20025504937513 11.18163585662843 1.69098281860350
   vertex -214.22178694591332 11.09194960513900 1.69098348880710
  endloop
 endfacet
 facet normal 0.60109160047228 -0.24895761660819 0.75941358492882
  outer loop
   vertex -214.31373760667731 11.21850754537745 1.79289421613661
   vertex -214.20025504937513 11.18163585662844 1.69098281860350
   vertex -214.16496170869215 11.26684927940370 1.69098281860351
  endloop
 endfacet
 facet normal 0.60109160047226 -0.24895761660784 0.75941358492895
  outer loop
   vertex -214.16496170869215 11.26684927940370 1.69098281860351
   vertex -214.27127779832227 11.32101964950563 1.79289281368255
   vertex -214.31373760667731 11.21850754537745 1.79289421613661
  endloop
 endfacet
 facet normal 0.64918970232257 -0.39783262172826 0.64829155130015
  outer loop
   vertex -214.29574931969984 11.47552871704103 1.91221475601196
   vertex -214.36207979843215 11.36728677929018 1.91221304361386
   vertex -214.27127779832227 11.32101964950563 1.79289281368256
  endloop
 endfacet
 facet normal 0.64918970232255 -0.39783262172827 0.64829155130016
  outer loop
   vertex -214.27127779832227 11.32101964950563 1.79289281368256
   vertex -214.21330107560496 11.41562700271608 1.79289281368255
   vertex -214.29574931969984 11.47552871704103 1.91221475601196
  endloop
 endfacet
 facet normal -0.00000000000000 -0.76040578600938 -0.64944825860376
  outer loop
   vertex -214.64124001374586 6.11803412437439 8.17557048797608
   vertex -214.64124001374586 5.91421389579773 8.41421318054200
   vertex -217.14124144425733 5.91421389579773 8.41421318054200
  endloop
 endfacet
 facet normal -0.00000000000000 -0.76040578600938 -0.64944825860376
  outer loop
   vertex -217.14124144425733 5.91421389579773 8.41421318054200
   vertex -217.14124144425733 6.11803412437439 8.17557048797608
   vertex -214.64124001374586 6.11803412437439 8.17557048797608
  endloop
 endfacet
 facet normal 0.07846255626394 0.00000000000000 0.99691706137699
  outer loop
   vertex -213.79767407288892 11.00000023841859 1.51231145858765
   vertex -213.79767407288892 6.50000023841858 1.51231145858765
   vertex -213.64124001374589 6.50000023841858 1.49999928474426
  endloop
 endfacet
 facet normal 0.07846255626394 -0.00000000000000 0.99691706137699
  outer loop
   vertex -213.64124001374589 6.50000023841858 1.49999928474426
   vertex -213.64124001374589 11.00000023841859 1.49999928474426
   vertex -213.79767407288892 11.00000023841859 1.51231145858765
  endloop
 endfacet
 facet normal 0.23340665130185 -0.01836963103300 0.97220568388781
  outer loop
   vertex -213.95025823701022 11.00000022659554 1.54894378769484
   vertex -213.79767407288892 11.00000023841859 1.51231145858765
   vertex -213.79574812760694 11.02447152137757 1.51231145858765
  endloop
 endfacet
 facet normal 0.23340665130185 -0.01836963103296 0.97220568388781
  outer loop
   vertex -213.79574812760694 11.02447152137757 1.51231145858765
   vertex -213.94645108094556 11.04834127426148 1.54894316196442
   vertex -213.95025823701022 11.00000022659554 1.54894378769484
  endloop
 endfacet
 facet normal 0.37309798359754 -0.08955506206122 0.92345968265792
  outer loop
   vertex -214.08963967960230 11.07101980277493 1.60899381225578
   vertex -213.94645108094556 11.04834127426148 1.54894316196442
   vertex -213.93513358941422 11.09549140930177 1.54894316196442
  endloop
 endfacet
 facet normal 0.37309798359759 -0.08955506206163 0.92345968265786
  outer loop
   vertex -213.93513358941422 11.09549140930177 1.54894316196442
   vertex -214.07301033845289 11.14029073715211 1.60899293422699
   vertex -214.08963967960230 11.07101980277493 1.60899381225578
  endloop
 endfacet
 facet normal 0.48380921540814 -0.20039731548635 0.85192109906494
  outer loop
   vertex -214.20025567721558 11.18163611668455 1.69098171306327
   vertex -214.07301033845289 11.14029073715210 1.60899293422700
   vertex -214.04574860444410 11.20610737800599 1.60899293422699
  endloop
 endfacet
 facet normal 0.48380921540814 -0.20039731548643 0.85192109906492
  outer loop
   vertex -214.04574860444410 11.20610737800599 1.60899293422699
   vertex -214.16496170869215 11.26684927940369 1.69098281860352
   vertex -214.20025567721558 11.18163611668455 1.69098171306327
  endloop
 endfacet
 facet normal 0.55472737101074 -0.33994922184903 0.75941561112197
  outer loop
   vertex -214.21330107560496 11.41562700271608 1.79289281368255
   vertex -214.27127803193588 11.32101979266922 1.79289249386811
   vertex -214.16496170869215 11.26684927940370 1.69098281860352
  endloop
 endfacet
 facet normal 0.55472737101068 -0.33994922184906 0.75941561112200
  outer loop
   vertex -214.16496170869215 11.26684927940370 1.69098281860352
   vertex -214.11676777711253 11.34549188613893 1.69098281860351
   vertex -214.21330107560496 11.41562700271608 1.79289281368255
  endloop
 endfacet
 facet normal 0.00000000000000 -0.64945001566500 -0.76040428533296
  outer loop
   vertex -214.64124001374586 5.91421389579773 8.41421318054200
   vertex -214.64124001374586 5.67557120323181 8.61803436279297
   vertex -217.14124144425733 5.67557120323181 8.61803436279297
  endloop
 endfacet
 facet normal 0.00000000000000 -0.64945001566500 -0.76040428533296
  outer loop
   vertex -217.14124144425733 5.67557120323181 8.61803436279297
   vertex -217.14124144425733 5.91421389579773 8.41421318054200
   vertex -214.64124001374586 5.91421389579773 8.41421318054200
  endloop
 endfacet
 facet normal -0.07845953620084 -0.99691729906705 0.00000000000000
  outer loop
   vertex -195.14123953690870 6.50000023841858 0.00000000000000
   vertex -194.82837141862260 6.47537684440613 0.00000000000000
   vertex -194.82837141862260 6.47537684440613 1.49999928474426
  endloop
 endfacet
 facet normal -0.07845953620084 -0.99691729906705 0.00000000000000
  outer loop
   vertex -194.82837141862260 6.47537684440613 1.49999928474426
   vertex -195.14123953690870 6.50000023841858 1.49999928474426
   vertex -195.14123953690870 6.50000023841858 0.00000000000000
  endloop
 endfacet
 facet normal -0.23344593240011 -0.97236978390211 0.00000000000000
  outer loop
   vertex -194.82837141862260 6.47537684440613 0.00000000000000
   vertex -194.52320517411576 6.40211272239685 0.00000000000000
   vertex -194.52320517411576 6.40211272239685 1.49999928474426
  endloop
 endfacet
 facet normal -0.23344593240011 -0.97236978390211 0.00000000000000
  outer loop
   vertex -194.52320517411576 6.40211272239685 1.49999928474426
   vertex -194.82837141862260 6.47537684440613 1.49999928474426
   vertex -194.82837141862260 6.47537684440613 0.00000000000000
  endloop
 endfacet
 facet normal 0.00000000000000 -0.52249735510209 -0.85264090560524
  outer loop
   vertex -214.64124001374586 5.67557120323181 8.61803436279297
   vertex -214.64124001374586 5.40798163414002 8.78201293945313
   vertex -217.14124144425733 5.40798163414002 8.78201293945313
  endloop
 endfacet
 facet normal 0.00000000000000 -0.52249735510209 -0.85264090560524
  outer loop
   vertex -217.14124144425733 5.40798163414002 8.78201293945313
   vertex -217.14124144425733 5.67557120323181 8.61803436279297
   vertex -214.64124001374586 5.67557120323181 8.61803436279297
  endloop
 endfacet
 facet normal -0.38268511994492 -0.92387883349103 0.00000000000000
  outer loop
   vertex -194.23325957169877 6.28201270103455 0.00000000000000
   vertex -194.23325957169877 6.28201270103455 1.49999928474426
   vertex -194.52320517411576 6.40211272239685 1.49999928474426
  endloop
 endfacet
 facet normal -0.38268511994492 -0.92387883349103 -0.00000000000000
  outer loop
   vertex -194.52320517411576 6.40211272239685 1.49999928474426
   vertex -194.52320517411576 6.40211272239685 0.00000000000000
   vertex -194.23325957169877 6.28201270103455 0.00000000000000
  endloop
 endfacet
 facet normal -0.52249735510208 -0.85264090560525 0.00000000000000
  outer loop
   vertex -194.23325957169877 6.28201270103456 -0.00000000000000
   vertex -193.96567000260694 6.11803412437440 -0.00000000000000
   vertex -193.96567000260694 6.11803412437440 1.49999928474426
  endloop
 endfacet
 facet normal -0.52249735510208 -0.85264090560525 0.00000000000000
  outer loop
   vertex -193.96567000260694 6.11803412437440 1.49999928474426
   vertex -194.23325957169877 6.28201270103456 1.49999928474426
   vertex -194.23325957169877 6.28201270103456 -0.00000000000000
  endloop
 endfacet
 facet normal -0.00000000000000 -0.38268297120954 -0.92387972352803
  outer loop
   vertex -214.64124001374586 5.40798163414002 8.78201293945313
   vertex -214.64124001374586 5.11803412437439 8.90211296081544
   vertex -217.14124144425733 5.11803412437439 8.90211296081544
  endloop
 endfacet
 facet normal -0.00000000000000 -0.38268297120954 -0.92387972352803
  outer loop
   vertex -217.14124144425733 5.11803412437439 8.90211296081544
   vertex -217.14124144425733 5.40798163414002 8.78201293945313
   vertex -214.64124001374586 5.40798163414002 8.78201293945313
  endloop
 endfacet
 facet normal -0.64944675792862 -0.76040706770519 0.00000000000000
  outer loop
   vertex -193.96567000260694 6.11803412437439 0.00000000000000
   vertex -193.72702635636674 5.91421389579775 0.00000000000000
   vertex -193.72702635636674 5.91421389579775 1.49999928474426
  endloop
 endfacet
 facet normal -0.64944675792862 -0.76040706770519 0.00000000000000
  outer loop
   vertex -193.72702635636674 5.91421389579775 1.49999928474426
   vertex -193.96567000260694 6.11803412437439 1.49999928474426
   vertex -193.96567000260694 6.11803412437439 0.00000000000000
  endloop
 endfacet
 facet normal -0.76040428533295 -0.64945001566501 -0.00000000000000
  outer loop
   vertex -193.72702635636674 5.91421389579774 0.00000000000000
   vertex -193.52320517411573 5.67557120323180 0.00000000000000
   vertex -193.52320517411573 5.67557120323180 1.49999928474426
  endloop
 endfacet
 facet normal -0.76040428533295 -0.64945001566501 -0.00000000000000
  outer loop
   vertex -193.52320517411573 5.67557120323180 1.49999928474426
   vertex -193.72702635636674 5.91421389579774 1.49999928474426
   vertex -193.72702635636674 5.91421389579774 0.00000000000000
  endloop
 endfacet
 facet normal 0.00000000000000 -0.23344374902731 -0.97237030808230
  outer loop
   vertex -214.64124001374586 5.11803412437439 8.90211296081544
   vertex -214.64124001374586 4.81286883354187 8.97537612915040
   vertex -217.14124144425733 4.81286883354187 8.97537612915040
  endloop
 endfacet
 facet normal 0.00000000000000 -0.23344374902731 -0.97237030808230
  outer loop
   vertex -217.14124144425733 4.81286883354187 8.97537612915040
   vertex -217.14124144425733 5.11803412437439 8.90211296081544
   vertex -214.64124001374586 5.11803412437439 8.90211296081544
  endloop
 endfacet
 facet normal -0.85264090560528 -0.52249735510203 0.00000000000001
  outer loop
   vertex -193.52320517411573 5.67557120323180 0.00000000000000
   vertex -193.35922659745560 5.40798163414000 0.00000000000000
   vertex -193.35922659745560 5.40798163414002 1.49999928474426
  endloop
 endfacet
 facet normal -0.85264090560526 -0.52249735510205 -0.00000000000000
  outer loop
   vertex -193.35922659745560 5.40798163414002 1.49999928474426
   vertex -193.52320517411573 5.67557120323180 1.49999928474426
   vertex -193.52320517411573 5.67557120323180 0.00000000000000
  endloop
 endfacet
 facet normal 0.00000000000000 -0.07846080854331 -0.99691719893015
  outer loop
   vertex -214.64124001374586 4.81286883354187 8.97537612915040
   vertex -214.64124001374586 4.49999976158142 9.00000000000001
   vertex -217.14124144425733 4.49999976158142 9.00000000000001
  endloop
 endfacet
 facet normal 0.00000000000000 -0.07846080854331 -0.99691719893015
  outer loop
   vertex -217.14124144425733 4.49999976158142 9.00000000000001
   vertex -217.14124144425733 4.81286883354187 8.97537612915040
   vertex -214.64124001374586 4.81286883354187 8.97537612915040
  endloop
 endfacet
 facet normal -0.92387972352800 -0.38268297120961 -0.00000000000001
  outer loop
   vertex -193.23912657609327 5.11803412437439 1.49999928474426
   vertex -193.35922659745560 5.40798163414002 1.49999928474426
   vertex -193.35922659745557 5.40798163414001 0.00000000000000
  endloop
 endfacet
 facet normal -0.92387972352803 -0.38268297120955 0.00000000000000
  outer loop
   vertex -193.35922659745557 5.40798163414001 0.00000000000000
   vertex -193.23912657609327 5.11803412437439 0.00000000000000
   vertex -193.23912657609327 5.11803412437439 1.49999928474426
  endloop
 endfacet
 facet normal 0.00000000000000 -0.00000000000000 -1.00000000000000
  outer loop
   vertex -214.64124001374586 4.49999976158142 9.00000000000001
   vertex -214.64124001374586 -4.50000023841858 9.00000000000001
   vertex -217.14124144425733 -4.50000023841858 9.00000000000001
  endloop
 endfacet
 facet normal 0.00000000000000 0.00000000000000 -1.00000000000000
  outer loop
   vertex -217.14124144425733 -4.50000023841858 9.00000000000001
   vertex -217.14124144425733 4.49999976158142 9.00000000000001
   vertex -214.64124001374586 4.49999976158142 9.00000000000001
  endloop
 endfacet
 facet normal 0.00000000000000 0.07846104623265 -0.99691718022315
  outer loop
   vertex -214.64124001374586 -4.50000023841858 9.00000000000001
   vertex -214.64124001374586 -4.81286835670472 8.97537612915040
   vertex -217.14124144425733 -4.81286835670472 8.97537612915040
  endloop
 endfacet
 facet normal 0.00000000000000 0.07846104623265 -0.99691718022315
  outer loop
   vertex -217.14124144425733 -4.81286835670472 8.97537612915040
   vertex -217.14124144425733 -4.50000023841858 9.00000000000001
   vertex -214.64124001374586 -4.50000023841858 9.00000000000001
  endloop
 endfacet
 facet normal 0.00000000000000 0.23344305924932 -0.97237047368188
  outer loop
   vertex -217.14124144425733 -5.11803460121155 8.90211296081544
   vertex -217.14124144425733 -4.81286835670472 8.97537612915040
   vertex -214.64124001374586 -4.81286835670472 8.97537612915040
  endloop
 endfacet
 facet normal 0.00000000000000 0.23344305924932 -0.97237047368188
  outer loop
   vertex -214.64124001374586 -4.81286835670472 8.97537612915040
   vertex -214.64124001374586 -5.11803460121155 8.90211296081544
   vertex -217.14124144425733 -5.11803460121155 8.90211296081544
  endloop
 endfacet
 facet normal 0.00000000000000 0.38268511994493 -0.92387883349102
  outer loop
   vertex -214.64124001374586 -5.11803460121155 8.90211296081544
   vertex -214.64124001374586 -5.40798020362855 8.78201293945313
   vertex -217.14124144425733 -5.40798020362855 8.78201293945313
  endloop
 endfacet
 facet normal 0.00000000000000 0.38268511994493 -0.92387883349102
  outer loop
   vertex -217.14124144425733 -5.40798020362855 8.78201293945313
   vertex -217.14124144425733 -5.11803460121155 8.90211296081544
   vertex -214.64124001374586 -5.11803460121155 8.90211296081544
  endloop
 endfacet
 facet normal 0.00000000000000 0.52249735510209 -0.85264090560524
  outer loop
   vertex -214.64124001374586 -5.40798020362855 8.78201293945313
   vertex -214.64124001374586 -5.67556977272034 8.61803436279297
   vertex -217.14124144425733 -5.67556977272034 8.61803436279297
  endloop
 endfacet
 facet normal 0.00000000000000 0.52249735510209 -0.85264090560524
  outer loop
   vertex -217.14124144425733 -5.67556977272034 8.61803436279297
   vertex -217.14124144425733 -5.40798020362855 8.78201293945313
   vertex -214.64124001374586 -5.40798020362855 8.78201293945313
  endloop
 endfacet
 facet normal 0.00000000000000 0.64944851499171 -0.76040556703319
  outer loop
   vertex -214.64124001374586 -5.67556977272034 8.61803436279297
   vertex -214.64124001374586 -5.91421341896058 8.41421318054200
   vertex -217.14124144425733 -5.91421341896058 8.41421318054200
  endloop
 endfacet
 facet normal 0.00000000000000 0.64944851499171 -0.76040556703319
  outer loop
   vertex -217.14124144425733 -5.91421341896058 8.41421318054200
   vertex -217.14124144425733 -5.67556977272034 8.61803436279297
   vertex -214.64124001374586 -5.67556977272034 8.61803436279297
  endloop
 endfacet
 facet normal -0.97237030808231 -0.23344374902730 0.00000000000000
  outer loop
   vertex -193.23912657609327 5.11803412437439 -0.00000000000000
   vertex -193.16586340775831 4.81286883354186 -0.00000000000000
   vertex -193.16586340775831 4.81286883354187 1.49999928474426
  endloop
 endfacet
 facet normal -0.97237030808230 -0.23344374902731 0.00000000000000
  outer loop
   vertex -193.16586340775831 4.81286883354187 1.49999928474426
   vertex -193.23912657609327 5.11803412437439 1.49999928474426
   vertex -193.23912657609327 5.11803412437439 -0.00000000000000
  endloop
 endfacet
 facet normal -0.00000000000000 0.76040428533296 -0.64945001566500
  outer loop
   vertex -214.64124001374586 -5.91421341896058 8.41421318054200
   vertex -214.64124001374586 -6.11803460121155 8.17557048797608
   vertex -217.14124144425733 -6.11803460121155 8.17557048797608
  endloop
 endfacet
 facet normal -0.00000000000000 0.76040428533296 -0.64945001566500
  outer loop
   vertex -217.14124144425733 -6.11803460121155 8.17557048797608
   vertex -217.14124144425733 -5.91421341896058 8.41421318054200
   vertex -214.64124001374586 -5.91421341896058 8.41421318054200
  endloop
 endfacet
 facet normal -0.99691719893014 -0.07846080854340 0.00000000000000
  outer loop
   vertex -193.16586340775831 4.81286883354187 0.00000000000000
   vertex -193.14123953690867 4.49999976158142 0.00000000000000
   vertex -193.14123953690867 4.49999976158142 1.49999928474426
  endloop
 endfacet
 facet normal -0.99691719893014 -0.07846080854340 0.00000000000000
  outer loop
   vertex -193.14123953690867 4.49999976158142 1.49999928474426
   vertex -193.16586340775831 4.81286883354187 1.49999928474426
   vertex -193.16586340775831 4.81286883354187 0.00000000000000
  endloop
 endfacet
 facet normal 0.00000000000000 0.85264132040111 -0.52249667821399
  outer loop
   vertex -214.64124001374586 -6.11803460121155 8.17557048797608
   vertex -214.64124001374586 -6.28201317787171 7.90798044204712
   vertex -217.14124144425733 -6.28201317787171 7.90798044204712
  endloop
 endfacet
 facet normal 0.00000000000000 0.85264132040111 -0.52249667821399
  outer loop
   vertex -217.14124144425733 -6.28201317787171 7.90798044204712
   vertex -217.14124144425733 -6.11803460121155 8.17557048797608
   vertex -214.64124001374586 -6.11803460121155 8.17557048797608
  endloop
 endfacet
 facet normal -1.00000000000000 0.00000000000000 0.00000000000000
  outer loop
   vertex -193.14123953690867 -4.50000023841858 1.49999928474426
   vertex -193.14123953690867 4.49999976158142 1.49999928474426
   vertex -193.14123953690867 4.49999976158142 0.00000000000000
  endloop
 endfacet
 facet normal -1.00000000000000 0.00000000000000 0.00000000000000
  outer loop
   vertex -193.14123953690867 4.49999976158142 0.00000000000000
   vertex -193.14123953690867 -4.50000023841858 0.00000000000000
   vertex -193.14123953690867 -4.50000023841858 1.49999928474426
  endloop
 endfacet
 facet normal 0.00000000000000 0.92387950102019 -0.38268350839132
  outer loop
   vertex -217.14124144425733 -6.28201317787171 7.90798044204712
   vertex -214.64124001374586 -6.28201317787171 7.90798044204712
   vertex -214.64124001374586 -6.40211319923401 7.61803340911866
  endloop
 endfacet
 facet normal -0.00000000000000 0.92387950102019 -0.38268350839132
  outer loop
   vertex -214.64124001374586 -6.40211319923401 7.61803340911866
   vertex -217.14124144425733 -6.40211319923402 7.61803340911866
   vertex -217.14124144425733 -6.28201317787171 7.90798044204712
  endloop
 endfacet
 facet normal -1.00000000000000 0.00000000000000 0.00000000000000
  outer loop
   vertex -217.14124144425733 -11.00000023841859 15.50000000000001
   vertex -217.14124144425733 11.00000023841859 15.50000000000001
   vertex -217.14124144425733 4.49999976158142 9.00000000000001
  endloop
 endfacet
 facet normal -1.00000000000000 0.00000000000000 0.00000000000000
  outer loop
   vertex -217.14124144425733 11.00000023841859 15.50000000000001
   vertex -217.14124144425733 4.81286883354187 8.97537612915040
   vertex -217.14124144425733 4.49999976158142 9.00000000000001
  endloop
 endfacet
 facet normal -1.00000000000000 0.00000000000000 0.00000000000000
  outer loop
   vertex -217.14124144425733 4.49999976158142 9.00000000000001
   vertex -217.14124144425733 -4.50000023841858 9.00000000000001
   vertex -217.14124144425733 -11.00000023841859 15.50000000000001
  endloop
 endfacet
 facet normal -1.00000000000000 0.00000000000000 0.00000000000000
  outer loop
   vertex -217.14124144425733 11.00000023841859 15.50000000000001
   vertex -217.14124144425733 6.40211272239685 7.61803340911866
   vertex -217.14124144425733 6.28201270103455 7.90798044204712
  endloop
 endfacet
 facet normal -1.00000000000000 0.00000000000000 0.00000000000000
  outer loop
   vertex -217.14124144425733 11.00000023841859 1.99999940395355
   vertex -217.14124144425733 6.50000023841858 6.99999904632569
   vertex -217.14124144425733 6.47537684440613 7.31286859512330
  endloop
 endfacet
 facet normal -1.00000000000000 -0.00000000000000 0.00000000000000
  outer loop
   vertex -217.14124144425733 -4.50000023841858 9.00000000000001
   vertex -217.14124144425733 -4.81286835670472 8.97537612915040
   vertex -217.14124144425733 -11.00000023841859 15.50000000000001
  endloop
 endfacet
 facet normal -1.00000000000000 0.00000000000000 0.00000000000000
  outer loop
   vertex -217.14124144425733 11.00000023841859 15.50000000000001
   vertex -217.14124144425733 6.47537684440613 7.31286859512330
   vertex -217.14124144425733 6.40211272239685 7.61803340911866
  endloop
 endfacet
 facet normal -1.00000000000000 0.00000000000000 0.00000000000000
  outer loop
   vertex -217.14124144425733 11.00000023841859 1.99999940395355
   vertex -217.14124144425733 6.50000023841858 1.99999940395355
   vertex -217.14124144425733 6.50000023841858 6.99999904632569
  endloop
 endfacet
 facet normal -1.00000000000000 0.00000000000000 0.00000000000000
  outer loop
   vertex -217.14124144425733 -11.00000023841859 1.99999940395355
   vertex -217.14124144425733 -11.00000023841859 15.50000000000001
   vertex -217.14124144425733 -6.47537636756898 7.31286859512330
  endloop
 endfacet
 facet normal -1.00000000000000 0.00000000000000 0.00000000000000
  outer loop
   vertex -217.14124144425733 11.00000023841859 15.50000000000001
   vertex -217.14124144425733 5.11803412437439 8.90211296081544
   vertex -217.14124144425733 4.81286883354187 8.97537612915040
  endloop
 endfacet
 facet normal -1.00000000000000 0.00000000000000 0.00000000000000
  outer loop
   vertex -217.14124144425733 11.00000023841859 15.50000000000001
   vertex -217.14124144425733 5.67557120323181 8.61803436279297
   vertex -217.14124144425733 5.40798163414002 8.78201293945313
  endloop
 endfacet
 facet normal -1.00000000000000 0.00000000000000 0.00000000000000
  outer loop
   vertex -217.14124144425733 11.00000023841859 15.50000000000001
   vertex -217.14124144425733 6.11803412437439 8.17557048797608
   vertex -217.14124144425733 5.91421389579773 8.41421318054200
  endloop
 endfacet
 facet normal -1.00000000000000 0.00000000000000 0.00000000000000
  outer loop
   vertex -217.14124144425733 6.47537684440613 7.31286859512330
   vertex -217.14124144425733 11.00000023841859 15.50000000000001
   vertex -217.14124144425733 11.00000023841859 1.99999940395355
  endloop
 endfacet
 facet normal -1.00000000000000 0.00000000000000 0.00000000000000
  outer loop
   vertex -217.14124144425733 -6.47537636756898 7.31286859512330
   vertex -217.14124144425733 -6.50000023841859 6.99999904632569
   vertex -217.14124144425733 -11.00000023841859 1.99999940395355
  endloop
 endfacet
 facet normal -1.00000000000000 0.00000000000000 0.00000000000000
  outer loop
   vertex -217.14124144425733 -11.00000023841859 15.50000000000001
   vertex -217.14124144425733 -5.67556977272034 8.61803436279297
   vertex -217.14124144425733 -5.91421341896058 8.41421318054200
  endloop
 endfacet
 facet normal -1.00000000000000 0.00000000000000 0.00000000000000
  outer loop
   vertex -217.14124144425733 -11.00000023841859 15.50000000000001
   vertex -217.14124144425733 -5.11803460121155 8.90211296081544
   vertex -217.14124144425733 -5.40798020362855 8.78201293945313
  endloop
 endfacet
 facet normal -1.00000000000000 0.00000000000000 0.00000000000000
  outer loop
   vertex -217.14124144425733 5.40798163414002 8.78201293945313
   vertex -217.14124144425733 5.11803412437439 8.90211296081544
   vertex -217.14124144425733 11.00000023841859 15.50000000000001
  endloop
 endfacet
 facet normal -1.00000000000000 0.00000000000000 0.00000000000000
  outer loop
   vertex -217.14124144425733 6.28201270103455 7.90798044204712
   vertex -217.14124144425733 6.11803412437439 8.17557048797608
   vertex -217.14124144425733 11.00000023841859 15.50000000000001
  endloop
 endfacet
 facet normal -1.00000000000000 0.00000000000000 0.00000000000000
  outer loop
   vertex -217.14124144425733 -11.00000023841859 15.50000000000001
   vertex -217.14124144425733 -6.40211319923402 7.61803340911866
   vertex -217.14124144425733 -6.47537636756898 7.31286859512330
  endloop
 endfacet
 facet normal -1.00000000000000 0.00000000000000 0.00000000000000
  outer loop
   vertex -217.14124144425733 -11.00000023841859 15.50000000000001
   vertex -217.14124144425733 -6.11803460121155 8.17557048797608
   vertex -217.14124144425733 -6.28201317787171 7.90798044204712
  endloop
 endfacet
 facet normal -1.00000000000000 -0.00000000000000 0.00000000000000
  outer loop
   vertex -217.14124144425733 -5.40798020362855 8.78201293945313
   vertex -217.14124144425733 -5.67556977272034 8.61803436279297
   vertex -217.14124144425733 -11.00000023841859 15.50000000000001
  endloop
 endfacet
 facet normal -1.00000000000000 0.00000000000000 0.00000000000000
  outer loop
   vertex -217.14124144425733 5.91421389579773 8.41421318054200
   vertex -217.14124144425733 5.67557120323181 8.61803436279297
   vertex -217.14124144425733 11.00000023841859 15.50000000000001
  endloop
 endfacet
 facet normal -1.00000000000000 -0.00000000000000 0.00000000000000
  outer loop
   vertex -217.14124144425733 -6.28201317787171 7.90798044204712
   vertex -217.14124144425733 -6.40211319923402 7.61803340911866
   vertex -217.14124144425733 -11.00000023841859 15.50000000000001
  endloop
 endfacet
 facet normal -1.00000000000000 -0.00000000000000 0.00000000000000
  outer loop
   vertex -217.14124144425733 -4.81286835670472 8.97537612915040
   vertex -217.14124144425733 -5.11803460121155 8.90211296081544
   vertex -217.14124144425733 -11.00000023841859 15.50000000000001
  endloop
 endfacet
 facet normal -1.00000000000000 -0.00000000000000 0.00000000000000
  outer loop
   vertex -217.14124144425733 -5.91421341896058 8.41421318054200
   vertex -217.14124144425733 -6.11803460121155 8.17557048797608
   vertex -217.14124144425733 -11.00000023841859 15.50000000000001
  endloop
 endfacet
 facet normal -1.00000000000000 0.00000000000000 -0.00000000000000
  outer loop
   vertex -217.14124144425733 -6.50000023841859 6.99999904632569
   vertex -217.14124144425733 -6.50000023841858 1.99999940395355
   vertex -217.14124144425733 -11.00000023841859 1.99999940395355
  endloop
 endfacet
 facet normal 0.00000000000000 0.97237022528197 -0.23344409391779
  outer loop
   vertex -214.64124001374586 -6.47537636756898 7.31286859512330
   vertex -217.14124144425733 -6.47537636756898 7.31286859512330
   vertex -217.14124144425733 -6.40211319923402 7.61803340911866
  endloop
 endfacet
 facet normal 0.00000000000000 0.97237022528197 -0.23344409391778
  outer loop
   vertex -217.14124144425733 -6.40211319923402 7.61803340911866
   vertex -214.64124001374586 -6.40211319923402 7.61803340911866
   vertex -214.64124001374586 -6.47537636756898 7.31286859512330
  endloop
 endfacet
 facet normal -0.00000000000000 0.99691720828358 -0.07846068969917
  outer loop
   vertex -214.64124001374586 -6.47537636756898 7.31286859512330
   vertex -214.64124001374586 -6.50000023841859 6.99999904632569
   vertex -217.14124144425733 -6.50000023841859 6.99999904632569
  endloop
 endfacet
 facet normal -0.00000000000000 0.99691720828358 -0.07846068969917
  outer loop
   vertex -217.14124144425733 -6.50000023841859 6.99999904632569
   vertex -217.14124144425733 -6.47537636756898 7.31286859512330
   vertex -214.64124001374586 -6.47537636756898 7.31286859512330
  endloop
 endfacet
 facet normal -0.99691718022314 0.07846104623274 -0.00000000000000
  outer loop
   vertex -193.16586340775831 -4.81286835670471 0.00000000000000
   vertex -193.16586340775831 -4.81286835670471 1.49999928474426
   vertex -193.14123953690867 -4.50000023841858 1.49999928474426
  endloop
 endfacet
 facet normal -0.99691718022314 0.07846104623274 0.00000000000000
  outer loop
   vertex -193.14123953690867 -4.50000023841858 1.49999928474426
   vertex -193.14123953690867 -4.50000023841858 0.00000000000000
   vertex -193.16586340775831 -4.81286835670471 0.00000000000000
  endloop
 endfacet
 facet normal -0.97237047368188 0.23344305924931 -0.00000000000000
  outer loop
   vertex -193.23912657609327 -5.11803460121155 1.49999928474426
   vertex -193.16586340775831 -4.81286835670471 1.49999928474426
   vertex -193.16586340775831 -4.81286835670471 0.00000000000000
  endloop
 endfacet
 facet normal -0.97237047368188 0.23344305924931 0.00000000000000
  outer loop
   vertex -193.16586340775831 -4.81286835670471 0.00000000000000
   vertex -193.23912657609327 -5.11803460121155 0.00000000000000
   vertex -193.23912657609327 -5.11803460121155 1.49999928474426
  endloop
 endfacet
 facet normal -0.92387883349099 0.38268511994502 0.00000000000000
  outer loop
   vertex -193.23912657609327 -5.11803460121155 1.49999928474426
   vertex -193.23912657609327 -5.11803460121155 0.00000000000000
   vertex -193.35922659745560 -5.40798020362853 0.00000000000000
  endloop
 endfacet
 facet normal -0.92387883349099 0.38268511994501 0.00000000000000
  outer loop
   vertex -193.35922659745560 -5.40798020362853 0.00000000000000
   vertex -193.35922659745560 -5.40798020362855 1.49999928474426
   vertex -193.23912657609327 -5.11803460121155 1.49999928474426
  endloop
 endfacet
 facet normal -0.85264090560526 0.52249735510205 0.00000000000000
  outer loop
   vertex -193.52320517411573 -5.67556977272033 0.00000000000000
   vertex -193.52320517411573 -5.67556977272033 1.49999928474426
   vertex -193.35922659745560 -5.40798020362854 1.49999928474426
  endloop
 endfacet
 facet normal -0.85264090560528 0.52249735510203 0.00000000000001
  outer loop
   vertex -193.35922659745560 -5.40798020362854 1.49999928474426
   vertex -193.35922659745560 -5.40798020362853 0.00000000000000
   vertex -193.52320517411573 -5.67556977272033 0.00000000000000
  endloop
 endfacet
 facet normal -0.76040556703317 0.64944851499173 -0.00000000000001
  outer loop
   vertex -193.52320517411570 -5.67556977272034 0.00000000000000
   vertex -193.72702635636671 -5.91421341896059 0.00000000000000
   vertex -193.72702635636671 -5.91421341896058 1.49999928474426
  endloop
 endfacet
 facet normal -0.76040556703315 0.64944851499175 -0.00000000000000
  outer loop
   vertex -193.72702635636671 -5.91421341896058 1.49999928474426
   vertex -193.52320517411570 -5.67556977272034 1.49999928474426
   vertex -193.52320517411570 -5.67556977272034 0.00000000000000
  endloop
 endfacet
 facet normal -0.64944851499172 0.76040556703318 0.00000000000000
  outer loop
   vertex -193.96567000260694 -6.11803460121155 1.49999928474426
   vertex -193.72702635636671 -5.91421341896057 1.49999928474426
   vertex -193.72702635636674 -5.91421341896059 0.00000000000000
  endloop
 endfacet
 facet normal -0.64944851499173 0.76040556703317 0.00000000000000
  outer loop
   vertex -193.72702635636674 -5.91421341896059 0.00000000000000
   vertex -193.96567000260694 -6.11803460121155 0.00000000000000
   vertex -193.96567000260694 -6.11803460121155 1.49999928474426
  endloop
 endfacet
 facet normal -0.52249735510208 0.85264090560524 -0.00000000000000
  outer loop
   vertex -193.96567000260694 -6.11803460121156 0.00000000000000
   vertex -194.23325957169877 -6.28201317787173 0.00000000000000
   vertex -194.23325957169877 -6.28201317787172 1.49999928474426
  endloop
 endfacet
 facet normal -0.52249735510208 0.85264090560524 0.00000000000000
  outer loop
   vertex -194.23325957169877 -6.28201317787172 1.49999928474426
   vertex -193.96567000260694 -6.11803460121156 1.49999928474426
   vertex -193.96567000260694 -6.11803460121156 0.00000000000000
  endloop
 endfacet
 facet normal -0.38268511994492 0.92387883349103 0.00000000000000
  outer loop
   vertex -194.23325957169877 -6.28201317787171 1.49999928474426
   vertex -194.23325957169877 -6.28201317787171 0.00000000000000
   vertex -194.52320517411576 -6.40211319923401 0.00000000000000
  endloop
 endfacet
 facet normal -0.38268511994492 0.92387883349103 0.00000000000000
  outer loop
   vertex -194.52320517411576 -6.40211319923401 0.00000000000000
   vertex -194.52320517411576 -6.40211319923401 1.49999928474426
   vertex -194.23325957169877 -6.28201317787171 1.49999928474426
  endloop
 endfacet
 facet normal 0.00000000000000 0.00000000000000 -1.00000000000000
  outer loop
   vertex -213.87589038720472 12.48153233528138 0.00000000000000
   vertex -214.52291740289073 12.21352553367616 0.00000000000000
   vertex -214.32222498765333 12.33651041984559 0.00000000000000
  endloop
 endfacet
 facet normal 0.00000000000000 0.00000000000000 -1.00000000000000
  outer loop
   vertex -213.87589038720472 12.48153233528138 0.00000000000000
   vertex -214.70189894547804 12.06066012382508 0.00000000000000
   vertex -214.52291740289073 12.21352553367616 0.00000000000000
  endloop
 endfacet
 facet normal 0.00000000000000 0.00000000000000 -1.00000000000000
  outer loop
   vertex -213.64124001374589 12.50000035762788 0.00000000000000
   vertex -214.97774924149851 11.68098592758180 0.00000000000000
   vertex -214.85476626267771 11.88167762756349 0.00000000000000
  endloop
 endfacet
 facet normal 0.00000000000000 0.00000000000000 -1.00000000000000
  outer loop
   vertex -214.32222498765333 12.33651041984559 0.00000000000000
   vertex -214.10476483216624 12.42658519744874 0.00000000000000
   vertex -213.87589038720472 12.48153233528138 0.00000000000000
  endloop
 endfacet
 facet normal 0.00000000000000 0.00000000000000 -1.00000000000000
  outer loop
   vertex -213.64124001374589 12.50000035762788 0.00000000000000
   vertex -215.06782306542738 11.46352577209474 0.00000000000000
   vertex -214.97774924149851 11.68098592758180 0.00000000000000
  endloop
 endfacet
 facet normal 0.00000000000000 0.00000000000000 -1.00000000000000
  outer loop
   vertex -193.14123953690864 4.49999976158142 0.00000000000000
   vertex -193.16586340775828 4.81286883354187 0.00000000000000
   vertex -150.00472868790962 11.68098592758180 0.00000000000000
  endloop
 endfacet
 facet normal 0.00000000000000 0.00000000000000 -1.00000000000000
  outer loop
   vertex -213.64124001374589 12.50000035762788 0.00000000000000
   vertex -151.34123839249949 12.50000035762788 0.00000000000000
   vertex -194.82837141862260 6.47537684440613 0.00000000000000
  endloop
 endfacet
 facet normal 0.00000000000000 0.00000000000000 -1.00000000000000
  outer loop
   vertex -214.85476626267771 11.88167762756349 0.00000000000000
   vertex -214.70189894547804 12.06066012382508 0.00000000000000
   vertex -213.64124001374589 12.50000035762788 0.00000000000000
  endloop
 endfacet
 facet normal 0.00000000000000 0.00000000000000 -1.00000000000000
  outer loop
   vertex -193.16586340775828 4.81286883354187 0.00000000000000
   vertex -150.87771452775340 12.42658519744874 0.00000000000000
   vertex -150.66025389542918 12.33651041984559 0.00000000000000
  endloop
 endfacet
 facet normal 0.00000000000000 -0.00000000000000 -1.00000000000000
  outer loop
   vertex -150.00472868790962 11.68098592758180 0.00000000000000
   vertex -149.91465605607371 11.46352577209474 0.00000000000000
   vertex -193.14123953690864 4.49999976158142 0.00000000000000
  endloop
 endfacet
 facet normal 0.00000000000000 0.00000000000000 -1.00000000000000
  outer loop
   vertex -193.14123953690864 -4.50000023841858 0.00000000000000
   vertex -149.91465605607371 -11.46352601051332 0.00000000000000
   vertex -150.00472868790962 -11.68098473548890 0.00000000000000
  endloop
 endfacet
 facet normal 0.00000000000000 0.00000000000000 -1.00000000000000
  outer loop
   vertex -193.16586340775828 -4.81286835670472 0.00000000000000
   vertex -150.12771452775340 -11.88167786598207 0.00000000000000
   vertex -151.34123839249949 -12.50000023841859 0.00000000000000
  endloop
 endfacet
 facet normal 0.00000000000000 0.00000000000000 -1.00000000000000
  outer loop
   vertex -150.45956267228465 -12.21352601051332 0.00000000000000
   vertex -150.66025389542918 -12.33650994300843 0.00000000000000
   vertex -150.87771452775340 -12.42658448219300 0.00000000000000
  endloop
 endfacet
 facet normal 0.00000000000000 0.00000000000000 -1.00000000000000
  outer loop
   vertex -151.10658873429637 -12.48153138160706 0.00000000000000
   vertex -150.12771452775340 -11.88167786598207 0.00000000000000
   vertex -150.28057707658152 -12.06065964698793 0.00000000000000
  endloop
 endfacet
 facet normal 0.00000000000000 -0.00000000000000 -1.00000000000000
  outer loop
   vertex -213.87589038720472 12.48153233528138 0.00000000000000
   vertex -213.64124001374589 12.50000035762788 0.00000000000000
   vertex -214.70189894547804 12.06066012382508 0.00000000000000
  endloop
 endfacet
 facet normal 0.00000000000000 0.00000000000000 -1.00000000000000
  outer loop
   vertex -193.16586340775828 4.81286883354187 0.00000000000000
   vertex -151.10658873429637 12.48153233528138 0.00000000000000
   vertex -150.87771452775340 12.42658519744874 0.00000000000000
  endloop
 endfacet
 facet normal 0.00000000000000 0.00000000000000 -1.00000000000000
  outer loop
   vertex -193.16586340775828 4.81286883354187 0.00000000000000
   vertex -193.23912657609327 5.11803412437439 0.00000000000000
   vertex -151.34123839249949 12.50000035762788 0.00000000000000
  endloop
 endfacet
 facet normal 0.00000000000000 -0.00000000000000 -1.00000000000000
  outer loop
   vertex -149.91465605607371 11.46352577209474 0.00000000000000
   vertex -149.85970915665965 11.23465156555177 0.00000000000000
   vertex -193.14123953690864 4.49999976158142 0.00000000000000
  endloop
 endfacet
 facet normal 0.00000000000000 0.00000000000000 -1.00000000000000
  outer loop
   vertex -149.84123839249949 -11.00000023841859 0.00000000000000
   vertex -193.14123953690864 -4.50000023841858 0.00000000000000
   vertex -193.14123953690864 4.49999976158142 0.00000000000000
  endloop
 endfacet
 facet normal 0.00000000000000 0.00000000000000 -1.00000000000000
  outer loop
   vertex -193.14123953690864 -4.50000023841858 0.00000000000000
   vertex -149.85970915665965 -11.23465180397035 0.00000000000000
   vertex -149.91465605607371 -11.46352601051332 0.00000000000000
  endloop
 endfacet
 facet normal 0.00000000000000 0.00000000000000 -1.00000000000000
  outer loop
   vertex -150.12771452775340 -11.88167786598207 0.00000000000000
   vertex -151.10658873429637 -12.48153138160706 0.00000000000000
   vertex -151.34123839249949 -12.50000023841859 0.00000000000000
  endloop
 endfacet
 facet normal 0.00000000000000 0.00000000000000 -1.00000000000000
  outer loop
   vertex -150.28057707658152 -12.06065964698793 0.00000000000000
   vertex -150.45956267228465 -12.21352601051332 0.00000000000000
   vertex -151.10658873429637 -12.48153138160706 0.00000000000000
  endloop
 endfacet
 facet normal 0.00000000000000 0.00000000000000 -1.00000000000000
  outer loop
   vertex -151.34123839249949 12.50000035762788 0.00000000000000
   vertex -194.52320517411576 6.40211272239685 0.00000000000000
   vertex -194.82837141862260 6.47537684440613 0.00000000000000
  endloop
 endfacet
 facet normal 0.00000000000000 0.00000000000000 -1.00000000000000
  outer loop
   vertex -193.16586340775828 4.81286883354187 0.00000000000000
   vertex -150.45956267228465 12.21352553367616 0.00000000000000
   vertex -150.28057707658152 12.06066012382508 0.00000000000000
  endloop
 endfacet
 facet normal 0.00000000000000 -0.00000000000000 -1.00000000000000
  outer loop
   vertex -151.34123839249949 12.50000035762788 0.00000000000000
   vertex -151.10658873429637 12.48153233528138 0.00000000000000
   vertex -193.16586340775828 4.81286883354187 0.00000000000000
  endloop
 endfacet
 facet normal 0.00000000000000 0.00000000000000 -1.00000000000000
  outer loop
   vertex -193.14123953690864 4.49999976158142 0.00000000000000
   vertex -149.84123839249949 11.00000023841859 0.00000000000000
   vertex -149.84123839249949 -11.00000023841859 0.00000000000000
  endloop
 endfacet
 facet normal 0.00000000000000 0.00000000000000 -1.00000000000000
  outer loop
   vertex -193.14123953690864 -4.50000023841858 0.00000000000000
   vertex -149.84123839249949 -11.00000023841859 0.00000000000000
   vertex -149.85970915665965 -11.23465180397035 0.00000000000000
  endloop
 endfacet
 facet normal -0.00000000000000 0.00000000000000 -1.00000000000000
  outer loop
   vertex -150.87771452775340 -12.42658448219300 0.00000000000000
   vertex -151.10658873429637 -12.48153138160706 0.00000000000000
   vertex -150.45956267228465 -12.21352601051332 0.00000000000000
  endloop
 endfacet
 facet normal 0.00000000000000 0.00000000000000 -1.00000000000000
  outer loop
   vertex -195.14123953690870 -6.50000023841858 0.00000000000000
   vertex -214.97774924149851 -11.68098473548890 0.00000000000000
   vertex -215.06782306542738 -11.46352601051332 0.00000000000000
  endloop
 endfacet
 facet normal 0.00000000000000 0.00000000000000 -1.00000000000000
  outer loop
   vertex -195.14123953690870 -6.50000023841858 0.00000000000000
   vertex -214.70189894547804 -12.06065964698793 0.00000000000000
   vertex -214.85476626267771 -11.88167786598207 0.00000000000000
  endloop
 endfacet
 facet normal 0.00000000000000 0.00000000000000 -1.00000000000000
  outer loop
   vertex -195.14123953690870 -6.50000023841858 0.00000000000000
   vertex -214.32222498765333 -12.33650994300843 0.00000000000000
   vertex -214.52291740289073 -12.21352601051332 0.00000000000000
  endloop
 endfacet
 facet normal 0.00000000000000 0.00000000000000 -1.00000000000000
  outer loop
   vertex -195.14123953690870 -6.50000023841858 0.00000000000000
   vertex -213.87589038720475 -12.48153138160706 0.00000000000000
   vertex -214.10476483216624 -12.42658448219300 0.00000000000000
  endloop
 endfacet
 facet normal 0.00000000000000 0.00000000000000 -1.00000000000000
  outer loop
   vertex -194.82837141862260 6.47537684440613 0.00000000000000
   vertex -215.06782306542738 11.46352577209474 0.00000000000000
   vertex -213.64124001374589 12.50000035762788 0.00000000000000
  endloop
 endfacet
 facet normal 0.00000000000000 -0.00000000000000 -1.00000000000000
  outer loop
   vertex -150.66025389542918 12.33651041984559 0.00000000000000
   vertex -150.45956267228465 12.21352553367616 0.00000000000000
   vertex -193.16586340775828 4.81286883354187 0.00000000000000
  endloop
 endfacet
 facet normal 0.00000000000000 0.00000000000000 -1.00000000000000
  outer loop
   vertex -150.00472868790962 -11.68098473548890 0.00000000000000
   vertex -193.16586340775828 -4.81286835670472 0.00000000000000
   vertex -193.14123953690864 -4.50000023841858 0.00000000000000
  endloop
 endfacet
 facet normal 0.00000000000000 0.00000000000000 -1.00000000000000
  outer loop
   vertex -193.16586340775828 -4.81286835670472 0.00000000000000
   vertex -150.00472868790962 -11.68098473548890 0.00000000000000
   vertex -150.12771452775340 -11.88167786598207 0.00000000000000
  endloop
 endfacet
 facet normal 0.00000000000000 0.00000000000000 -1.00000000000000
  outer loop
   vertex -214.85476626267771 -11.88167786598207 0.00000000000000
   vertex -214.97774924149851 -11.68098473548890 0.00000000000000
   vertex -195.14123953690870 -6.50000023841858 0.00000000000000
  endloop
 endfacet
 facet normal 0.00000000000000 0.00000000000000 -1.00000000000000
  outer loop
   vertex -214.10476483216624 -12.42658448219300 0.00000000000000
   vertex -214.32222498765333 -12.33650994300843 0.00000000000000
   vertex -195.14123953690870 -6.50000023841858 0.00000000000000
  endloop
 endfacet
 facet normal 0.00000000000000 0.00000000000000 -1.00000000000000
  outer loop
   vertex -215.14124120583875 11.00000023841859 0.00000000000000
   vertex -194.82837141862260 6.47537684440613 0.00000000000000
   vertex -195.14123953690870 6.50000023841858 0.00000000000000
  endloop
 endfacet
 facet normal 0.00000000000000 0.00000000000000 -1.00000000000000
  outer loop
   vertex -194.82837141862260 6.47537684440613 0.00000000000000
   vertex -215.12277115693428 11.23465156555177 0.00000000000000
   vertex -215.06782306542738 11.46352577209474 0.00000000000000
  endloop
 endfacet
 facet normal 0.00000000000000 0.00000000000000 -1.00000000000000
  outer loop
   vertex -151.34123839249949 12.50000035762788 0.00000000000000
   vertex -193.96567000260694 6.11803412437439 0.00000000000000
   vertex -194.23325957169877 6.28201270103455 0.00000000000000
  endloop
 endfacet
 facet normal 0.00000000000000 0.00000000000000 -1.00000000000000
  outer loop
   vertex -151.34123839249949 12.50000035762788 0.00000000000000
   vertex -193.52320517411570 5.67557120323181 0.00000000000000
   vertex -193.72702635636674 5.91421389579773 0.00000000000000
  endloop
 endfacet
 facet normal 0.00000000000000 -0.00000000000000 -1.00000000000000
  outer loop
   vertex -150.28057707658152 12.06066012382508 0.00000000000000
   vertex -150.12771452775340 11.88167762756349 0.00000000000000
   vertex -193.16586340775828 4.81286883354187 0.00000000000000
  endloop
 endfacet
 facet normal 0.00000000000000 0.00000000000000 -1.00000000000000
  outer loop
   vertex -151.34123839249949 -12.50000023841859 0.00000000000000
   vertex -193.23912657609327 -5.11803460121155 0.00000000000000
   vertex -193.16586340775828 -4.81286835670472 0.00000000000000
  endloop
 endfacet
 facet normal 0.00000000000000 0.00000000000000 -1.00000000000000
  outer loop
   vertex -215.06782306542738 -11.46352601051332 0.00000000000000
   vertex -215.12277115693433 -11.23465180397035 0.00000000000000
   vertex -195.14123953690870 -6.50000023841858 0.00000000000000
  endloop
 endfacet
 facet normal 0.00000000000000 0.00000000000000 -1.00000000000000
  outer loop
   vertex -195.14123953690870 -6.50000023841858 0.00000000000000
   vertex -213.64124001374589 -12.50000023841859 0.00000000000000
   vertex -213.87589038720475 -12.48153138160706 0.00000000000000
  endloop
 endfacet
 facet normal 0.00000000000000 0.00000000000000 -1.00000000000000
  outer loop
   vertex -194.82837141862260 6.47537684440613 0.00000000000000
   vertex -215.14124120583875 11.00000023841859 0.00000000000000
   vertex -215.12277115693428 11.23465156555177 0.00000000000000
  endloop
 endfacet
 facet normal 0.00000000000000 0.00000000000000 -1.00000000000000
  outer loop
   vertex -193.72702635636674 5.91421389579773 0.00000000000000
   vertex -193.96567000260694 6.11803412437439 0.00000000000000
   vertex -151.34123839249949 12.50000035762788 0.00000000000000
  endloop
 endfacet
 facet normal 0.00000000000000 0.00000000000000 -1.00000000000000
  outer loop
   vertex -151.34123839249949 12.50000035762788 0.00000000000000
   vertex -193.23912657609327 5.11803412437439 0.00000000000000
   vertex -193.35922659745557 5.40798163414002 0.00000000000000
  endloop
 endfacet
 facet normal 0.00000000000000 -0.00000000000000 -1.00000000000000
  outer loop
   vertex -149.85970915665965 11.23465156555177 0.00000000000000
   vertex -149.84123839249949 11.00000023841859 0.00000000000000
   vertex -193.14123953690864 4.49999976158142 0.00000000000000
  endloop
 endfacet
 facet normal 0.00000000000000 0.00000000000000 -1.00000000000000
  outer loop
   vertex -151.34123839249949 -12.50000023841859 0.00000000000000
   vertex -193.96567000260694 -6.11803460121155 0.00000000000000
   vertex -193.72702635636674 -5.91421341896058 0.00000000000000
  endloop
 endfacet
 facet normal 0.00000000000000 0.00000000000000 -1.00000000000000
  outer loop
   vertex -151.34123839249949 -12.50000023841859 0.00000000000000
   vertex -194.52320517411576 -6.40211319923402 0.00000000000000
   vertex -194.23325957169877 -6.28201317787171 0.00000000000000
  endloop
 endfacet
 facet normal 0.00000000000000 0.00000000000000 -1.00000000000000
  outer loop
   vertex -214.52291740289073 -12.21352601051332 0.00000000000000
   vertex -214.70189894547804 -12.06065964698793 0.00000000000000
   vertex -195.14123953690870 -6.50000023841858 0.00000000000000
  endloop
 endfacet
 facet normal 0.00000000000000 0.00000000000000 -1.00000000000000
  outer loop
   vertex -194.23325957169877 6.28201270103455 0.00000000000000
   vertex -194.52320517411576 6.40211272239685 0.00000000000000
   vertex -151.34123839249949 12.50000035762788 0.00000000000000
  endloop
 endfacet
 facet normal 0.00000000000000 -0.00000000000000 -1.00000000000000
  outer loop
   vertex -150.12771452775340 11.88167762756349 0.00000000000000
   vertex -150.00472868790962 11.68098592758180 0.00000000000000
   vertex -193.16586340775828 4.81286883354187 0.00000000000000
  endloop
 endfacet
 facet normal 0.00000000000000 0.00000000000000 -1.00000000000000
  outer loop
   vertex -151.34123839249949 -12.50000023841859 0.00000000000000
   vertex -193.52320517411570 -5.67556977272034 0.00000000000000
   vertex -193.35922659745557 -5.40798020362855 0.00000000000000
  endloop
 endfacet
 facet normal 0.00000000000000 0.00000000000000 -1.00000000000000
  outer loop
   vertex -194.23325957169877 -6.28201317787171 0.00000000000000
   vertex -193.96567000260694 -6.11803460121155 0.00000000000000
   vertex -151.34123839249949 -12.50000023841859 0.00000000000000
  endloop
 endfacet
 facet normal 0.00000000000000 0.00000000000000 -1.00000000000000
  outer loop
   vertex -213.64124001374589 -12.50000023841859 0.00000000000000
   vertex -195.14123953690870 -6.50000023841858 0.00000000000000
   vertex -194.82837141862260 -6.47537636756898 0.00000000000000
  endloop
 endfacet
 facet normal 0.00000000000000 0.00000000000000 -1.00000000000000
  outer loop
   vertex -215.12277115693433 -11.23465180397035 0.00000000000000
   vertex -215.14124120583875 -11.00000023841859 0.00000000000000
   vertex -195.14123953690870 -6.50000023841858 0.00000000000000
  endloop
 endfacet
 facet normal 0.00000000000000 0.00000000000000 -1.00000000000000
  outer loop
   vertex -193.35922659745557 5.40798163414002 0.00000000000000
   vertex -193.52320517411570 5.67557120323181 0.00000000000000
   vertex -151.34123839249949 12.50000035762788 0.00000000000000
  endloop
 endfacet
 facet normal 0.00000000000000 0.00000000000000 -1.00000000000000
  outer loop
   vertex -193.72702635636674 -5.91421341896058 0.00000000000000
   vertex -193.52320517411570 -5.67556977272034 0.00000000000000
   vertex -151.34123839249949 -12.50000023841859 0.00000000000000
  endloop
 endfacet
 facet normal 0.00000000000000 0.00000000000000 -1.00000000000000
  outer loop
   vertex -215.14124120583875 -11.00000023841859 0.00000000000000
   vertex -215.14124120583875 -6.50000023841858 0.00000000000000
   vertex -195.14123953690870 -6.50000023841858 0.00000000000000
  endloop
 endfacet
 facet normal 0.00000000000000 0.00000000000000 -1.00000000000000
  outer loop
   vertex -193.35922659745557 -5.40798020362855 0.00000000000000
   vertex -193.23912657609327 -5.11803460121155 0.00000000000000
   vertex -151.34123839249949 -12.50000023841859 0.00000000000000
  endloop
 endfacet
 facet normal 0.00000000000000 -0.00000000000000 -1.00000000000000
  outer loop
   vertex -194.82837141862260 -6.47537636756898 0.00000000000000
   vertex -151.34123839249949 -12.50000023841859 0.00000000000000
   vertex -213.64124001374589 -12.50000023841859 0.00000000000000
  endloop
 endfacet
 facet normal 0.00000000000000 0.00000000000000 -1.00000000000000
  outer loop
   vertex -194.82837141862260 -6.47537636756898 0.00000000000000
   vertex -194.52320517411576 -6.40211319923402 0.00000000000000
   vertex -151.34123839249949 -12.50000023841859 0.00000000000000
  endloop
 endfacet
 facet normal 0.00000000000000 0.00000000000000 -1.00000000000000
  outer loop
   vertex -195.14123953690870 6.50000023841858 0.00000000000000
   vertex -215.14124120583875 6.50000023841858 0.00000000000000
   vertex -215.14124120583875 11.00000023841859 0.00000000000000
  endloop
 endfacet
 facet normal -0.23344305924932 0.97237047368188 0.00000000000000
  outer loop
   vertex -194.82837141862260 -6.47537636756898 1.49999928474426
   vertex -194.52320517411576 -6.40211319923402 1.49999928474426
   vertex -194.52320517411576 -6.40211319923402 0.00000000000000
  endloop
 endfacet
 facet normal -0.23344305924932 0.97237047368188 0.00000000000000
  outer loop
   vertex -194.52320517411576 -6.40211319923402 0.00000000000000
   vertex -194.82837141862260 -6.47537636756898 0.00000000000000
   vertex -194.82837141862260 -6.47537636756898 1.49999928474426
  endloop
 endfacet
 facet normal -0.07846104623266 0.99691718022315 0.00000000000000
  outer loop
   vertex -194.82837141862260 -6.47537636756898 1.49999928474426
   vertex -194.82837141862260 -6.47537636756898 0.00000000000000
   vertex -195.14123953690870 -6.50000023841859 0.00000000000000
  endloop
 endfacet
 facet normal -0.07846104623266 0.99691718022315 0.00000000000000
  outer loop
   vertex -195.14123953690870 -6.50000023841859 0.00000000000000
   vertex -195.14123953690870 -6.50000023841859 1.49999928474426
   vertex -194.82837141862260 -6.47537636756898 1.49999928474426
  endloop
 endfacet
 facet normal 0.07846106030610 -0.00617506279382 0.99689805427392
  outer loop
   vertex -213.64124001374589 11.00000023841859 1.49999928474426
   vertex -213.79574812760694 11.02447152137757 1.51231145858765
   vertex -213.79767407288892 11.00000023841859 1.51231145858765
  endloop
 endfacet
 facet normal 0.22766114394645 -0.05464531448387 0.97220589030408
  outer loop
   vertex -213.94645107659466 11.04834127321713 1.54894318054464
   vertex -213.79574812760694 11.02447152137757 1.51231145858765
   vertex -213.79001869073252 11.04834127426149 1.51231145858764
  endloop
 endfacet
 facet normal 0.22766114394645 -0.05464531448378 0.97220589030409
  outer loop
   vertex -213.79001869073252 11.04834127426149 1.51231145858764
   vertex -213.93513358941422 11.09549140930177 1.54894316196442
   vertex -213.94645107659466 11.04834127321713 1.54894318054464
  endloop
 endfacet
 facet normal 0.35447223822740 -0.14684879586356 0.92346351496931
  outer loop
   vertex -214.04574860444410 11.20610737800599 1.60899293422699
   vertex -214.07301089376386 11.14029096720325 1.60899148754281
   vertex -213.93513358941422 11.09549140930176 1.54894316196443
  endloop
 endfacet
 facet normal 0.35447223822733 -0.14684879586364 0.92346351496933
  outer loop
   vertex -213.93513358941422 11.09549140930176 1.54894316196443
   vertex -213.91657437196116 11.14029073715211 1.54894316196442
   vertex -214.04574860444410 11.20610737800599 1.60899293422699
  endloop
 endfacet
 facet normal 0.44650462907401 -0.27361969113147 0.85191894029925
  outer loop
   vertex -214.11676777711253 11.34549188613893 1.69098281860351
   vertex -214.16496141945586 11.26684910215863 1.69098337045863
   vertex -214.04574860444410 11.20610737800599 1.60899293422699
  endloop
 endfacet
 facet normal 0.44650462907403 -0.27361969113145 0.85191894029925
  outer loop
   vertex -214.04574860444410 11.20610737800599 1.60899293422699
   vertex -214.00852574220045 11.26684927940370 1.60899293422699
   vertex -214.11676777711253 11.34549188613893 1.69098281860351
  endloop
 endfacet
 facet normal 0.49471697642063 -0.42253963832124 0.75941778178325
  outer loop
   vertex -214.14123906007151 11.50000023841859 1.79289281368255
   vertex -214.21330143875605 11.41562731288478 1.79289225622567
   vertex -214.11676777711253 11.34549188613892 1.69098281860352
  endloop
 endfacet
 facet normal 0.49471697642063 -0.42253963832124 0.75941778178325
  outer loop
   vertex -214.11676777711253 11.34549188613892 1.69098281860352
   vertex -214.05686510911326 11.41562700271608 1.69098281860352
   vertex -214.14123906007151 11.50000023841859 1.79289281368255
  endloop
 endfacet
 facet normal 0.07652970615046 -0.01836936153203 0.99689807434533
  outer loop
   vertex -213.64124001374589 11.00000023841859 1.49999928474426
   vertex -213.79001869073252 11.04834127426148 1.51231145858764
   vertex -213.79574812760694 11.02447152137757 1.51231145858765
  endloop
 endfacet
 facet normal 0.21630143170244 -0.08960770195514 0.97220581688951
  outer loop
   vertex -213.91657437196116 11.14029073715211 1.54894316196441
   vertex -213.93513358498251 11.09549140746583 1.54894318188352
   vertex -213.79001869073252 11.04834127426148 1.51231145858764
  endloop
 endfacet
 facet normal 0.21630143170237 -0.08960770195524 0.97220581688951
  outer loop
   vertex -213.79001869073252 11.04834127426148 1.51231145858764
   vertex -213.78062356820442 11.07101988792421 1.51231145858764
   vertex -213.91657437196116 11.14029073715211 1.54894316196441
  endloop
 endfacet
 facet normal 0.32715094770328 -0.20047414054590 0.92346216835842
  outer loop
   vertex -214.04574850165938 11.20610731502074 1.60899322436163
   vertex -213.91657437196119 11.14029073715211 1.54894316196441
   vertex -213.89123858323438 11.18163585662843 1.54894316196441
  endloop
 endfacet
 facet normal 0.32715094770324 -0.20047414054606 0.92346216835839
  outer loop
   vertex -213.89123858323438 11.18163585662843 1.54894316196441
   vertex -214.00852574220045 11.26684927940370 1.60899293422699
   vertex -214.04574850165938 11.20610731502074 1.60899322436163
  endloop
 endfacet
 facet normal 0.39821530138193 -0.34009728831973 0.85191455453165
  outer loop
   vertex -214.11676722119321 11.34549141135392 1.69098400789926
   vertex -214.00852574220045 11.26684927940370 1.60899293422699
   vertex -213.96226133218153 11.32101964950563 1.60899293422699
  endloop
 endfacet
 facet normal 0.39821530138191 -0.34009728831978 0.85191455453164
  outer loop
   vertex -213.96226133218153 11.32101964950563 1.60899293422699
   vertex -214.05686510911326 11.41562700271608 1.69098281860351
   vertex -214.11676722119321 11.34549141135392 1.69098400789926
  endloop
 endfacet
 facet normal 0.07271099840739 -0.03012215602495 0.99689807223558
  outer loop
   vertex -213.78062356820442 11.07101988792420 1.51231145858764
   vertex -213.79001869073252 11.04834127426148 1.51231145858764
   vertex -213.64124001374589 11.00000023841859 1.49999928474426
  endloop
 endfacet
 facet normal 0.19962848099682 -0.12232991662483 0.97220566809367
  outer loop
   vertex -213.89123858323438 11.18163585662843 1.54894316196441
   vertex -213.91657437196116 11.14029073715211 1.54894316196441
   vertex -213.78062356820448 11.07101988792420 1.51231145858764
  endloop
 endfacet
 facet normal 0.19962848099641 -0.12232991662525 0.97220566809370
  outer loop
   vertex -213.78062356820448 11.07101988792420 1.51231145858764
   vertex -213.76779739052597 11.09194971762252 1.51231132893917
   vertex -213.89123858323438 11.18163585662843 1.54894316196441
  endloop
 endfacet
 facet normal 0.29176331282893 -0.24918156379187 0.92346235307853
  outer loop
   vertex -214.00852574220045 11.26684927940370 1.60899293422699
   vertex -213.89123858323438 11.18163585662843 1.54894316196441
   vertex -213.85974865334413 11.21850793613491 1.54894341770429
  endloop
 endfacet
 facet normal 0.29176331282885 -0.24918156379206 0.92346235307850
  outer loop
   vertex -213.85974865334413 11.21850793613491 1.54894341770429
   vertex -213.96226133218153 11.32101964950563 1.60899293422699
   vertex -214.00852574220045 11.26684927940370 1.60899293422699
  endloop
 endfacet
 facet normal 0.34008526830135 -0.39820789356652 0.85192281562693
  outer loop
   vertex -213.98673261514048 11.47552871704103 1.69098281860351
   vertex -214.05686589384402 11.41562792156207 1.69098085283167
   vertex -213.96226133218153 11.32101964950562 1.60899293422699
  endloop
 endfacet
 facet normal 0.34008526830137 -0.39820789356651 0.85192281562693
  outer loop
   vertex -213.96226133218153 11.32101964950562 1.60899293422699
   vertex -213.90808810105665 11.36728572845460 1.60899293422699
   vertex -213.98673261514048 11.47552871704103 1.69098281860351
  endloop
 endfacet
 facet normal 0.06710548171534 -0.04112356867645 0.99689804214025
  outer loop
   vertex -213.76779736390455 11.09194970130921 1.51231145858765
   vertex -213.78062356820442 11.07101988792420 1.51231145858764
   vertex -213.64124001374589 11.00000023841859 1.49999928474426
  endloop
 endfacet
 facet normal 0.17804373414806 -0.15204202191016 0.97220556072473
  outer loop
   vertex -213.89123850234773 11.18163578755458 1.54894360364483
   vertex -213.76779736390455 11.09194970130921 1.51231145858765
   vertex -213.75185693612440 11.11061620712281 1.51231145858765
  endloop
 endfacet
 facet normal 0.17804373414809 -0.15204202191011 0.97220556072473
  outer loop
   vertex -213.75185693612440 11.11061620712281 1.51231145858765
   vertex -213.85974873414381 11.21850800514222 1.54894316196442
   vertex -213.89123850234773 11.18163578755458 1.54894360364483
  endloop
 endfacet
 facet normal 0.24919139472069 -0.29176277039843 0.92345987168181
  outer loop
   vertex -213.96226113690247 11.32101942086547 1.60899365789716
   vertex -213.85974873414381 11.21850800514222 1.54894316196441
   vertex -213.82287587037425 11.25000071525575 1.54894316196441
  endloop
 endfacet
 facet normal 0.24919139472070 -0.29176277039841 0.92345987168182
  outer loop
   vertex -213.82287587037425 11.25000071525575 1.54894316196441
   vertex -213.90808810105665 11.36728572845460 1.60899293422698
   vertex -213.96226113690247 11.32101942086547 1.60899365789716
  endloop
 endfacet
 facet normal 0.05985019339565 -0.05110960213865 0.99689807047648
  outer loop
   vertex -213.75185693612440 11.11061620712281 1.51231145858765
   vertex -213.76779736390455 11.09194970130921 1.51231145858765
   vertex -213.64124001374589 11.00000023841859 1.49999928474426
  endloop
 endfacet
 facet normal 0.15204576775743 -0.17803591424915 0.97220640696538
  outer loop
   vertex -213.82287587037425 11.25000071525575 1.54894316196441
   vertex -213.85974880568983 11.21850808891809 1.54894270448687
   vertex -213.75185693612440 11.11061620712281 1.51231145858765
  endloop
 endfacet
 facet normal 0.15204576775738 -0.17803591424917 0.97220640696538
  outer loop
   vertex -213.75185693612440 11.11061620712281 1.51231145858765
   vertex -213.73318947663651 11.12655854225159 1.51231145858765
   vertex -213.82287587037425 11.25000071525575 1.54894316196441
  endloop
 endfacet
 facet normal 0.20046539605386 -0.32715484792218 0.92346268493426
  outer loop
   vertex -213.84734715333326 11.40450882911684 1.60899293422699
   vertex -213.90808835358175 11.36728614056970 1.60899177094631
   vertex -213.82287587037425 11.25000071525575 1.54894316196441
  endloop
 endfacet
 facet normal 0.20046539605383 -0.32715484792219 0.92346268493426
  outer loop
   vertex -213.82287587037425 11.25000071525575 1.54894316196441
   vertex -213.78152884354932 11.27533626556398 1.54894316196442
   vertex -213.84734715333326 11.40450882911684 1.60899293422699
  endloop
 endfacet
 facet normal 0.05111152749382 -0.05984834474678 0.99689808274884
  outer loop
   vertex -213.73318947663651 11.12655854225160 1.51231145858765
   vertex -213.75185693612440 11.11061620712281 1.51231145858765
   vertex -213.64124001374589 11.00000023841859 1.49999928474426
  endloop
 endfacet
 facet normal 0.12233149724037 -0.19962748501269 0.97220567371850
  outer loop
   vertex -213.82287582492708 11.25000064109244 1.54894352314707
   vertex -213.73318947663651 11.12655854225160 1.51231145858765
   vertex -213.71225894799576 11.13938474655153 1.51231145858765
  endloop
 endfacet
 facet normal 0.12233149724027 -0.19962748501279 0.97220567371849
  outer loop
   vertex -213.71225894799576 11.13938474655153 1.51231145858765
   vertex -213.78152884354932 11.27533626556398 1.54894316196442
   vertex -213.82287582492708 11.25000064109244 1.54894352314707
  endloop
 endfacet
 facet normal 0.04112238290348 -0.06710583996713 0.99689806693897
  outer loop
   vertex -213.71225894799576 11.13938474655153 1.51231145858765
   vertex -213.73318947663651 11.12655854225160 1.51231145858765
   vertex -213.64124001374589 11.00000023841859 1.49999928474426
  endloop
 endfacet
 facet normal 0.08959480969025 -0.21630513003985 0.97220618224480
  outer loop
   vertex -213.73673213830335 11.29389286041261 1.54894316196442
   vertex -213.78152887350808 11.27533633789221 1.54894283687756
   vertex -213.71225894799576 11.13938474655153 1.51231145858765
  endloop
 endfacet
 facet normal 0.08959480969019 -0.21630513003986 0.97220618224480
  outer loop
   vertex -213.71225894799576 11.13938474655153 1.51231145858765
   vertex -213.68958128800733 11.14877796173097 1.51231145858765
   vertex -213.73673213830335 11.29389286041261 1.54894316196442
  endloop
 endfacet
 facet normal 0.03011803485010 -0.07271275498346 0.99689806863063
  outer loop
   vertex -213.68958128800733 11.14877796173097 1.51231145858765
   vertex -213.71225894799576 11.13938474655153 1.51231145858765
   vertex -213.64124001374589 11.00000023841859 1.49999928474426
  endloop
 endfacet
 facet normal 0.01837213004039 -0.07652926629426 0.99689805709423
  outer loop
   vertex -213.66571129670484 11.15450835227968 1.51231145858765
   vertex -213.68958128800733 11.14877796173097 1.51231145858765
   vertex -213.64124001374589 11.00000023841859 1.49999928474426
  endloop
 endfacet
 facet normal 0.72761950699065 -0.44586816350362 0.52131701854111
  outer loop
   vertex -214.43512965696598 11.40450802647528 2.04601047902070
   vertex -214.36207808366163 11.36728572845460 1.91221475601196
   vertex -214.29574931969984 11.47552871704103 1.91221475601196
  endloop
 endfacet
 facet normal 0.72761950699064 -0.44586816350371 0.52131701854105
  outer loop
   vertex -214.29574931969984 11.47552871704103 1.91221475601196
   vertex -214.36207808366163 11.52372097969056 2.04600954055786
   vertex -214.43512965696598 11.40450802647528 2.04601047902070
  endloop
 endfacet
 facet normal 0.85393168427759 -0.35372024806056 0.38168398538426
  outer loop
   vertex -214.48863734116895 11.43177056312561 2.19098281860353
   vertex -214.54574979653700 11.29389286041260 2.19098281860352
   vertex -214.48863734116895 11.27533626556396 2.04600954055787
  endloop
 endfacet
 facet normal 0.85393168427764 -0.35372024806050 0.38168398538420
  outer loop
   vertex -214.48863734116895 11.27533626556396 2.04600954055787
   vertex -214.43513082775007 11.40450877151475 2.04600960271374
   vertex -214.48863734116895 11.43177056312561 2.19098281860353
  endloop
 endfacet
 facet normal 0.57896796802613 -0.49448854672771 0.64828787521811
  outer loop
   vertex -214.21330107560496 11.57206130027772 1.91221475601196
   vertex -214.29574895173420 11.47552840276669 1.91221516803412
   vertex -214.21330107560496 11.41562700271608 1.79289281368256
  endloop
 endfacet
 facet normal 0.57896796802603 -0.49448854672775 0.64828787521816
  outer loop
   vertex -214.21330107560496 11.41562700271608 1.79289281368256
   vertex -214.14123906007151 11.50000023841860 1.79289281368255
   vertex -214.21330107560496 11.57206130027772 1.91221475601196
  endloop
 endfacet
 facet normal 0.42255200302856 -0.49472082960476 0.75940839177068
  outer loop
   vertex -214.14123809932528 11.49999911358387 1.79289454033095
   vertex -214.05686510911326 11.41562700271608 1.69098281860351
   vertex -213.98673261514048 11.47552871704103 1.69098281860352
  endloop
 endfacet
 facet normal 0.42255200302857 -0.49472082960473 0.75940839177069
  outer loop
   vertex -213.98673261514048 11.47552871704103 1.69098281860352
   vertex -214.05686510911326 11.57206130027772 1.79289281368255
   vertex -214.14123809932528 11.49999911358387 1.79289454033095
  endloop
 endfacet
 facet normal 0.27362435318102 -0.44650236645335 0.85191862880079
  outer loop
   vertex -213.98673231552743 11.47552822813001 1.69098375143710
   vertex -213.90808810105665 11.36728572845460 1.60899293422699
   vertex -213.84734715333326 11.40450882911683 1.60899293422699
  endloop
 endfacet
 facet normal 0.27362435318100 -0.44650236645338 0.85191862880078
  outer loop
   vertex -213.84734715333326 11.40450882911683 1.60899293422699
   vertex -213.90808810105665 11.52372097969056 1.69098281860351
   vertex -213.98673231552743 11.47552822813001 1.69098375143710
  endloop
 endfacet
 facet normal 0.94566408739955 -0.22702891840014 0.23276018562642
  outer loop
   vertex -214.58058871140821 11.30521225929261 2.34356522560120
   vertex -214.61676873078687 11.15450835227968 2.34356522560119
   vertex -214.58058871140821 11.14877796173097 2.19098281860352
  endloop
 endfacet
 facet normal 0.94566408739962 -0.22702891840000 0.23276018562627
  outer loop
   vertex -214.58058871140821 11.14877796173097 2.19098281860352
   vertex -214.54575039433502 11.29389300392809 2.19098267146504
   vertex -214.58058871140821 11.30521225929261 2.34356522560120
  endloop
 endfacet
 facet normal 0.14684177626998 -0.35448463594859 0.92345987222958
  outer loop
   vertex -213.84734700477867 11.40450847049737 1.60899386845841
   vertex -213.78152884354932 11.27533626556397 1.54894316196442
   vertex -213.73673213830335 11.29389286041260 1.54894316196442
  endloop
 endfacet
 facet normal 0.14684177627000 -0.35448463594857 0.92345987222958
  outer loop
   vertex -213.73673213830335 11.29389286041260 1.54894316196442
   vertex -213.78152884354932 11.43177056312562 1.60899293422699
   vertex -213.84734700477867 11.40450847049737 1.60899386845841
  endloop
 endfacet
 facet normal 0.99386270637839 -0.07822064791444 0.07822052869979
  outer loop
   vertex -214.64124001374586 11.00000023841859 2.49999952316284
   vertex -214.62892807832105 11.00000023841859 2.34356522560120
   vertex -214.61676773421476 11.15450827384579 2.34356530403496
  endloop
 endfacet
 facet normal 0.99386270637839 -0.07822064791441 0.07822052869981
  outer loop
   vertex -214.61676773421476 11.15450827384579 2.34356530403496
   vertex -214.62892807832105 11.15643429756165 2.49999952316284
   vertex -214.64124001374586 11.00000023841859 2.49999952316284
  endloop
 endfacet
 facet normal 0.05465318128226 -0.22765829846540 0.97220611441997
  outer loop
   vertex -213.68958128800733 11.30521225929261 1.54894316196442
   vertex -213.73673213891109 11.29389286294413 1.54894315115365
   vertex -213.68958128800733 11.14877796173097 1.51231145858765
  endloop
 endfacet
 facet normal 0.05465318128227 -0.22765829846540 0.97220611441996
  outer loop
   vertex -213.68958128800733 11.14877796173097 1.51231145858765
   vertex -213.66571129670484 11.15450835227968 1.51231145858765
   vertex -213.68958128800733 11.30521225929261 1.54894316196442
  endloop
 endfacet
 facet normal 0.00617506279378 -0.07846106030610 0.99689805427392
  outer loop
   vertex -213.64124001374589 11.00000023841859 1.49999928474426
   vertex -213.64124001374589 11.15643429756165 1.51231145858765
   vertex -213.66571129670484 11.15450835227968 1.51231145858765
  endloop
 endfacet
 facet normal 0.78808707684671 -0.48294699493695 0.38168175144821
  outer loop
   vertex -214.41065944543226 11.55901718139650 2.19098281860352
   vertex -214.48863734116898 11.43177056312562 2.19098281860352
   vertex -214.43513096680985 11.40450882911685 2.04600954055785
  endloop
 endfacet
 facet normal 0.78808707684658 -0.48294699493706 0.38168175144835
  outer loop
   vertex -214.43513096680985 11.40450882911685 2.04600954055785
   vertex -214.36207720357007 11.52372044036237 2.04600996679869
   vertex -214.41065944543226 11.55901718139650 2.19098281860352
  endloop
 endfacet
 facet normal 0.64888982295724 -0.55421521645888 0.52133241939089
  outer loop
   vertex -214.27127779832227 11.63003706932069 2.04600954055786
   vertex -214.36207977956707 11.52372242815923 2.04600817803000
   vertex -214.29574931969984 11.47552871704103 1.91221475601196
  endloop
 endfacet
 facet normal 0.64888982295727 -0.55421521645887 0.52133241939087
  outer loop
   vertex -214.29574931969984 11.47552871704103 1.91221475601196
   vertex -214.21330107560496 11.57206130027772 1.91221475601196
   vertex -214.27127779832227 11.63003706932069 2.04600954055786
  endloop
 endfacet
 facet normal 0.49448067262106 -0.57897131883943 0.64829088869546
  outer loop
   vertex -214.11676777711253 11.65450859069826 1.91221475601196
   vertex -214.21330145442695 11.57206174382802 1.91221425935590
   vertex -214.14123906007151 11.50000023841860 1.79289281368255
  endloop
 endfacet
 facet normal 0.49448067262120 -0.57897131883940 0.64829088869539
  outer loop
   vertex -214.14123906007151 11.50000023841860 1.79289281368255
   vertex -214.05686510911326 11.57206130027773 1.79289281368255
   vertex -214.11676777711253 11.65450859069826 1.91221475601196
  endloop
 endfacet
 facet normal 0.33993286812926 -0.55473334857868 0.75941856518003
  outer loop
   vertex -213.96226133218153 11.63003706932069 1.79289281368256
   vertex -214.05686584311991 11.57206249809644 1.79289117389332
   vertex -213.98673261514048 11.47552871704103 1.69098281860351
  endloop
 endfacet
 facet normal 0.33993286812940 -0.55473334857867 0.75941856517998
  outer loop
   vertex -213.98673261514048 11.47552871704103 1.69098281860351
   vertex -213.90808810105665 11.52372097969056 1.69098281860352
   vertex -213.96226133218153 11.63003706932069 1.79289281368256
  endloop
 endfacet
 facet normal 0.89850442401259 -0.37217039509275 0.23276382246027
  outer loop
   vertex -214.52127827515940 11.44840121269227 2.34356522560120
   vertex -214.58058871140821 11.30521225929261 2.34356522560120
   vertex -214.54574979653700 11.29389286041261 2.19098281860352
  endloop
 endfacet
 facet normal 0.89850442401263 -0.37217039509269 0.23276382246020
  outer loop
   vertex -214.54574979653700 11.29389286041261 2.19098281860352
   vertex -214.48863895373393 11.43177123106773 2.19098240085734
   vertex -214.52127827515940 11.44840121269227 2.34356522560120
  endloop
 endfacet
 facet normal 0.20039286037858 -0.48381072746998 0.85192128832085
  outer loop
   vertex -213.82287587037425 11.55901718139650 1.69098281860351
   vertex -213.90808825303029 11.52372134660227 1.69098217252464
   vertex -213.84734715333326 11.40450882911683 1.60899293422699
  endloop
 endfacet
 facet normal 0.20039286037855 -0.48381072746998 0.85192128832086
  outer loop
   vertex -213.84734715333326 11.40450882911683 1.60899293422699
   vertex -213.78152884354932 11.43177056312562 1.60899293422699
   vertex -213.82287587037425 11.55901718139650 1.69098281860351
  endloop
 endfacet
 facet normal 0.96939279956025 -0.23272328259293 0.07821428194337
  outer loop
   vertex -214.62892807832105 11.15643429756166 2.49999952316284
   vertex -214.61676873078687 11.15450835227968 2.34356522560119
   vertex -214.58058904326433 11.30521233896170 2.34356519882579
  endloop
 endfacet
 facet normal 0.96939279956022 -0.23272328259312 0.07821428194318
  outer loop
   vertex -214.58058904326433 11.30521233896170 2.34356519882579
   vertex -214.59229720940931 11.30901765823366 2.49999952316284
   vertex -214.62892807832105 11.15643429756166 2.49999952316284
  endloop
 endfacet
 facet normal 0.08956706498145 -0.37309077250141 0.92346143197478
  outer loop
   vertex -213.78152888301773 11.43177072753095 1.60899252729658
   vertex -213.73673213830335 11.29389286041261 1.54894316196442
   vertex -213.68958128800733 11.30521225929261 1.54894316196442
  endloop
 endfacet
 facet normal 0.08956706498147 -0.37309077250139 0.92346143197478
  outer loop
   vertex -213.68958128800733 11.30521225929261 1.54894316196442
   vertex -213.71225894799576 11.44840121269227 1.60899293422699
   vertex -213.78152888301773 11.43177072753095 1.60899252729658
  endloop
 endfacet
 facet normal 0.99691718022315 -0.07846104623265 0.00000000000000
  outer loop
   vertex -214.62892807832105 11.15643429756165 2.49999952316284
   vertex -214.62892807832105 11.15643429756165 13.80000019073487
   vertex -214.64124001374586 11.00000023841859 13.80000019073487
  endloop
 endfacet
 facet normal 0.99691718022315 -0.07846104623265 0.00000000000000
  outer loop
   vertex -214.64124001374586 11.00000023841859 13.80000019073487
   vertex -214.64124001374586 11.00000023841859 2.49999952316284
   vertex -214.62892807832105 11.15643429756165 2.49999952316284
  endloop
 endfacet
 facet normal 0.97237159113367 -0.23343840462995 0.00000000000000
  outer loop
   vertex -214.59229720940928 11.30901765823366 13.80000019073487
   vertex -214.62892807832105 11.15643429756165 13.80000019073487
   vertex -214.62892807832105 11.15643429756165 2.49999952316284
  endloop
 endfacet
 facet normal 0.97237159113367 -0.23343840462995 0.00000000000000
  outer loop
   vertex -214.62892807832105 11.15643429756165 2.49999952316284
   vertex -214.59229720940928 11.30901765823366 2.49999952316284
   vertex -214.59229720940928 11.30901765823366 13.80000019073487
  endloop
 endfacet
 facet normal 0.92104506091595 -0.38152067505984 0.07821745498424
  outer loop
   vertex -214.59229720940931 11.30901765823366 2.49999952316284
   vertex -214.58058871140821 11.30521225929261 2.34356522560120
   vertex -214.52127646825835 11.44840046422713 2.34356537904776
  endloop
 endfacet
 facet normal 0.92104506091597 -0.38152067505980 0.07821745498428
  outer loop
   vertex -214.52127646825835 11.44840046422713 2.34356537904776
   vertex -214.53224552979810 11.45399093627932 2.49999952316284
   vertex -214.59229720940931 11.30901765823366 2.49999952316284
  endloop
 endfacet
 facet normal 0.82921789504880 -0.50814741182171 0.23277433361465
  outer loop
   vertex -214.44029797425605 11.58054852485659 2.34356522560119
   vertex -214.52127827515940 11.44840121269227 2.34356522560120
   vertex -214.48863734116895 11.43177056312561 2.19098281860352
  endloop
 endfacet
 facet normal 0.82921789504880 -0.50814741182170 0.23277433361464
  outer loop
   vertex -214.48863734116895 11.43177056312561 2.19098281860352
   vertex -214.41065996520734 11.55901749991635 2.19098267269458
   vertex -214.44029797425605 11.58054852485659 2.34356522560119
  endloop
 endfacet
 facet normal 0.70284857547018 -0.60027462846943 0.38167296259418
  outer loop
   vertex -214.41065918203861 11.55901695644260 2.19098296163608
   vertex -214.36207808366163 11.52372097969056 2.04600954055786
   vertex -214.27127779832227 11.63003706932070 2.04600954055786
  endloop
 endfacet
 facet normal 0.70284857547024 -0.60027462846929 0.38167296259430
  outer loop
   vertex -214.27127779832227 11.63003706932070 2.04600954055786
   vertex -214.31373871674882 11.67249894142153 2.19098281860351
   vertex -214.41065918203861 11.55901695644260 2.19098296163608
  endloop
 endfacet
 facet normal 0.55421033222775 -0.64889641801023 0.52132940291672
  outer loop
   vertex -214.16496170869215 11.72083902359009 2.04600954055787
   vertex -214.27127756972087 11.63003680166303 2.04600975559651
   vertex -214.21330107560496 11.57206130027772 1.91221475601196
  endloop
 endfacet
 facet normal 0.55421033222776 -0.64889641801022 0.52132940291671
  outer loop
   vertex -214.21330107560496 11.57206130027772 1.91221475601196
   vertex -214.11676777711253 11.65450859069825 1.91221475601196
   vertex -214.16496170869215 11.72083902359009 2.04600954055787
  endloop
 endfacet
 facet normal 0.39784372522300 -0.64919395906243 0.64828047465393
  outer loop
   vertex -214.11676694241262 11.65450722865053 1.91221611614314
   vertex -214.05686510911326 11.57206130027773 1.79289281368255
   vertex -213.96226133218153 11.63003706932069 1.79289281368256
  endloop
 endfacet
 facet normal 0.39784372522299 -0.64919395906245 0.64828047465393
  outer loop
   vertex -213.96226133218153 11.63003706932069 1.79289281368256
   vertex -214.00852574220045 11.72083902359010 1.91221475601196
   vertex -214.11676694241262 11.65450722865053 1.91221611614314
  endloop
 endfacet
 facet normal 0.24897656582493 -0.60108021645896 0.75941638318624
  outer loop
   vertex -213.85974873414381 11.67249894142152 1.79289281368255
   vertex -213.96226127159568 11.63003692305407 1.79289299847864
   vertex -213.90808810105665 11.52372097969057 1.69098281860351
  endloop
 endfacet
 facet normal 0.24897656582490 -0.60108021645896 0.75941638318625
  outer loop
   vertex -213.90808810105665 11.52372097969057 1.69098281860351
   vertex -213.82287587037425 11.55901718139650 1.69098281860351
   vertex -213.85974873414381 11.67249894142152 1.79289281368255
  endloop
 endfacet
 facet normal 0.12225212512535 -0.50920391922747 0.85191888495661
  outer loop
   vertex -213.73318947663651 11.58054852485657 1.69098281860352
   vertex -213.82287580830035 11.55901692284659 1.69098325116803
   vertex -213.78152884354932 11.43177056312562 1.60899293422699
  endloop
 endfacet
 facet normal 0.12225212512540 -0.50920391922748 0.85191888495660
  outer loop
   vertex -213.78152884354932 11.43177056312562 1.60899293422699
   vertex -213.71225894799576 11.44840121269227 1.60899293422699
   vertex -213.73318947663651 11.58054852485657 1.69098281860352
  endloop
 endfacet
 facet normal 0.92387551819517 -0.38269312363773 0.00000000000000
  outer loop
   vertex -214.53224552979810 11.45399093627932 13.80000019073487
   vertex -214.59229720940931 11.30901765823367 13.80000019073487
   vertex -214.59229720940931 11.30901765823367 2.49999952316284
  endloop
 endfacet
 facet normal 0.92387551819517 -0.38269312363773 0.00000000000000
  outer loop
   vertex -214.59229720940931 11.30901765823367 2.49999952316284
   vertex -214.53224552979810 11.45399093627932 2.49999952316284
   vertex -214.53224552979810 11.45399093627932 13.80000019073487
  endloop
 endfacet
 facet normal 0.85002808068382 -0.52089924848230 0.07820636150315
  outer loop
   vertex -214.53224552979808 11.45399093627932 2.49999952316284
   vertex -214.52127827515940 11.44840121269227 2.34356522560120
   vertex -214.44029805429022 11.58054857390170 2.34356521823770
  endloop
 endfacet
 facet normal 0.85002808068377 -0.52089924848239 0.07820636150304
  outer loop
   vertex -214.44029805429022 11.58054857390170 2.34356521823770
   vertex -214.45025576463084 11.58778572082521 2.49999952316284
   vertex -214.53224552979808 11.45399093627932 2.49999952316284
  endloop
 endfacet
 facet normal 0.73951365664546 -0.63161281067767 0.23277630683281
  outer loop
   vertex -214.33964051118238 11.69840168952944 2.34356522560119
   vertex -214.44029797425605 11.58054852485660 2.34356522560119
   vertex -214.41065944543226 11.55901718139650 2.19098281860352
  endloop
 endfacet
 facet normal 0.73951365664526 -0.63161281067781 0.23277630683304
  outer loop
   vertex -214.41065944543226 11.55901718139650 2.19098281860352
   vertex -214.31373699298931 11.67249746917209 2.19098336119033
   vertex -214.33964051118238 11.69840168952944 2.34356522560119
  endloop
 endfacet
 facet normal 0.60028292764047 -0.70284537433091 0.38166580481494
  outer loop
   vertex -214.31373790518251 11.67249799119362 2.19098333460534
   vertex -214.27127779832227 11.63003706932069 2.04600954055786
   vertex -214.16496170869215 11.72083902359010 2.04600954055786
  endloop
 endfacet
 facet normal 0.60028292764051 -0.70284537433084 0.38166580481500
  outer loop
   vertex -214.16496170869215 11.72083902359010 2.04600954055786
   vertex -214.20025504937510 11.76942062377932 2.19098281860351
   vertex -214.31373790518251 11.67249799119362 2.19098333460534
  endloop
 endfacet
 facet normal 0.44587487007155 -0.72760573312406 0.52133050684157
  outer loop
   vertex -214.04574860444410 11.79389309883118 2.04600954055786
   vertex -214.16496190336380 11.72083934126718 2.04600931294180
   vertex -214.11676777711253 11.65450859069825 1.91221475601196
  endloop
 endfacet
 facet normal 0.44587487007154 -0.72760573312406 0.52133050684157
  outer loop
   vertex -214.11676777711253 11.65450859069825 1.91221475601196
   vertex -214.00852574220045 11.72083902359009 1.91221475601197
   vertex -214.04574860444410 11.79389309883118 2.04600954055786
  endloop
 endfacet
 facet normal 0.29137405089905 -0.70344310037738 0.64828154916991
  outer loop
   vertex -214.00852572962239 11.72083899322388 1.91221478399697
   vertex -213.96226133218153 11.63003706932069 1.79289281368256
   vertex -213.85974873414381 11.67249894142152 1.79289281368256
  endloop
 endfacet
 facet normal 0.29137405089910 -0.70344310037732 0.64828154916995
  outer loop
   vertex -213.85974873414381 11.67249894142152 1.79289281368256
   vertex -213.89123858323438 11.76942062377931 1.91221475601196
   vertex -214.00852572962239 11.72083899322388 1.91221478399697
  endloop
 endfacet
 facet normal 0.15187718846732 -0.63262737645348 0.75941814712637
  outer loop
   vertex -213.75185693612440 11.69840168952943 1.79289281368256
   vertex -213.85974880774907 11.67249924801588 1.79289244564075
   vertex -213.82287587037425 11.55901718139650 1.69098281860351
  endloop
 endfacet
 facet normal 0.15187718846735 -0.63262737645349 0.75941814712636
  outer loop
   vertex -213.82287587037425 11.55901718139650 1.69098281860351
   vertex -213.73318947663651 11.58054852485657 1.69098281860352
   vertex -213.75185693612440 11.69840168952943 1.79289281368256
  endloop
 endfacet
 facet normal 0.85263955182689 -0.52249956426818 0.00000000000000
  outer loop
   vertex -214.53224552979810 11.45399093627932 13.80000019073487
   vertex -214.53224552979810 11.45399093627932 2.49999952316284
   vertex -214.45025576463087 11.58778572082522 2.49999952316284
  endloop
 endfacet
 facet normal 0.85263955182681 -0.52249956426831 -0.00000000000000
  outer loop
   vertex -214.45025576463087 11.58778572082522 2.49999952316284
   vertex -214.45025576463084 11.58778572082522 13.80000019073487
   vertex -214.53224552979810 11.45399093627932 13.80000019073487
  endloop
 endfacet
 facet normal 0.75807900904552 -0.64745623698650 0.07820893319723
  outer loop
   vertex -214.45025576463087 11.58778572082522 2.49999952316284
   vertex -214.44029797425611 11.58054852485660 2.34356522560119
   vertex -214.33964168115904 11.69840268877709 2.34356510489791
  endloop
 endfacet
 facet normal 0.75807900904551 -0.64745623698651 0.07820893319721
  outer loop
   vertex -214.33964168115904 11.69840268877709 2.34356510489791
   vertex -214.34834660401685 11.70710682868959 2.49999952316284
   vertex -214.45025576463087 11.58778572082522 2.49999952316284
  endloop
 endfacet
 facet normal 0.63160806234745 -0.73952211027305 0.23276233371187
  outer loop
   vertex -214.22178734650953 11.79905724525453 2.34356522560119
   vertex -214.33964051118238 11.69840168952943 2.34356522560120
   vertex -214.31373871674879 11.67249894142152 2.19098281860352
  endloop
 endfacet
 facet normal 0.63160806234751 -0.73952211027302 0.23276233371181
  outer loop
   vertex -214.31373871674879 11.67249894142152 2.19098281860352
   vertex -214.20025597922191 11.76942171249601 2.19098247593325
   vertex -214.22178734650953 11.79905724525453 2.34356522560119
  endloop
 endfacet
 facet normal 0.48294498907612 -0.78809253472581 0.38167302005213
  outer loop
   vertex -214.20025546006855 11.76942129396830 2.19098249403115
   vertex -214.16496170869215 11.72083902359010 2.04600954055786
   vertex -214.04574860444410 11.79389309883119 2.04600954055786
  endloop
 endfacet
 facet normal 0.48294498907602 -0.78809253472594 0.38167302005199
  outer loop
   vertex -214.04574860444410 11.79389309883119 2.04600954055786
   vertex -214.07301033845289 11.84739756584168 2.19098281860352
   vertex -214.20025546006855 11.76942129396830 2.19098249403115
  endloop
 endfacet
 facet normal 0.32656377661588 -0.78840008215717 0.52132658694616
  outer loop
   vertex -214.04574837617136 11.79389254772833 2.04600990497255
   vertex -214.00852574220045 11.72083902359010 1.91221475601196
   vertex -213.89123858323438 11.76942062377932 1.91221475601196
  endloop
 endfacet
 facet normal 0.32656377661583 -0.78840008215723 0.52132658694611
  outer loop
   vertex -213.89123858323438 11.76942062377932 1.91221475601196
   vertex -213.91657437196119 11.84739756584168 2.04600954055786
   vertex -214.04574837617136 11.79389254772833 2.04600990497255
  endloop
 endfacet
 facet normal 0.17774613590873 -0.74035967590401 0.64828532411649
  outer loop
   vertex -213.89123868272290 11.76942103817531 1.91221439315205
   vertex -213.85974873414381 11.67249894142152 1.79289281368256
   vertex -213.75185693612440 11.69840168952943 1.79289281368256
  endloop
 endfacet
 facet normal 0.17774613590873 -0.74035967590402 0.64828532411648
  outer loop
   vertex -213.75185693612440 11.69840168952943 1.79289281368256
   vertex -213.76779736390455 11.79905724525453 1.91221475601196
   vertex -213.89123868272290 11.76942103817531 1.91221439315205
  endloop
 endfacet
 facet normal 0.76040814652106 -0.64944549479107 0.00000000000000
  outer loop
   vertex -214.34834660401685 11.70710682868958 2.49999952316284
   vertex -214.34834660401685 11.70710682868958 13.80000019073487
   vertex -214.45025576463084 11.58778572082521 13.80000019073487
  endloop
 endfacet
 facet normal 0.76040814652106 -0.64944549479106 0.00000000000000
  outer loop
   vertex -214.45025576463084 11.58778572082521 13.80000019073487
   vertex -214.45025576463084 11.58778572082521 2.49999952316284
   vertex -214.34834660401685 11.70710682868958 2.49999952316284
  endloop
 endfacet
 facet normal 0.64745839799895 -0.75807621867864 0.07821808956071
  outer loop
   vertex -214.22902549615245 11.80901670455934 2.49999952316284
   vertex -214.34834660401685 11.70710682868959 2.49999952316284
   vertex -214.33964051118238 11.69840168952943 2.34356522560120
  endloop
 endfacet
 facet normal 0.64745839799915 -0.75807621867849 0.07821808956046
  outer loop
   vertex -214.33964051118238 11.69840168952943 2.34356522560120
   vertex -214.22178763017735 11.79905757738678 2.34356519133189
   vertex -214.22902549615245 11.80901670455934 2.49999952316284
  endloop
 endfacet
 facet normal 0.50815362614883 -0.82921770914887 0.23276142950606
  outer loop
   vertex -214.22178651971080 11.79905589606383 2.34356560431906
   vertex -214.20025504937510 11.76942062377932 2.19098281860351
   vertex -214.07301033845289 11.84739756584168 2.19098281860352
  endloop
 endfacet
 facet normal 0.50815362614880 -0.82921770914889 0.23276142950602
  outer loop
   vertex -214.07301033845289 11.84739756584168 2.19098281860352
   vertex -214.08964003434522 11.88003659248354 2.34356522560120
   vertex -214.22178651971080 11.79905589606383 2.34356560431906
  endloop
 endfacet
 facet normal 0.35371897732621 -0.85393696927389 0.38167333884700
  outer loop
   vertex -213.93513358941422 11.90450906753540 2.19098281860352
   vertex -214.07301033845289 11.84739756584168 2.19098281860352
   vertex -214.04574860444410 11.79389309883119 2.04600954055786
  endloop
 endfacet
 facet normal 0.35371897732609 -0.85393696927390 0.38167333884711
  outer loop
   vertex -214.04574860444410 11.79389309883119 2.04600954055786
   vertex -213.91657505641066 11.84739921821756 2.04600880201645
   vertex -213.93513358941422 11.90450906753540 2.19098281860352
  endloop
 endfacet
 facet normal 0.19921925641155 -0.82977973538547 0.52132262431094
  outer loop
   vertex -213.91657420956906 11.84739688945266 2.04600996551028
   vertex -213.89123858323438 11.76942062377931 1.91221475601196
   vertex -213.76779736390455 11.79905724525453 1.91221475601196
  endloop
 endfacet
 facet normal 0.19921925641152 -0.82977973538550 0.52132262431091
  outer loop
   vertex -213.76779736390455 11.79905724525453 1.91221475601196
   vertex -213.78062356820442 11.88003659248353 2.04600954055786
   vertex -213.91657420956906 11.84739688945266 2.04600996551028
  endloop
 endfacet
 facet normal 0.64944813040885 -0.76040589549822 -0.00000000000000
  outer loop
   vertex -214.22902549615245 11.80901670455934 13.80000019073487
   vertex -214.34834660401685 11.70710682868959 13.80000019073487
   vertex -214.34834660401685 11.70710682868959 2.49999952316284
  endloop
 endfacet
 facet normal 0.64944813040885 -0.76040589549822 -0.00000000000000
  outer loop
   vertex -214.34834660401685 11.70710682868959 2.49999952316284
   vertex -214.22902549615245 11.80901670455934 2.49999952316284
   vertex -214.22902549615245 11.80901670455934 13.80000019073487
  endloop
 endfacet
 facet normal 0.52090252447005 -0.85002489585907 0.07821915635250
  outer loop
   vertex -214.09523166528089 11.89100670814514 2.49999952316284
   vertex -214.22902549615245 11.80901670455933 2.49999952316284
   vertex -214.22178734650953 11.79905724525453 2.34356522560120
  endloop
 endfacet
 facet normal 0.52090252446997 -0.85002489585912 0.07821915635259
  outer loop
   vertex -214.22178734650953 11.79905724525453 2.34356522560120
   vertex -214.08964076741825 11.88003778873481 2.34356511552234
   vertex -214.09523166528089 11.89100670814514 2.49999952316284
  endloop
 endfacet
 facet normal 0.37217881538225 -0.89850211610883 0.23275926776096
  outer loop
   vertex -214.08963985357917 11.88003615608389 2.34356533865164
   vertex -214.07301033845289 11.84739756584167 2.19098281860352
   vertex -213.93513358941422 11.90450906753540 2.19098281860352
  endloop
 endfacet
 facet normal 0.37217881538210 -0.89850211610894 0.23275926776079
  outer loop
   vertex -213.93513358941422 11.90450906753540 2.19098281860352
   vertex -213.94645108094556 11.93934798240662 2.34356522560120
   vertex -214.08963985357917 11.88003615608389 2.34356533865164
  endloop
 endfacet
 facet normal 0.21577147500841 -0.89875519515993 0.38168281300804
  outer loop
   vertex -213.79001869073255 11.93934798240662 2.19098281860352
   vertex -213.93513358941422 11.90450906753540 2.19098281860352
   vertex -213.91657437196119 11.84739756584168 2.04600954055786
  endloop
 endfacet
 facet normal 0.21577147500853 -0.89875519515994 0.38168281300794
  outer loop
   vertex -213.91657437196119 11.84739756584168 2.04600954055786
   vertex -213.78062352735805 11.88003642234544 2.04600961281200
   vertex -213.79001869073255 11.93934798240662 2.19098281860352
  endloop
 endfacet
 facet normal 0.52250337641822 -0.85263721572047 -0.00000000000000
  outer loop
   vertex -214.09523166528089 11.89100670814515 13.80000019073487
   vertex -214.22902549615245 11.80901670455934 13.80000019073487
   vertex -214.22902549615245 11.80901670455934 2.49999952316284
  endloop
 endfacet
 facet normal 0.52250337641822 -0.85263721572047 -0.00000000000000
  outer loop
   vertex -214.22902549615245 11.80901670455934 2.49999952316284
   vertex -214.09523166528089 11.89100670814515 2.49999952316284
   vertex -214.09523166528089 11.89100670814515 13.80000019073487
  endloop
 endfacet
 facet normal 0.38268274869927 -0.92387981569465 0.00000000000000
  outer loop
   vertex -214.09523166528089 11.89100670814515 13.80000019073487
   vertex -214.09523166528089 11.89100670814515 2.49999952316284
   vertex -213.95025838723527 11.95105648040771 2.49999952316284
  endloop
 endfacet
 facet normal 0.38268274869927 -0.92387981569465 0.00000000000000
  outer loop
   vertex -213.95025838723527 11.95105648040771 2.49999952316284
   vertex -213.95025838723527 11.95105648040771 13.80000019073487
   vertex -214.09523166528089 11.89100670814515 13.80000019073487
  endloop
 endfacet
 facet normal 0.38151407670431 -0.92104739783295 0.07822212105027
  outer loop
   vertex -213.95025838723527 11.95105648040772 2.49999952316284
   vertex -214.09523141354362 11.89100610040356 2.49999957477673
   vertex -214.08964003434522 11.88003659248353 2.34356522560120
  endloop
 endfacet
 facet normal 0.38151407670426 -0.92104739783297 0.07822212105032
  outer loop
   vertex -214.08964003434522 11.88003659248353 2.34356522560120
   vertex -213.94645108094556 11.93934798240662 2.34356522560120
   vertex -213.95025838723527 11.95105648040772 2.49999952316284
  endloop
 endfacet
 facet normal 0.22703585884041 -0.94566208572984 0.23276154840024
  outer loop
   vertex -213.94645108094556 11.93934798240662 2.34356522560120
   vertex -213.93513358941422 11.90450906753540 2.19098281860352
   vertex -213.79001879170701 11.93934840299082 2.19098271508258
  endloop
 endfacet
 facet normal 0.22703585884041 -0.94566208572985 0.23276154840024
  outer loop
   vertex -213.79001879170701 11.93934840299082 2.19098271508258
   vertex -213.79574812760694 11.97552895545960 2.34356522560120
   vertex -213.94645108094556 11.93934798240662 2.34356522560120
  endloop
 endfacet
 facet normal 0.07252204830065 -0.92144706405656 0.38167507208597
  outer loop
   vertex -213.64124001374589 11.95105648040773 2.19098281860352
   vertex -213.79001862014749 11.93934708557058 2.19098319008439
   vertex -213.78062356820442 11.88003659248353 2.04600954055786
  endloop
 endfacet
 facet normal 0.07252204830065 -0.92144706405656 0.38167507208597
  outer loop
   vertex -213.78062356820442 11.88003659248353 2.04600954055786
   vertex -213.64124001374589 11.89100670814515 2.04600954055786
   vertex -213.64124001374589 11.95105648040773 2.19098281860352
  endloop
 endfacet
 facet normal 0.23344277138844 -0.97237054279039 0.00000000000000
  outer loop
   vertex -213.95025838723527 11.95105648040772 13.80000019073487
   vertex -213.95025838723527 11.95105648040772 2.49999952316284
   vertex -213.79767407288892 11.98768830299379 2.49999952316284
  endloop
 endfacet
 facet normal 0.23344277138844 -0.97237054279039 0.00000000000000
  outer loop
   vertex -213.79767407288892 11.98768830299379 2.49999952316284
   vertex -213.79767407288892 11.98768830299379 13.80000019073487
   vertex -213.95025838723527 11.95105648040772 13.80000019073487
  endloop
 endfacet
 facet normal 0.23273262409024 -0.96939056164386 0.07821422300245
  outer loop
   vertex -213.79767407288892 11.98768830299379 2.49999952316284
   vertex -213.95025819993157 11.95105570024017 2.49999958610981
   vertex -213.94645108094556 11.93934798240663 2.34356522560120
  endloop
 endfacet
 facet normal 0.23273262409028 -0.96939056164385 0.07821422300241
  outer loop
   vertex -213.94645108094556 11.93934798240663 2.34356522560120
   vertex -213.79574812760694 11.97552895545961 2.34356522560120
   vertex -213.79767407288892 11.98768830299379 2.49999952316284
  endloop
 endfacet
 facet normal 0.07629966046547 -0.96953529731962 0.23276526601752
  outer loop
   vertex -213.79574812760694 11.97552895545961 2.34356522560120
   vertex -213.79001869073255 11.93934798240663 2.19098281860352
   vertex -213.64124001072804 11.95105644206059 2.19098282780986
  endloop
 endfacet
 facet normal 0.07629966046549 -0.96953529731962 0.23276526601754
  outer loop
   vertex -213.64124001072804 11.95105644206059 2.19098282780986
   vertex -213.64124001374589 11.98768830299379 2.34356522560120
   vertex -213.79574812760694 11.97552895545961 2.34356522560120
  endloop
 endfacet
 facet normal 0.06694807084094 -0.85072594651511 0.52132841830908
  outer loop
   vertex -213.64124001374589 11.89100670814515 2.04600954055786
   vertex -213.78062364197797 11.88003752994240 2.04600896607915
   vertex -213.76779736390455 11.79905724525453 1.91221475601196
  endloop
 endfacet
 facet normal 0.06694807084091 -0.85072594651510 0.52132841830910
  outer loop
   vertex -213.76779736390455 11.79905724525453 1.91221475601196
   vertex -213.64124001374589 11.80901670455933 1.91221475601196
   vertex -213.64124001374589 11.89100670814515 2.04600954055786
  endloop
 endfacet
 facet normal 0.00000000000000 -0.92387981569465 0.38268274869926
  outer loop
   vertex -151.34123839249949 11.89100670814515 2.04600954055786
   vertex -151.34123839249949 11.95105648040773 2.19098281860352
   vertex -213.64124001374589 11.95105648040773 2.19098281860352
  endloop
 endfacet
 facet normal 0.00000000000000 -0.92387981569465 0.38268274869926
  outer loop
   vertex -213.64124001374589 11.95105648040773 2.19098281860352
   vertex -213.64124001374589 11.89100670814515 2.04600954055786
   vertex -151.34123839249949 11.89100670814515 2.04600954055786
  endloop
 endfacet
 facet normal 0.07822068713149 -0.99386320466593 0.07821415802681
  outer loop
   vertex -213.64124001374589 12.00000023841859 2.49999952316284
   vertex -213.79767407288892 11.98768830299379 2.49999952316284
   vertex -213.79574812760694 11.97552895545961 2.34356522560120
  endloop
 endfacet
 facet normal 0.07822068713146 -0.99386320466593 0.07821415802684
  outer loop
   vertex -213.79574812760694 11.97552895545961 2.34356522560120
   vertex -213.64124009217983 11.98768929956689 2.34356514717378
   vertex -213.64124001374589 12.00000023841859 2.49999952316284
  endloop
 endfacet
 facet normal -0.00000000000000 -0.97236988039006 0.23344553049957
  outer loop
   vertex -151.34123839249949 11.95105648040773 2.19098281860352
   vertex -151.34123839249949 11.98768830299379 2.34356522560120
   vertex -213.64124001374589 11.98768830299379 2.34356522560120
  endloop
 endfacet
 facet normal -0.00000000000000 -0.97236988039006 0.23344553049957
  outer loop
   vertex -213.64124001374589 11.98768830299379 2.34356522560120
   vertex -213.64124001374589 11.95105648040773 2.19098281860352
   vertex -151.34123839249949 11.95105648040773 2.19098281860352
  endloop
 endfacet
 facet normal 0.07846104623267 -0.99691718022315 0.00000000000000
  outer loop
   vertex -213.79767407288892 11.98768830299379 13.80000019073487
   vertex -213.79767407288892 11.98768830299379 2.49999952316284
   vertex -213.64124001374589 12.00000023841859 2.49999952316284
  endloop
 endfacet
 facet normal 0.07846104623267 -0.99691718022315 0.00000000000000
  outer loop
   vertex -213.64124001374589 12.00000023841859 2.49999952316284
   vertex -213.64124001374589 12.00000023841859 13.80000019073487
   vertex -213.79767407288892 11.98768830299379 13.80000019073487
  endloop
 endfacet
 facet normal 0.05973442567803 -0.75905028133211 0.64828579253178
  outer loop
   vertex -213.76779735791675 11.79905716916745 1.91221482099602
   vertex -213.75185693612440 11.69840168952943 1.79289281368256
   vertex -213.64124001374589 11.70710682868959 1.79289281368256
  endloop
 endfacet
 facet normal 0.05973442567806 -0.75905028133209 0.64828579253180
  outer loop
   vertex -213.64124001374589 11.70710682868959 1.79289281368256
   vertex -213.64124001374589 11.80901670455934 1.91221475601196
   vertex -213.76779735791675 11.79905716916745 1.91221482099602
  endloop
 endfacet
 facet normal 0.00000000000000 -0.85263887493720 0.52250066884725
  outer loop
   vertex -151.34123839249949 11.89100670814515 2.04600954055786
   vertex -213.64124001374589 11.89100670814515 2.04600954055786
   vertex -213.64124001374589 11.80901670455934 1.91221475601196
  endloop
 endfacet
 facet normal 0.00000000000000 -0.85263887493720 0.52250066884725
  outer loop
   vertex -213.64124001374589 11.80901670455934 1.91221475601196
   vertex -151.34123839249949 11.80901670455934 1.91221475601196
   vertex -151.34123839249949 11.89100670814515 2.04600954055786
  endloop
 endfacet
 facet normal 0.00000000000000 -0.99691718957667 0.07846092738780
  outer loop
   vertex -151.34123839249949 11.98768830299379 2.34356522560120
   vertex -151.34123839249949 12.00000023841859 2.49999952316284
   vertex -213.64124001374589 12.00000023841859 2.49999952316284
  endloop
 endfacet
 facet normal 0.00000000000000 -0.99691718957667 0.07846092738780
  outer loop
   vertex -213.64124001374589 12.00000023841859 2.49999952316284
   vertex -213.64124001374589 11.98768830299379 2.34356522560120
   vertex -151.34123839249949 11.98768830299379 2.34356522560120
  endloop
 endfacet
 facet normal 0.00000000000000 -1.00000000000000 0.00000000000000
  outer loop
   vertex -213.64124001374589 12.00000023841859 13.80000019073487
   vertex -213.64124001374589 12.00000023841859 2.49999952316284
   vertex -151.34123839249949 12.00000023841859 2.49999952316284
  endloop
 endfacet
 facet normal 0.00000000000000 -1.00000000000000 0.00000000000000
  outer loop
   vertex -151.34123839249949 12.00000023841859 2.49999952316284
   vertex -151.34123839249949 12.00000023841859 13.80000019073487
   vertex -213.64124001374589 12.00000023841859 13.80000019073487
  endloop
 endfacet
 facet normal 0.05105041121948 -0.64860173917137 0.75941401057539
  outer loop
   vertex -213.75185689166071 11.69840112461272 1.79289347511412
   vertex -213.73318947663651 11.58054852485658 1.69098281860352
   vertex -213.64124001374589 11.58778572082521 1.69098281860352
  endloop
 endfacet
 facet normal 0.05105041121947 -0.64860173917138 0.75941401057538
  outer loop
   vertex -213.64124001374589 11.58778572082521 1.69098281860352
   vertex -213.64124001374589 11.70710682868959 1.79289281368256
   vertex -213.75185689166071 11.69840112461272 1.79289347511412
  endloop
 endfacet
 facet normal 0.00000000000000 -0.76040813846392 0.64944550422482
  outer loop
   vertex -151.34123839249949 11.80901670455934 1.91221475601196
   vertex -213.64124001374589 11.80901670455934 1.91221475601196
   vertex -213.64124001374589 11.70710682868959 1.79289281368256
  endloop
 endfacet
 facet normal 0.00000000000000 -0.76040813846392 0.64944550422482
  outer loop
   vertex -213.64124001374589 11.70710682868959 1.79289281368256
   vertex -151.34123839249949 11.70710682868959 1.79289281368256
   vertex -151.34123839249949 11.80901670455934 1.91221475601196
  endloop
 endfacet
 facet normal -0.07846152161566 -0.99691714280865 -0.00000000000000
  outer loop
   vertex -151.34123839249949 12.00000023841859 13.80000019073487
   vertex -151.34123839249949 12.00000023841859 2.49999952316284
   vertex -151.18480528703074 11.98768830299379 2.49999952316284
  endloop
 endfacet
 facet normal -0.07846152161566 -0.99691714280865 0.00000000000000
  outer loop
   vertex -151.18480528703074 11.98768830299379 2.49999952316284
   vertex -151.18480528703074 11.98768830299379 13.80000019073487
   vertex -151.34123839249949 12.00000023841859 13.80000019073487
  endloop
 endfacet
 facet normal -0.07821304831580 -0.99386394007343 0.07821245230060
  outer loop
   vertex -151.18480528703074 11.98768830299379 2.49999952316284
   vertex -151.34123849250389 11.99999896764924 2.49999962316646
   vertex -151.34123839249949 11.98768830299379 2.34356522560120
  endloop
 endfacet
 facet normal -0.07821304831584 -0.99386394007342 0.07821245230064
  outer loop
   vertex -151.34123839249949 11.98768830299379 2.34356522560120
   vertex -151.18672789445264 11.97552895545961 2.34356522560120
   vertex -151.18480528703074 11.98768830299379 2.49999952316284
  endloop
 endfacet
 facet normal -0.07629882918500 -0.96953533922448 0.23276536396095
  outer loop
   vertex -151.18672789445264 11.97552895545961 2.34356522560120
   vertex -151.34123838845861 11.98768835434180 2.34356521327360
   vertex -151.34123839249949 11.95105648040773 2.19098281860352
  endloop
 endfacet
 facet normal -0.07629882918502 -0.96953533922447 0.23276536396097
  outer loop
   vertex -151.34123839249949 11.95105648040773 2.19098281860352
   vertex -151.19245756974559 11.93934798240663 2.19098281860351
   vertex -151.18672789445264 11.97552895545961 2.34356522560120
  endloop
 endfacet
 facet normal -0.07252291163667 -0.92144384782426 0.38168267264125
  outer loop
   vertex -151.34123829858152 11.95105767368805 2.19098232432009
   vertex -151.34123839249949 11.89100670814516 2.04600954055786
   vertex -151.20185698380809 11.88003659248353 2.04600954055786
  endloop
 endfacet
 facet normal -0.07252291163666 -0.92144384782425 0.38168267264126
  outer loop
   vertex -151.20185698380809 11.88003659248353 2.04600954055786
   vertex -151.19245756974559 11.93934798240663 2.19098281860351
   vertex -151.34123829858152 11.95105767368805 2.19098232432009
  endloop
 endfacet
 facet normal -0.06694887966136 -0.85072981366727 0.52132200380354
  outer loop
   vertex -151.34123847118420 11.89100570828648 2.04601015326511
   vertex -151.34123839249949 11.80901670455934 1.91221475601196
   vertex -151.21468199601512 11.79905724525453 1.91221475601196
  endloop
 endfacet
 facet normal -0.06694887966137 -0.85072981366727 0.52132200380353
  outer loop
   vertex -151.21468199601512 11.79905724525453 1.91221475601196
   vertex -151.20185698380809 11.88003659248353 2.04600954055786
   vertex -151.34123847118420 11.89100570828648 2.04601015326511
  endloop
 endfacet
 facet normal 0.04108995215468 -0.52205883975585 0.85191911802981
  outer loop
   vertex -213.73318947840747 11.58054854735713 1.69098278188611
   vertex -213.71225894799576 11.44840121269227 1.60899293422699
   vertex -213.64124001374589 11.45399093627931 1.60899293422699
  endloop
 endfacet
 facet normal 0.04108995215469 -0.52205883975585 0.85191911802981
  outer loop
   vertex -213.64124001374589 11.45399093627931 1.60899293422699
   vertex -213.64124001374589 11.58778572082521 1.69098281860352
   vertex -213.73318947840747 11.58054854735713 1.69098278188611
  endloop
 endfacet
 facet normal 0.00000000000000 -0.64944856967628 0.76040552032809
  outer loop
   vertex -151.34123839249949 11.70710682868959 1.79289281368256
   vertex -213.64124001374589 11.70710682868959 1.79289281368256
   vertex -213.64124001374589 11.58778572082521 1.69098281860352
  endloop
 endfacet
 facet normal 0.00000000000000 -0.64944856967628 0.76040552032809
  outer loop
   vertex -213.64124001374589 11.58778572082521 1.69098281860352
   vertex -151.34123839249949 11.58778572082521 1.69098281860352
   vertex -151.34123839249949 11.70710682868959 1.79289281368256
  endloop
 endfacet
 facet normal -0.05973355063754 -0.75905061410485 0.64828548352966
  outer loop
   vertex -151.21468199601512 11.79905724525453 1.91221475601196
   vertex -151.34123839672765 11.80901665083103 1.91221480189992
   vertex -151.34123839249949 11.70710682868959 1.79289281368256
  endloop
 endfacet
 facet normal -0.05973355063755 -0.75905061410484 0.64828548352966
  outer loop
   vertex -151.34123839249949 11.70710682868959 1.79289281368256
   vertex -151.23061980119090 11.69840168952943 1.79289281368256
   vertex -151.21468199601512 11.79905724525453 1.91221475601196
  endloop
 endfacet
 facet normal -0.23343759822576 -0.97237178472773 -0.00000000000000
  outer loop
   vertex -151.18480528703074 11.98768830299379 13.80000019073487
   vertex -151.18480528703074 11.98768830299379 2.49999952316284
   vertex -151.03221739640574 11.95105648040773 2.49999952316284
  endloop
 endfacet
 facet normal -0.23343759822576 -0.97237178472773 0.00000000000000
  outer loop
   vertex -151.03221739640574 11.95105648040773 2.49999952316284
   vertex -151.03221739640574 11.95105648040773 13.80000019073487
   vertex -151.18480528703074 11.98768830299379 13.80000019073487
  endloop
 endfacet
 facet normal -0.23274277329715 -0.96938682513345 0.07823033130213
  outer loop
   vertex -151.18480451371028 11.98769152391730 2.49999926323161
   vertex -151.18672789445264 11.97552895545961 2.34356522560120
   vertex -151.03603209367137 11.93934798240662 2.34356522560120
  endloop
 endfacet
 facet normal -0.23274277329717 -0.96938682513345 0.07823033130211
  outer loop
   vertex -151.03603209367137 11.93934798240662 2.34356522560120
   vertex -151.03221739640574 11.95105648040773 2.49999952316284
   vertex -151.18480451371028 11.98769152391730 2.49999926323161
  endloop
 endfacet
 facet normal -0.22703884496010 -0.94566243008715 0.23275723662402
  outer loop
   vertex -151.03603209367137 11.93934798240662 2.34356522560120
   vertex -151.18672816380024 11.97552783357251 2.34356550173286
   vertex -151.19245756974559 11.93934798240663 2.19098281860352
  endloop
 endfacet
 facet normal -0.22703884496006 -0.94566243008717 0.23275723662398
  outer loop
   vertex -151.19245756974559 11.93934798240663 2.19098281860352
   vertex -151.04734648576121 11.90450906753541 2.19098281860352
   vertex -151.03603209367137 11.93934798240662 2.34356522560120
  endloop
 endfacet
 facet normal -0.21577633283690 -0.89875229144527 0.38168690416274
  outer loop
   vertex -151.19245757341722 11.93934796711361 2.19098282509824
   vertex -151.20185698380809 11.88003659248353 2.04600954055786
   vertex -151.06590880265574 11.84739756584169 2.04600954055786
  endloop
 endfacet
 facet normal -0.21577633283689 -0.89875229144527 0.38168690416275
  outer loop
   vertex -151.06590880265574 11.84739756584169 2.04600954055786
   vertex -151.04734648576121 11.90450906753541 2.19098281860352
   vertex -151.19245757341722 11.93934796711361 2.19098282509824
  endloop
 endfacet
 facet normal -0.19921596291171 -0.82978204382102 0.52132020857950
  outer loop
   vertex -151.06590880265574 11.84739756584169 2.04600954055786
   vertex -151.20185702971159 11.88003640128446 2.04600966068090
   vertex -151.21468199601512 11.79905724525453 1.91221475601196
  endloop
 endfacet
 facet normal -0.19921596291171 -0.82978204382102 0.52132020857950
  outer loop
   vertex -151.21468199601512 11.79905724525453 1.91221475601196
   vertex -151.09123839249949 11.76942062377931 1.91221475601196
   vertex -151.06590880265574 11.84739756584169 2.04600954055786
  endloop
 endfacet
 facet normal 0.03011091923357 -0.38250922636123 0.92346089483607
  outer loop
   vertex -213.71225893822333 11.44840108854952 1.60899323393474
   vertex -213.68958128800733 11.30521225929261 1.54894316196442
   vertex -213.64124001374589 11.30901765823366 1.54894316196442
  endloop
 endfacet
 facet normal 0.03011091923351 -0.38250922636126 0.92346089483606
  outer loop
   vertex -213.64124001374589 11.30901765823366 1.54894316196442
   vertex -213.64124001374589 11.45399093627931 1.60899293422699
   vertex -213.71225893822333 11.44840108854952 1.60899323393474
  endloop
 endfacet
 facet normal 0.00000000000000 -0.52250011655804 0.85263921338209
  outer loop
   vertex -151.34123839249949 11.58778572082521 1.69098281860352
   vertex -213.64124001374589 11.58778572082521 1.69098281860352
   vertex -213.64124001374589 11.45399093627931 1.60899293422699
  endloop
 endfacet
 facet normal 0.00000000000000 -0.52250011655804 0.85263921338209
  outer loop
   vertex -213.64124001374589 11.45399093627931 1.60899293422699
   vertex -151.34123839249949 11.45399093627931 1.60899293422699
   vertex -151.34123839249949 11.58778572082521 1.69098281860352
  endloop
 endfacet
 facet normal -0.05105004747464 -0.64859711774829 0.75941798207670
  outer loop
   vertex -151.34123834368702 11.70710744885805 1.79289208755062
   vertex -151.34123839249949 11.58778572082521 1.69098281860351
   vertex -151.24928892960887 11.58054852485658 1.69098281860352
  endloop
 endfacet
 facet normal -0.05105004747460 -0.64859711774827 0.75941798207672
  outer loop
   vertex -151.24928892960887 11.58054852485658 1.69098281860352
   vertex -151.23061980119090 11.69840168952943 1.79289281368256
   vertex -151.34123834368702 11.70710744885805 1.79289208755062
  endloop
 endfacet
 facet normal -0.17775294016174 -0.74035693143159 0.64828659275436
  outer loop
   vertex -151.09123839249949 11.76942062377931 1.91221475601196
   vertex -151.21468185641936 11.79905782668323 1.91221424688938
   vertex -151.23061980119090 11.69840168952943 1.79289281368256
  endloop
 endfacet
 facet normal -0.17775294016170 -0.74035693143162 0.64828659275433
  outer loop
   vertex -151.23061980119090 11.69840168952943 1.79289281368256
   vertex -151.12273253312449 11.67249894142152 1.79289281368256
   vertex -151.09123839249949 11.76942062377931 1.91221475601196
  endloop
 endfacet
 facet normal -0.38269886479930 -0.92387314003673 -0.00000000000000
  outer loop
   vertex -151.03221739640574 11.95105648040773 13.80000019073487
   vertex -151.03221739640574 11.95105648040773 2.49999952316284
   vertex -150.88725127091746 11.89100670814515 2.49999952316284
  endloop
 endfacet
 facet normal -0.38269886479930 -0.92387314003673 0.00000000000000
  outer loop
   vertex -150.88725127091746 11.89100670814515 2.49999952316284
   vertex -150.88725127091746 11.89100670814515 13.80000019073487
   vertex -151.03221739640574 11.95105648040773 13.80000019073487
  endloop
 endfacet
 facet normal -0.38149819144862 -0.92105505394372 0.07820944652769
  outer loop
   vertex -151.03221923962781 11.95105203029752 2.49999990103456
   vertex -151.03603209367137 11.93934798240663 2.34356522560120
   vertex -150.89283598771434 11.88003659248353 2.34356522560120
  endloop
 endfacet
 facet normal -0.38149819144863 -0.92105505394372 0.07820944652768
  outer loop
   vertex -150.89283598771434 11.88003659248353 2.34356522560120
   vertex -150.88725127091746 11.89100670814515 2.49999952316284
   vertex -151.03221923962781 11.95105203029752 2.49999990103456
  endloop
 endfacet
 facet normal -0.37217419739878 -0.89850184331212 0.23276770470856
  outer loop
   vertex -150.89283598771434 11.88003659248353 2.34356522560120
   vertex -151.03603116225710 11.93935023102419 2.34356464306978
   vertex -151.04734648576121 11.90450906753541 2.19098281860352
  endloop
 endfacet
 facet normal -0.37217419739881 -0.89850184331210 0.23276770470860
  outer loop
   vertex -151.04734648576121 11.90450906753541 2.19098281860352
   vertex -150.90946806779246 11.84739756584168 2.19098281860352
   vertex -150.89283598771434 11.88003659248353 2.34356522560120
  endloop
 endfacet
 facet normal -0.35369135214634 -0.85395056986333 0.38166851015900
  outer loop
   vertex -151.04734789887627 11.90450565571771 2.19098434349667
   vertex -151.06590880265574 11.84739756584169 2.04600954055786
   vertex -150.93672789445262 11.79389309883119 2.04600954055786
  endloop
 endfacet
 facet normal -0.35369135214634 -0.85395056986333 0.38166851015900
  outer loop
   vertex -150.93672789445262 11.79389309883119 2.04600954055786
   vertex -150.90946806779246 11.84739756584168 2.19098281860352
   vertex -151.04734789887627 11.90450565571771 2.19098434349667
  endloop
 endfacet
 facet normal -0.32656361406350 -0.78839648443777 0.52133212954503
  outer loop
   vertex -150.93672789445262 11.79389309883119 2.04600954055786
   vertex -151.06590780645450 11.84739997089091 2.04600795020395
   vertex -151.09123839249949 11.76942062377931 1.91221475601196
  endloop
 endfacet
 facet normal -0.32656361406351 -0.78839648443776 0.52133212954504
  outer loop
   vertex -151.09123839249949 11.76942062377931 1.91221475601196
   vertex -150.97395171037059 11.72083902359010 1.91221475601196
   vertex -150.93672789445262 11.79389309883119 2.04600954055786
  endloop
 endfacet
 facet normal 0.01836942577252 -0.23340404323991 0.97220631390464
  outer loop
   vertex -213.64124001374589 11.30901765823365 1.54894316196442
   vertex -213.68958129157195 11.30521230458459 1.54894297330809
   vertex -213.66571129670484 11.15450835227968 1.51231145858765
  endloop
 endfacet
 facet normal 0.01836942577254 -0.23340404323991 0.97220631390464
  outer loop
   vertex -213.66571129670484 11.15450835227968 1.51231145858765
   vertex -213.64124001374589 11.15643429756165 1.51231145858765
   vertex -213.64124001374589 11.30901765823365 1.54894316196442
  endloop
 endfacet
 facet normal 0.00000000000000 -0.38268274869925 0.92387981569465
  outer loop
   vertex -151.34123839249949 11.45399093627931 1.60899293422699
   vertex -213.64124001374589 11.45399093627931 1.60899293422699
   vertex -213.64124001374589 11.30901765823365 1.54894316196442
  endloop
 endfacet
 facet normal 0.00000000000000 -0.38268274869925 0.92387981569465
  outer loop
   vertex -213.64124001374589 11.30901765823365 1.54894316196442
   vertex -151.34123839249949 11.30901765823365 1.54894316196442
   vertex -151.34123839249949 11.45399093627931 1.60899293422699
  endloop
 endfacet
 facet normal -0.04109248432288 -0.52205770997973 0.85191968822354
  outer loop
   vertex -151.34123838436696 11.58778582414475 1.69098265000156
   vertex -151.34123839249949 11.45399093627931 1.60899293422699
   vertex -151.27022398820262 11.44840121269227 1.60899293422699
  endloop
 endfacet
 facet normal -0.04109248432287 -0.52205770997973 0.85191968822354
  outer loop
   vertex -151.27022398820262 11.44840121269227 1.60899293422699
   vertex -151.24928892960887 11.58054852485658 1.69098281860352
   vertex -151.34123838436696 11.58778582414475 1.69098265000156
  endloop
 endfacet
 facet normal -0.15188226809846 -0.63262835340784 0.75941631737918
  outer loop
   vertex -151.23061989990092 11.69840127837707 1.79289330723586
   vertex -151.24928892960887 11.58054852485658 1.69098281860352
   vertex -151.15960539689402 11.55901718139649 1.69098281860352
  endloop
 endfacet
 facet normal -0.15188226809842 -0.63262835340783 0.75941631737919
  outer loop
   vertex -151.15960539689402 11.55901718139649 1.69098281860352
   vertex -151.12273253312449 11.67249894142152 1.79289281368256
   vertex -151.23061989990092 11.69840127837707 1.79289330723586
  endloop
 endfacet
 facet normal -0.29136531535229 -0.70344655053074 0.64828173162296
  outer loop
   vertex -151.09123876776263 11.76941971777725 1.91221559096464
   vertex -151.12273253312449 11.67249894142152 1.79289281368256
   vertex -151.02021635880809 11.63003706932069 1.79289281368256
  endloop
 endfacet
 facet normal -0.29136531535229 -0.70344655053074 0.64828173162296
  outer loop
   vertex -151.02021635880809 11.63003706932069 1.79289281368256
   vertex -150.97395171037059 11.72083902359010 1.91221475601196
   vertex -151.09123876776263 11.76941971777725 1.91221559096464
  endloop
 endfacet
 facet normal 0.00000000000000 -0.23344343264914 0.97237038403737
  outer loop
   vertex -213.64124001374589 11.15643429756165 1.51231145858765
   vertex -151.34123839249949 11.15643429756165 1.51231145858765
   vertex -151.34123839249949 11.30901765823365 1.54894316196442
  endloop
 endfacet
 facet normal 0.00000000000000 -0.23344343264914 0.97237038403737
  outer loop
   vertex -151.34123839249949 11.30901765823365 1.54894316196442
   vertex -213.64124001374589 11.30901765823365 1.54894316196442
   vertex -213.64124001374589 11.15643429756165 1.51231145858765
  endloop
 endfacet
 facet normal -0.03011169306542 -0.38250773713436 0.92346148645901
  outer loop
   vertex -151.27022398820262 11.44840121269227 1.60899293422699
   vertex -151.34123838492869 11.45399103245129 1.60899270204575
   vertex -151.34123839249949 11.30901765823365 1.54894316196442
  endloop
 endfacet
 facet normal -0.03011169306544 -0.38250773713435 0.92346148645901
  outer loop
   vertex -151.34123839249949 11.30901765823365 1.54894316196442
   vertex -151.29289854874949 11.30521225929261 1.54894316196442
   vertex -151.27022398820262 11.44840121269227 1.60899293422699
  endloop
 endfacet
 facet normal -0.12224375885609 -0.50920587454811 0.85191891676757
  outer loop
   vertex -151.24928900716401 11.58054820180098 1.69098335908663
   vertex -151.27022398820262 11.44840121269227 1.60899293422699
   vertex -151.20094908585887 11.43177056312562 1.60899293422699
  endloop
 endfacet
 facet normal -0.12224375885609 -0.50920587454811 0.85191891676757
  outer loop
   vertex -151.20094908585887 11.43177056312562 1.60899293422699
   vertex -151.15960539689402 11.55901718139650 1.69098281860352
   vertex -151.24928900716401 11.58054820180098 1.69098335908663
  endloop
 endfacet
 facet normal -0.24897351579837 -0.60107621660242 0.75942054901479
  outer loop
   vertex -151.12273228641325 11.67249953703608 1.79289206116245
   vertex -151.15960539689402 11.55901718139650 1.69098281860352
   vertex -151.07439268937449 11.52372097969056 1.69098281860351
  endloop
 endfacet
 facet normal -0.24897351579845 -0.60107621660243 0.75942054901476
  outer loop
   vertex -151.07439268937449 11.52372097969056 1.69098281860351
   vertex -151.02021635880809 11.63003706932069 1.79289281368256
   vertex -151.12273228641325 11.67249953703608 1.79289206116245
  endloop
 endfacet
 facet normal -0.52249525377379 -0.85264219329321 -0.00000000000000
  outer loop
   vertex -150.88725127091746 11.89100670814515 13.80000019073487
   vertex -150.88725127091746 11.89100670814515 2.49999952316284
   vertex -150.75345457902293 11.80901670455934 2.49999952316284
  endloop
 endfacet
 facet normal -0.52249525377379 -0.85264219329321 0.00000000000000
  outer loop
   vertex -150.75345457902293 11.80901670455934 2.49999952316284
   vertex -150.75345457902293 11.80901670455934 13.80000019073487
   vertex -150.88725127091746 11.89100670814515 13.80000019073487
  endloop
 endfacet
 facet normal -0.52091225255623 -0.85001827416517 0.07822633010738
  outer loop
   vertex -150.75345457902293 11.80901670455934 2.49999952316284
   vertex -150.88724953377275 11.89100954279675 2.49999926229270
   vertex -150.89283598771434 11.88003659248353 2.34356522560120
  endloop
 endfacet
 facet normal -0.52091225255620 -0.85001827416519 0.07822633010735
  outer loop
   vertex -150.89283598771434 11.88003659248353 2.34356522560120
   vertex -150.76069487443309 11.79905724525453 2.34356522560120
   vertex -150.75345457902293 11.80901670455934 2.49999952316284
  endloop
 endfacet
 facet normal -0.50815804280587 -0.82921404032104 0.23276485745524
  outer loop
   vertex -150.76069487443309 11.79905724525453 2.34356522560120
   vertex -150.89283631405300 11.88003605996300 2.34356537508258
   vertex -150.90946806779246 11.84739756584168 2.19098281860352
  endloop
 endfacet
 facet normal -0.50815804280587 -0.82921404032104 0.23276485745525
  outer loop
   vertex -150.90946806779246 11.84739756584168 2.19098281860352
   vertex -150.78222502580027 11.76942062377931 2.19098281860351
   vertex -150.76069487443309 11.79905724525453 2.34356522560120
  endloop
 endfacet
 facet normal -0.48295708004395 -0.78808704655508 0.38166905282917
  outer loop
   vertex -150.78222502580027 11.76942062377931 2.19098281860351
   vertex -150.90946791805300 11.84739781018580 2.19098270026813
   vertex -150.93672789445262 11.79389309883119 2.04600954055786
  endloop
 endfacet
 facet normal -0.48295708004397 -0.78808704655506 0.38166905282919
  outer loop
   vertex -150.93672789445262 11.79389309883119 2.04600954055786
   vertex -150.81751860490184 11.72083902359010 2.04600954055786
   vertex -150.78222502580027 11.76942062377931 2.19098281860351
  endloop
 endfacet
 facet normal -0.44588616408342 -0.72759852023736 0.52133091412976
  outer loop
   vertex -150.93672801225657 11.79389290659833 2.04600967829444
   vertex -150.97395171037059 11.72083902359010 1.91221475601196
   vertex -150.86571349015574 11.65450859069825 1.91221475601197
  endloop
 endfacet
 facet normal -0.44588616408336 -0.72759852023737 0.52133091412981
  outer loop
   vertex -150.86571349015574 11.65450859069825 1.91221475601197
   vertex -150.81751860490184 11.72083902359009 2.04600954055786
   vertex -150.93672801225657 11.79389290659833 2.04600967829444
  endloop
 endfacet
 facet normal -0.39784073835262 -0.64919399336371 0.64828227330965
  outer loop
   vertex -150.86571349015574 11.65450859069825 1.91221475601196
   vertex -150.97395160898577 11.72083918902916 1.91221459080524
   vertex -151.02021635880809 11.63003706932069 1.79289281368256
  endloop
 endfacet
 facet normal -0.39784073835255 -0.64919399336382 0.64828227330958
  outer loop
   vertex -151.02021635880809 11.63003706932069 1.79289281368256
   vertex -150.92561186662059 11.57206130027772 1.79289281368256
   vertex -150.86571349015574 11.65450859069825 1.91221475601196
  endloop
 endfacet
 facet normal 0.00000000000000 -0.07846255626394 0.99691706137699
  outer loop
   vertex -213.64124001374589 11.15643429756165 1.51231145858765
   vertex -213.64124001374589 11.00000023841859 1.49999928474426
   vertex -151.34123839249949 11.00000023841859 1.49999928474426
  endloop
 endfacet
 facet normal 0.00000000000000 -0.07846255626394 0.99691706137699
  outer loop
   vertex -151.34123839249949 11.00000023841859 1.49999928474426
   vertex -151.34123839249949 11.15643429756165 1.51231145858765
   vertex -213.64124001374589 11.15643429756165 1.51231145858765
  endloop
 endfacet
 facet normal -0.01837232869060 -0.23340453819570 0.97220614022343
  outer loop
   vertex -151.29289854874949 11.30521225929261 1.54894316196442
   vertex -151.34123839400391 11.30901763912150 1.54894324157279
   vertex -151.34123839249949 11.15643429756165 1.51231145858765
  endloop
 endfacet
 facet normal -0.01837232869061 -0.23340453819570 0.97220614022343
  outer loop
   vertex -151.34123839249949 11.15643429756165 1.51231145858765
   vertex -151.31677092423777 11.15450835227968 1.51231145858765
   vertex -151.29289854874949 11.30521225929261 1.54894316196442
  endloop
 endfacet
 facet normal -0.08956939620113 -0.37309105025036 0.92346109365108
  outer loop
   vertex -151.20094908585887 11.43177056312562 1.60899293422699
   vertex -151.27022397345397 11.44840127412606 1.60899278216836
   vertex -151.29289854874949 11.30521225929261 1.54894316196442
  endloop
 endfacet
 facet normal -0.08956939620113 -0.37309105025036 0.92346109365108
  outer loop
   vertex -151.29289854874949 11.30521225929261 1.54894316196442
   vertex -151.24574889054637 11.29389286041261 1.54894316196442
   vertex -151.20094908585887 11.43177056312562 1.60899293422699
  endloop
 endfacet
 facet normal -0.20039462235415 -0.48381848654557 0.85191646738885
  outer loop
   vertex -151.07439268937449 11.52372097969056 1.69098281860351
   vertex -151.15960555451380 11.55901680085051 1.69098348867588
   vertex -151.20094908585887 11.43177056312562 1.60899293422699
  endloop
 endfacet
 facet normal -0.20039462235416 -0.48381848654556 0.85191646738885
  outer loop
   vertex -151.20094908585887 11.43177056312562 1.60899293422699
   vertex -151.13513029923777 11.40450882911683 1.60899293422699
   vertex -151.07439268937449 11.52372097969056 1.69098281860351
  endloop
 endfacet
 facet normal -0.33993662224039 -0.55473442963654 0.75941609505963
  outer loop
   vertex -151.02021691074611 11.63003616862624 1.79289404670835
   vertex -151.07439268937449 11.52372097969056 1.69098281860351
   vertex -150.99574889054637 11.47552871704103 1.69098281860352
  endloop
 endfacet
 facet normal -0.33993662224038 -0.55473442963654 0.75941609505964
  outer loop
   vertex -150.99574889054637 11.47552871704103 1.69098281860352
   vertex -150.92561186662059 11.57206130027772 1.79289281368256
   vertex -151.02021691074611 11.63003616862624 1.79289404670835
  endloop
 endfacet
 facet normal -0.64943987673295 -0.76041294472746 -0.00000000000000
  outer loop
   vertex -150.75345457902293 11.80901670455934 13.80000019073487
   vertex -150.75345457902293 11.80901670455934 2.49999952316284
   vertex -150.63413084855421 11.70710682868959 2.49999952316284
  endloop
 endfacet
 facet normal -0.64943987673295 -0.76041294472746 0.00000000000000
  outer loop
   vertex -150.63413084855421 11.70710682868959 2.49999952316284
   vertex -150.63413084855421 11.70710682868959 13.80000019073487
   vertex -150.75345457902293 11.80901670455934 13.80000019073487
  endloop
 endfacet
 facet normal -0.64743828036684 -0.75809382197993 0.07821400252821
  outer loop
   vertex -150.75345619530984 11.80901481202819 2.49999971841893
   vertex -150.76069487443309 11.79905724525453 2.34356522560120
   vertex -150.64283598771431 11.69840168952943 2.34356522560120
  endloop
 endfacet
 facet normal -0.64743828036695 -0.75809382197985 0.07821400252808
  outer loop
   vertex -150.64283598771431 11.69840168952943 2.34356522560120
   vertex -150.63413084855421 11.70710682868959 2.49999952316284
   vertex -150.75345619530984 11.80901481202819 2.49999971841893
  endloop
 endfacet
 facet normal -0.63158912144134 -0.73953842700138 0.23276188834360
  outer loop
   vertex -150.64283598771431 11.69840168952943 2.34356522560120
   vertex -150.76069503904614 11.79905705250633 2.34356528626665
   vertex -150.78222502580027 11.76942062377932 2.19098281860351
  endloop
 endfacet
 facet normal -0.63158912144146 -0.73953842700122 0.23276188834378
  outer loop
   vertex -150.78222502580027 11.76942062377932 2.19098281860351
   vertex -150.66873778214793 11.67249894142152 2.19098281860351
   vertex -150.64283598771431 11.69840168952943 2.34356522560120
  endloop
 endfacet
 facet normal -0.60027826124911 -0.70283675835481 0.38168900976719
  outer loop
   vertex -150.78222274219115 11.76942329754671 2.19098136656274
   vertex -150.81751860490184 11.72083902359010 2.04600954055786
   vertex -150.71120299210887 11.63003706932068 2.04600954055786
  endloop
 endfacet
 facet normal -0.60027826124906 -0.70283675835483 0.38168900976723
  outer loop
   vertex -150.71120299210887 11.63003706932068 2.04600954055786
   vertex -150.66873778214793 11.67249894142152 2.19098281860352
   vertex -150.78222274219115 11.76942329754671 2.19098136656274
  endloop
 endfacet
 facet normal -0.55420592087129 -0.64890086879512 0.52132855259246
  outer loop
   vertex -150.81751900665833 11.72083855318709 2.04600991848080
   vertex -150.86571349015574 11.65450859069825 1.91221475601196
   vertex -150.76917876115181 11.57206130027772 1.91221475601196
  endloop
 endfacet
 facet normal -0.55420592087145 -0.64890086879507 0.52132855259234
  outer loop
   vertex -150.76917876115181 11.57206130027772 1.91221475601196
   vertex -150.71120299210887 11.63003706932069 2.04600954055786
   vertex -150.81751900665833 11.72083855318709 2.04600991848080
  endloop
 endfacet
 facet normal -0.49448746836812 -0.57897600367224 0.64828152125339
  outer loop
   vertex -150.76917876115181 11.57206130027772 1.91221475601196
   vertex -150.86571338580234 11.65450871288157 1.91221461920286
   vertex -150.92561186662059 11.57206130027772 1.79289281368256
  endloop
 endfacet
 facet normal -0.49448746836819 -0.57897600367209 0.64828152125348
  outer loop
   vertex -150.92561186662059 11.57206130027772 1.79289281368256
   vertex -150.84123839249949 11.50000023841859 1.79289281368256
   vertex -150.76917876115181 11.57206130027772 1.91221475601196
  endloop
 endfacet
 facet normal -0.76041865134952 -0.64943319493215 -0.00000000000000
  outer loop
   vertex -150.63413084855421 11.70710682868959 13.80000019073488
   vertex -150.63413084855421 11.70710682868959 2.49999952316284
   vertex -150.53222502580027 11.58778572082521 2.49999952316284
  endloop
 endfacet
 facet normal -0.76041865134952 -0.64943319493215 0.00000000000000
  outer loop
   vertex -150.53222502580027 11.58778572082521 2.49999952316284
   vertex -150.53222502580027 11.58778572082521 13.80000019073488
   vertex -150.63413084855421 11.70710682868959 13.80000019073488
  endloop
 endfacet
 facet normal -0.75808203977041 -0.64745351766113 0.07820206804021
  outer loop
   vertex -150.53222502580024 11.58778572082521 2.49999952316284
   vertex -150.63413228666630 11.70710560044421 2.49999967151531
   vertex -150.64283598771431 11.69840168952943 2.34356522560120
  endloop
 endfacet
 facet normal -0.75808203977048 -0.64745351766103 0.07820206804033
  outer loop
   vertex -150.64283598771431 11.69840168952943 2.34356522560120
   vertex -150.54218138566355 11.58054852485658 2.34356522560120
   vertex -150.53222502580024 11.58778572082521 2.49999952316284
  endloop
 endfacet
 facet normal -0.73953686278084 -0.63158256926918 0.23278463605578
  outer loop
   vertex -150.64283318924433 11.69840407949125 2.34356434472446
   vertex -150.66873778214793 11.67249894142152 2.19098281860352
   vertex -150.57182158341743 11.55901718139649 2.19098281860352
  endloop
 endfacet
 facet normal -0.73953686278096 -0.63158256926909 0.23278463605564
  outer loop
   vertex -150.57182158341743 11.55901718139649 2.19098281860352
   vertex -150.54218138566355 11.58054852485658 2.34356522560120
   vertex -150.64283318924433 11.69840407949125 2.34356434472446
  endloop
 endfacet
 facet normal -0.70283903474492 -0.60029800307902 0.38165376814354
  outer loop
   vertex -150.66874227073248 11.67249510770112 2.19098525598267
   vertex -150.71120299210887 11.63003706932068 2.04600954055787
   vertex -150.62039793839796 11.52372097969056 2.04600954055787
  endloop
 endfacet
 facet normal -0.70283903474468 -0.60029800307916 0.38165376814377
  outer loop
   vertex -150.62039793839796 11.52372097969056 2.04600954055787
   vertex -150.57182158341743 11.55901718139649 2.19098281860352
   vertex -150.66874227073248 11.67249510770112 2.19098525598267
  endloop
 endfacet
 facet normal -0.64888598721799 -0.55422956934571 0.52132193513701
  outer loop
   vertex -150.71120389642795 11.63003629691941 2.04601026709746
   vertex -150.76917876115184 11.57206130027771 1.91221475601197
   vertex -150.68672789445262 11.47552871704102 1.91221475601197
  endloop
 endfacet
 facet normal -0.64888598721791 -0.55422956934575 0.52132193513707
  outer loop
   vertex -150.68672789445262 11.47552871704102 1.91221475601197
   vertex -150.62039793839793 11.52372097969056 2.04600954055787
   vertex -150.71120389642795 11.63003629691941 2.04601026709746
  endloop
 endfacet
 facet normal -0.85263007533866 -0.52251502813602 -0.00000000000000
  outer loop
   vertex -150.53222502580027 11.58778572082521 13.80000019073487
   vertex -150.53222502580027 11.58778572082521 2.49999952316284
   vertex -150.45023192277293 11.45399093627931 2.49999952316284
  endloop
 endfacet
 facet normal -0.85263007533866 -0.52251502813602 0.00000000000000
  outer loop
   vertex -150.45023192277293 11.45399093627931 2.49999952316284
   vertex -150.45023192277293 11.45399093627931 13.80000019073487
   vertex -150.53222502580027 11.58778572082521 13.80000019073487
  endloop
 endfacet
 facet normal -0.85003184689164 -0.52088999998723 0.07822702335698
  outer loop
   vertex -150.45023192277296 11.45399093627930 2.49999952316284
   vertex -150.53222129970413 11.58778800413520 2.49999918025638
   vertex -150.54218138566355 11.58054852485658 2.34356522560120
  endloop
 endfacet
 facet normal -0.85003184689155 -0.52088999998740 0.07822702335679
  outer loop
   vertex -150.54218138566355 11.58054852485658 2.34356522560120
   vertex -150.46120299210887 11.44840121269227 2.34356522560120
   vertex -150.45023192277296 11.45399093627930 2.49999952316284
  endloop
 endfacet
 facet normal -0.82921203038313 -0.50816272702174 0.23276179139565
  outer loop
   vertex -150.54218476916486 11.58054645135886 2.34356617535807
   vertex -150.57182158341746 11.55901718139649 2.19098281860352
   vertex -150.49384154191355 11.43177056312562 2.19098281860351
  endloop
 endfacet
 facet normal -0.82921203038316 -0.50816272702171 0.23276179139561
  outer loop
   vertex -150.49384154191355 11.43177056312562 2.19098281860351
   vertex -150.46120299210887 11.44840121269227 2.34356522560120
   vertex -150.54218476916486 11.58054645135886 2.34356617535807
  endloop
 endfacet
 facet normal -0.78809764547903 -0.48293464671812 0.38167555356566
  outer loop
   vertex -150.49384154191355 11.43177056312562 2.19098281860351
   vertex -150.57181836288569 11.55901915489100 2.19098125890054
   vertex -150.62039793839796 11.52372097969056 2.04600954055787
  endloop
 endfacet
 facet normal -0.78809764547905 -0.48293464671805 0.38167555356572
  outer loop
   vertex -150.62039793839796 11.52372097969056 2.04600954055787
   vertex -150.54734648576124 11.40450882911683 2.04600954055787
   vertex -150.49384154191355 11.43177056312562 2.19098281860351
  endloop
 endfacet
 facet normal -0.92387712976644 -0.38268923305277 -0.00000000000000
  outer loop
   vertex -150.45023192277293 11.45399093627931 13.80000019073487
   vertex -150.45023192277293 11.45399093627931 2.49999952316284
   vertex -150.39018095841746 11.30901765823365 2.49999952316284
  endloop
 endfacet
 facet normal -0.92387712976644 -0.38268923305277 0.00000000000000
  outer loop
   vertex -150.39018095841746 11.30901765823365 2.49999952316284
   vertex -150.39018095841746 11.30901765823365 13.80000019073487
   vertex -150.45023192277293 11.45399093627931 13.80000019073487
  endloop
 endfacet
 facet normal -0.92104770359370 -0.38151113615149 0.07823286200300
  outer loop
   vertex -150.45023110967259 11.45399127307710 2.49999945409892
   vertex -150.46120299210887 11.44840121269227 2.34356522560120
   vertex -150.40189207902293 11.30521225929261 2.34356522560120
  endloop
 endfacet
 facet normal -0.92104770359375 -0.38151113615137 0.07823286200288
  outer loop
   vertex -150.40189207902293 11.30521225929261 2.34356522560120
   vertex -150.39018095841749 11.30901765823365 2.49999952316284
   vertex -150.45023110967259 11.45399127307710 2.49999945409892
  endloop
 endfacet
 facet normal -0.89850096782121 -0.37218974866634 0.23274621761057
  outer loop
   vertex -150.46120528128046 11.44840026443931 2.34356581858445
   vertex -150.49384154191355 11.43177056312563 2.19098281860351
   vertex -150.43672789445262 11.29389286041261 2.19098281860351
  endloop
 endfacet
 facet normal -0.89850096782116 -0.37218974866642 0.23274621761066
  outer loop
   vertex -150.43672789445262 11.29389286041261 2.19098281860351
   vertex -150.40189207902290 11.30521225929261 2.34356522560120
   vertex -150.46120528128046 11.44840026443931 2.34356581858445
  endloop
 endfacet
 facet normal -0.97237469499010 -0.23342547535117 -0.00000000000000
  outer loop
   vertex -150.39018095841746 11.30901765823365 13.80000019073487
   vertex -150.39018095841746 11.30901765823365 2.49999952316284
   vertex -150.35355223527293 11.15643429756165 2.49999952316284
  endloop
 endfacet
 facet normal -0.97237469499010 -0.23342547535117 0.00000000000000
  outer loop
   vertex -150.35355223527293 11.15643429756165 2.49999952316284
   vertex -150.35355223527293 11.15643429756165 13.80000019073487
   vertex -150.39018095841746 11.30901765823365 13.80000019073487
  endloop
 endfacet
 facet normal -0.96939347321669 -0.23271651421117 0.07822607045154
  outer loop
   vertex -150.35355223527293 11.15643429756165 2.49999952316284
   vertex -150.39018194979062 11.30901742024061 2.49999960316258
   vertex -150.40189207902293 11.30521225929261 2.34356522560120
  endloop
 endfacet
 facet normal -0.96939347321670 -0.23271651421109 0.07822607045162
  outer loop
   vertex -150.40189207902293 11.30521225929261 2.34356522560120
   vertex -150.36571349015574 11.15450835227967 2.34356522560120
   vertex -150.35355223527293 11.15643429756165 2.49999952316284
  endloop
 endfacet
 facet normal -0.99691622939060 -0.07847312646779 -0.00000000000000
  outer loop
   vertex -150.35355223527293 11.15643429756165 13.80000019073487
   vertex -150.35355223527293 11.15643429756165 2.49999952316284
   vertex -150.34123839249949 11.00000023841859 2.49999952316284
  endloop
 endfacet
 facet normal -0.99691622939060 -0.07847312646779 0.00000000000000
  outer loop
   vertex -150.34123839249949 11.00000023841859 2.49999952316284
   vertex -150.34123839249949 11.00000023841859 13.80000019073487
   vertex -150.35355223527293 11.15643429756165 13.80000019073487
  endloop
 endfacet
 facet normal -0.00617602550461 -0.07846105983961 0.99689804834688
  outer loop
   vertex -151.34123839249949 11.00000023841859 1.49999928474426
   vertex -151.31677092423777 11.15450835227968 1.51231145858765
   vertex -151.34123839249949 11.15643429756165 1.51231145858765
  endloop
 endfacet
 facet normal -0.05464822313755 -0.22766038220592 0.97220590518766
  outer loop
   vertex -151.29289856698196 11.30521218333759 1.54894348632441
   vertex -151.31677092423777 11.15450835227968 1.51231145858765
   vertex -151.29289854874949 11.14877796173097 1.51231145858765
  endloop
 endfacet
 facet normal -0.05464822313754 -0.22766038220592 0.97220590518766
  outer loop
   vertex -151.29289854874949 11.14877796173097 1.51231145858765
   vertex -151.24574889054637 11.29389286041261 1.54894316196442
   vertex -151.29289856698196 11.30521218333759 1.54894348632441
  endloop
 endfacet
 facet normal -0.14683090355744 -0.35448291322403 0.92346226235440
  outer loop
   vertex -151.20094902521481 11.43177070953403 1.60899255281893
   vertex -151.24574889054637 11.29389286041261 1.54894316196442
   vertex -151.20094908585887 11.27533626556398 1.54894316196442
  endloop
 endfacet
 facet normal -0.14683090355745 -0.35448291322402 0.92346226235440
  outer loop
   vertex -151.20094908585887 11.27533626556398 1.54894316196442
   vertex -151.13513029923777 11.40450882911683 1.60899293422699
   vertex -151.20094902521481 11.43177070953403 1.60899255281893
  endloop
 endfacet
 facet normal -0.27363234534762 -0.44649087104545 0.85192208660924
  outer loop
   vertex -150.99574889054639 11.47552871704103 1.69098281860352
   vertex -151.07439211972877 11.52372190919183 1.69098104507865
   vertex -151.13513029923777 11.40450882911683 1.60899293422699
  endloop
 endfacet
 facet normal -0.27363234534757 -0.44649087104552 0.85192208660922
  outer loop
   vertex -151.13513029923777 11.40450882911683 1.60899293422699
   vertex -151.07439268937449 11.36728572845460 1.60899293422699
   vertex -150.99574889054639 11.47552871704103 1.69098281860352
  endloop
 endfacet
 facet normal -0.42253122488059 -0.49472525727555 0.75941706842456
  outer loop
   vertex -150.92561186662059 11.57206130027772 1.79289281368256
   vertex -150.99574889054637 11.47552871704103 1.69098281860352
   vertex -150.92561194757681 11.41562690792762 1.69098296410644
  endloop
 endfacet
 facet normal -0.42253122488052 -0.49472525727557 0.75941706842458
  outer loop
   vertex -150.92561194757681 11.41562690792762 1.69098296410644
   vertex -150.84123839249949 11.50000023841859 1.79289281368256
   vertex -150.92561186662059 11.57206130027772 1.79289281368256
  endloop
 endfacet
 facet normal -0.57896086409321 -0.49450479235960 0.64828182774302
  outer loop
   vertex -150.68672789445262 11.47552871704103 1.91221475601196
   vertex -150.76917876115181 11.57206130027772 1.91221475601196
   vertex -150.84123839249949 11.50000023841859 1.79289281368256
  endloop
 endfacet
 facet normal -0.57896086409319 -0.49450479235968 0.64828182774298
  outer loop
   vertex -150.84123839249949 11.50000023841859 1.79289281368256
   vertex -150.76917687201961 11.41562861627063 1.79289069835807
   vertex -150.68672789445262 11.47552871704103 1.91221475601196
  endloop
 endfacet
 facet normal -0.72761411125828 -0.44587122646964 0.52132192981332
  outer loop
   vertex -150.54734648576121 11.40450882911683 2.04600954055786
   vertex -150.62039793839793 11.52372097969056 2.04600954055786
   vertex -150.68672789445262 11.47552871704103 1.91221475601196
  endloop
 endfacet
 facet normal -0.72761411125825 -0.44587122646980 0.52132192981322
  outer loop
   vertex -150.68672789445262 11.47552871704103 1.91221475601196
   vertex -150.62039806787448 11.36728564911326 1.91221484877951
   vertex -150.54734648576121 11.40450882911683 2.04600954055786
  endloop
 endfacet
 facet normal -0.85393211407343 -0.35372780920437 0.38167601647150
  outer loop
   vertex -150.49384154191355 11.43177056312562 2.19098281860351
   vertex -150.54734648576124 11.40450882911683 2.04600954055787
   vertex -150.49383954533349 11.27533709261554 2.04600864816055
  endloop
 endfacet
 facet normal -0.85393211407365 -0.35372780920413 0.38167601647124
  outer loop
   vertex -150.49383954533349 11.27533709261554 2.04600864816055
   vertex -150.43672789445262 11.29389286041260 2.19098281860352
   vertex -150.49384154191355 11.43177056312562 2.19098281860351
  endloop
 endfacet
 facet normal -0.94566947738007 -0.22702123590876 0.23274577976443
  outer loop
   vertex -150.36571349015574 11.15450835227967 2.34356522560120
   vertex -150.40189207902290 11.30521225929261 2.34356522560120
   vertex -150.43672789445262 11.29389286041261 2.19098281860352
  endloop
 endfacet
 facet normal -0.94566947738007 -0.22702123590893 0.23274577976428
  outer loop
   vertex -150.43672789445262 11.29389286041261 2.19098281860352
   vertex -150.40189113687512 11.14877818790678 2.19098258672448
   vertex -150.36571349015574 11.15450835227967 2.34356522560120
  endloop
 endfacet
 facet normal -0.99386130890803 -0.07823265574990 0.07822627582811
  outer loop
   vertex -150.35355223527293 11.15643429756165 2.49999952316284
   vertex -150.36571349015574 11.15450835227968 2.34356522560120
   vertex -150.35355126189862 11.00000031503859 2.34356514898744
  endloop
 endfacet
 facet normal -0.99386130890803 -0.07823265574988 0.07822627582810
  outer loop
   vertex -150.35355126189862 11.00000031503859 2.34356514898744
   vertex -150.34123839249949 11.00000023841859 2.49999952316284
   vertex -150.35355223527293 11.15643429756165 2.49999952316284
  endloop
 endfacet
 facet normal -1.00000000000000 0.00000000000000 -0.00000000000000
  outer loop
   vertex -150.34123839249949 11.00000023841859 13.80000019073487
   vertex -150.34123839249949 11.00000023841859 2.49999952316284
   vertex -150.34123839249949 -11.00000023841859 2.49999952316284
  endloop
 endfacet
 facet normal -1.00000000000000 0.00000000000000 0.00000000000000
  outer loop
   vertex -150.34123839249949 -11.00000023841859 2.49999952316284
   vertex -150.34123839249949 -11.00000023841859 13.80000019073487
   vertex -150.34123839249949 11.00000023841859 13.80000019073487
  endloop
 endfacet
 facet normal -0.01837046681772 -0.07652998134080 0.99689803285235
  outer loop
   vertex -151.34123839249949 11.00000023841859 1.49999928474426
   vertex -151.29289854874949 11.14877796173097 1.51231145858765
   vertex -151.31677092423777 11.15450835227968 1.51231145858765
  endloop
 endfacet
 facet normal -0.08960466911449 -0.21629936675627 0.97220655583766
  outer loop
   vertex -151.20094908585887 11.27533626556398 1.54894316196442
   vertex -151.24574884646441 11.29389296682335 1.54894268367719
   vertex -151.29289854874949 11.14877796173097 1.51231145858765
  endloop
 endfacet
 facet normal -0.08960466911447 -0.21629936675629 0.97220655583766
  outer loop
   vertex -151.29289854874949 11.14877796173097 1.51231145858765
   vertex -151.27022398820262 11.13938474655153 1.51231145858765
   vertex -151.20094908585887 11.27533626556398 1.54894316196442
  endloop
 endfacet
 facet normal -0.20048026714457 -0.32715270470057 0.92346021586896
  outer loop
   vertex -151.13513048885358 11.40450851969323 1.60899380764294
   vertex -151.20094908585887 11.27533626556398 1.54894316196442
   vertex -151.15960539689402 11.25000071525575 1.54894316196442
  endloop
 endfacet
 facet normal -0.20048026714462 -0.32715270470056 0.92346021586895
  outer loop
   vertex -151.15960539689402 11.25000071525575 1.54894316196442
   vertex -151.07439268937449 11.36728572845460 1.60899293422699
   vertex -151.13513048885358 11.40450851969323 1.60899380764294
  endloop
 endfacet
 facet normal -0.34008186054892 -0.39822668605776 0.85191539171272
  outer loop
   vertex -150.99574961546307 11.47552786818311 1.69098463454190
   vertex -151.07439268937449 11.36728572845460 1.60899293422699
   vertex -151.02021635880809 11.32101964950563 1.60899293422699
  endloop
 endfacet
 facet normal -0.34008186054897 -0.39822668605775 0.85191539171271
  outer loop
   vertex -151.02021635880809 11.32101964950563 1.60899293422699
   vertex -150.92561186662059 11.41562700271608 1.69098281860352
   vertex -150.99574961546307 11.47552786818311 1.69098463454190
  endloop
 endfacet
 facet normal -0.49472964165269 -0.42252777551354 0.75941613137316
  outer loop
   vertex -150.76917876115181 11.41562700271608 1.79289281368256
   vertex -150.84123839249949 11.50000023841859 1.79289281368256
   vertex -150.92561186662059 11.41562700271608 1.69098281860352
  endloop
 endfacet
 facet normal -0.49472964165274 -0.42252777551335 0.75941613137324
  outer loop
   vertex -150.92561186662059 11.41562700271608 1.69098281860352
   vertex -150.86571322672771 11.34549211112173 1.69098241423821
   vertex -150.76917876115181 11.41562700271608 1.79289281368256
  endloop
 endfacet
 facet normal -0.64919179815172 -0.39781665311369 0.64829925167161
  outer loop
   vertex -150.68672789445262 11.47552871704102 1.91221475601197
   vertex -150.76917876115184 11.41562700271607 1.79289281368256
   vertex -150.71120364983111 11.32101924646161 1.79289347050054
  endloop
 endfacet
 facet normal -0.64919179815192 -0.39781665311356 0.64829925167148
  outer loop
   vertex -150.71120364983111 11.32101924646161 1.79289347050054
   vertex -150.62039793839796 11.36728572845460 1.91221475601197
   vertex -150.68672789445262 11.47552871704102 1.91221475601197
  endloop
 endfacet
 facet normal -0.78840340858740 -0.32656687260478 0.52131961697686
  outer loop
   vertex -150.49384154191355 11.27533626556398 2.04600954055786
   vertex -150.54734648576124 11.40450882911683 2.04600954055787
   vertex -150.62039793839796 11.36728572845460 1.91221475601197
  endloop
 endfacet
 facet normal -0.78840340858740 -0.32656687260484 0.52131961697682
  outer loop
   vertex -150.62039793839796 11.36728572845460 1.91221475601197
   vertex -150.57181871668774 11.25000190269220 1.91221286043109
   vertex -150.49384154191355 11.27533626556398 2.04600954055786
  endloop
 endfacet
 facet normal -0.89875653617104 -0.21575260083360 0.38169032463945
  outer loop
   vertex -150.43672789445262 11.29389286041261 2.19098281860351
   vertex -150.49384154191355 11.27533626556398 2.04600954055786
   vertex -150.46120498389166 11.13938426841056 2.04601038644235
  endloop
 endfacet
 facet normal -0.89875653617089 -0.21575260083383 0.38169032463967
  outer loop
   vertex -150.46120498389166 11.13938426841056 2.04601038644235
   vertex -150.40189207902290 11.14877796173097 2.19098281860351
   vertex -150.43672789445262 11.29389286041261 2.19098281860351
  endloop
 endfacet
 facet normal -0.96953762158013 -0.07631181198091 0.23275160083862
  outer loop
   vertex -150.36571349015574 11.15450835227968 2.34356522560120
   vertex -150.40189207902290 11.14877796173097 2.19098281860351
   vertex -150.39018180615156 11.00000017169387 2.19098302211441
  endloop
 endfacet
 facet normal -0.96953762158009 -0.07631181198104 0.23275160083875
  outer loop
   vertex -150.39018180615156 11.00000017169387 2.19098302211441
   vertex -150.35355223527293 11.00000023841859 2.34356522560119
   vertex -150.36571349015574 11.15450835227968 2.34356522560120
  endloop
 endfacet
 facet normal -0.99691623874699 0.00000000000000 0.07847300760487
  outer loop
   vertex -150.34123839249949 11.00000023841859 2.49999952316284
   vertex -150.35355223527293 11.00000023841859 2.34356522560120
   vertex -150.35355223527293 -11.00000023841859 2.34356522560120
  endloop
 endfacet
 facet normal -0.99691623874699 0.00000000000000 0.07847300760487
  outer loop
   vertex -150.35355223527293 -11.00000023841859 2.34356522560120
   vertex -150.34123839249949 -11.00000023841859 2.49999952316284
   vertex -150.34123839249949 11.00000023841859 2.49999952316284
  endloop
 endfacet
 facet normal -0.99691619196461 0.07847360192308 0.00000000000000
  outer loop
   vertex -150.34123839249949 -11.00000023841859 13.80000019073487
   vertex -150.34123839249949 -11.00000023841859 2.49999952316284
   vertex -150.35355223527293 -11.15643334388734 2.49999952316284
  endloop
 endfacet
 facet normal -0.99691619196461 0.07847360192308 0.00000000000000
  outer loop
   vertex -150.35355223527293 -11.15643334388734 2.49999952316284
   vertex -150.35355223527293 -11.15643334388734 13.80000019073487
   vertex -150.34123839249949 -11.00000023841859 13.80000019073487
  endloop
 endfacet
 facet normal -0.03012176773202 -0.07271182797060 0.99689802346171
  outer loop
   vertex -151.27022398820262 11.13938474655153 1.51231145858765
   vertex -151.29289854874949 11.14877796173097 1.51231145858765
   vertex -151.34123839249949 11.00000023841859 1.49999928474426
  endloop
 endfacet
 facet normal -0.12231305947085 -0.19964059568412 0.97220530138329
  outer loop
   vertex -151.20094922422777 11.27533603971687 1.54894426178957
   vertex -151.27022398820262 11.13938474655153 1.51231145858765
   vertex -151.24928892960884 11.12655854225159 1.51231145858765
  endloop
 endfacet
 facet normal -0.12231305947086 -0.19964059568412 0.97220530138329
  outer loop
   vertex -151.24928892960884 11.12655854225159 1.51231145858765
   vertex -151.15960539689402 11.25000071525575 1.54894316196442
   vertex -151.20094922422777 11.27533603971687 1.54894426178957
  endloop
 endfacet
 facet normal -0.24918497671790 -0.29175525595649 0.92346397764063
  outer loop
   vertex -151.07439230165139 11.36728618241556 1.60899149734937
   vertex -151.15960539689402 11.25000071525575 1.54894316196442
   vertex -151.12273253312449 11.21850800514222 1.54894316196442
  endloop
 endfacet
 facet normal -0.24918497671796 -0.29175525595647 0.92346397764063
  outer loop
   vertex -151.12273253312449 11.21850800514222 1.54894316196442
   vertex -151.02021635880809 11.32101964950563 1.60899293422699
   vertex -151.07439230165139 11.36728618241556 1.60899149734937
  endloop
 endfacet
 facet normal -0.39821500282250 -0.34009878598675 0.85191409619598
  outer loop
   vertex -150.86571349015574 11.34549188613892 1.69098281860352
   vertex -150.92561204018256 11.41562685448404 1.69098318991021
   vertex -151.02021635880809 11.32101964950562 1.60899293422699
  endloop
 endfacet
 facet normal -0.39821500282247 -0.34009878598682 0.85191409619596
  outer loop
   vertex -151.02021635880809 11.32101964950562 1.60899293422699
   vertex -150.97395171037059 11.26684927940370 1.60899293422699
   vertex -150.86571349015574 11.34549188613892 1.69098281860352
  endloop
 endfacet
 facet normal -0.55472889635632 -0.33994011337669 0.75941857421631
  outer loop
   vertex -150.76917876115184 11.41562700271607 1.79289281368256
   vertex -150.86571349015574 11.34549188613892 1.69098281860352
   vertex -150.81751933650997 11.26684883107126 1.69098382016811
  endloop
 endfacet
 facet normal -0.55472889635644 -0.33994011337662 0.75941857421626
  outer loop
   vertex -150.81751933650997 11.26684883107126 1.69098382016811
   vertex -150.71120299210887 11.32101964950562 1.79289281368256
   vertex -150.76917876115184 11.41562700271607 1.79289281368256
  endloop
 endfacet
 facet normal -0.70344285996151 -0.29134745473434 0.64829376318841
  outer loop
   vertex -150.62039793839796 11.36728572845460 1.91221475601197
   vertex -150.71120299210887 11.32101964950562 1.79289281368256
   vertex -150.66874153999447 11.21850644874143 1.79289627691833
  endloop
 endfacet
 facet normal -0.70344285996141 -0.29134745473443 0.64829376318848
  outer loop
   vertex -150.66874153999447 11.21850644874143 1.79289627691833
   vertex -150.57182158341746 11.25000071525574 1.91221475601197
   vertex -150.62039793839796 11.36728572845460 1.91221475601197
  endloop
 endfacet
 facet normal -0.82977139897262 -0.19920730072452 0.52134046148853
  outer loop
   vertex -150.49384154191355 11.27533626556398 2.04600954055786
   vertex -150.57182158341746 11.25000071525575 1.91221475601197
   vertex -150.54218470995710 11.12655774417210 1.91221684464592
  endloop
 endfacet
 facet normal -0.82977139897261 -0.19920730072453 0.52134046148854
  outer loop
   vertex -150.54218470995710 11.12655774417210 1.91221684464592
   vertex -150.46120299210887 11.13938474655153 2.04600954055786
   vertex -150.49384154191355 11.27533626556398 2.04600954055786
  endloop
 endfacet
 facet normal -0.92144519335751 -0.07253206696871 0.38167768457115
  outer loop
   vertex -150.40189207902290 11.14877796173097 2.19098281860351
   vertex -150.46120299210887 11.13938474655153 2.04600954055786
   vertex -150.45023136311227 11.00000028247259 2.04600930873725
  endloop
 endfacet
 facet normal -0.92144519335760 -0.07253206696849 0.38167768457096
  outer loop
   vertex -150.45023136311227 11.00000028247259 2.04600930873725
   vertex -150.39018095841746 11.00000023841859 2.19098281860352
   vertex -150.40189207902290 11.14877796173097 2.19098281860351
  endloop
 endfacet
 facet normal -0.97237436383845 0.00000000000000 0.23342685481701
  outer loop
   vertex -150.39018095841746 -11.00000023841859 2.19098281860352
   vertex -150.35355223527293 -11.00000023841859 2.34356522560120
   vertex -150.35355223527293 11.00000023841859 2.34356522560119
  endloop
 endfacet
 facet normal -0.97237436383845 -0.00000000000000 0.23342685481702
  outer loop
   vertex -150.35355223527293 11.00000023841859 2.34356522560119
   vertex -150.39018095841746 11.00000023841859 2.19098281860352
   vertex -150.39018095841746 -11.00000023841859 2.19098281860352
  endloop
 endfacet
 facet normal -0.99386188242272 0.07822612073441 0.07822552461959
  outer loop
   vertex -150.35355223527293 -11.15643334388734 2.49999952316284
   vertex -150.34123948968664 -11.00000015205982 2.49999960952096
   vertex -150.35355223527293 -11.00000023841859 2.34356522560120
  endloop
 endfacet
 facet normal -0.99386188242273 0.07822612073435 0.07822552461953
  outer loop
   vertex -150.35355223527293 -11.00000023841859 2.34356522560120
   vertex -150.36571349015574 -11.15450882911683 2.34356522560120
   vertex -150.35355223527293 -11.15643334388734 2.49999952316284
  endloop
 endfacet
 facet normal -0.97237494334997 0.23342444076218 0.00000000000000
  outer loop
   vertex -150.35355223527293 -11.15643334388734 13.80000019073487
   vertex -150.35355223527293 -11.15643334388734 2.49999952316284
   vertex -150.39018095841746 -11.30901741981507 2.49999952316284
  endloop
 endfacet
 facet normal -0.97237494334997 0.23342444076218 0.00000000000000
  outer loop
   vertex -150.39018095841746 -11.30901741981507 2.49999952316284
   vertex -150.39018095841746 -11.30901741981507 13.80000019073487
   vertex -150.35355223527293 -11.15643334388734 13.80000019073487
  endloop
 endfacet
 facet normal -0.04111622364309 -0.06711031034544 0.99689802005956
  outer loop
   vertex -151.24928892960884 11.12655854225160 1.51231145858765
   vertex -151.27022398820262 11.13938474655153 1.51231145858765
   vertex -151.34123839249949 11.00000023841859 1.49999928474426
  endloop
 endfacet
 facet normal -0.15204308524914 -0.17804868989702 0.97220448685134
  outer loop
   vertex -151.15960554465065 11.25000054222669 1.54894410676006
   vertex -151.24928892960884 11.12655854225159 1.51231145858765
   vertex -151.23061980119090 11.11061620712281 1.51231145858765
  endloop
 endfacet
 facet normal -0.15204308524905 -0.17804868989707 0.97220448685135
  outer loop
   vertex -151.23061980119090 11.11061620712281 1.51231145858765
   vertex -151.12273253312449 11.21850800514222 1.54894316196442
   vertex -151.15960554465065 11.25000054222669 1.54894410676006
  endloop
 endfacet
 facet normal -0.29175190278483 -0.24919826547341 0.92346145112099
  outer loop
   vertex -151.02021675648228 11.32101930983440 1.60899419295680
   vertex -151.12273253312449 11.21850800514222 1.54894316196442
   vertex -151.09123839249949 11.18163585662843 1.54894316196442
  endloop
 endfacet
 facet normal -0.29175190278487 -0.24919826547339 0.92346145112098
  outer loop
   vertex -151.09123839249949 11.18163585662843 1.54894316196442
   vertex -150.97395171037059 11.26684927940370 1.60899293422699
   vertex -151.02021675648228 11.32101930983440 1.60899419295680
  endloop
 endfacet
 facet normal -0.44650669395341 -0.27362796684676 0.85191520001354
  outer loop
   vertex -150.81751860490184 11.26684927940370 1.69098281860352
   vertex -150.86571325694899 11.34549202905254 1.69098237365529
   vertex -150.97395171037059 11.26684927940370 1.60899293422699
  endloop
 endfacet
 facet normal -0.44650669395341 -0.27362796684676 0.85191520001354
  outer loop
   vertex -150.97395171037059 11.26684927940370 1.60899293422699
   vertex -150.93672789445262 11.20610737800599 1.60899293422699
   vertex -150.81751860490184 11.26684927940370 1.69098281860352
  endloop
 endfacet
 facet normal -0.60107317052136 -0.24895166511014 0.75943012326237
  outer loop
   vertex -150.66873778214790 11.21850800514222 1.79289281368256
   vertex -150.71120043524539 11.32102070850385 1.79288958319543
   vertex -150.81751860490184 11.26684927940370 1.69098281860351
  endloop
 endfacet
 facet normal -0.60107317052136 -0.24895166511014 0.75943012326237
  outer loop
   vertex -150.81751860490184 11.26684927940370 1.69098281860351
   vertex -150.78222502580024 11.18163585662843 1.69098281860352
   vertex -150.66873778214790 11.21850800514222 1.79289281368256
  endloop
 endfacet
 facet normal -0.74036985581745 -0.17777319050215 0.64826627965330
  outer loop
   vertex -150.54218138566355 11.12655854225160 1.91221475601196
   vertex -150.57182158341746 11.25000071525574 1.91221475601197
   vertex -150.66873778214793 11.21850800514222 1.79289281368256
  endloop
 endfacet
 facet normal -0.74036985581743 -0.17777319050205 0.64826627965335
  outer loop
   vertex -150.66873778214793 11.21850800514222 1.79289281368256
   vertex -150.64283349907012 11.11061680468121 1.79289063463095
   vertex -150.54218138566355 11.12655854225160 1.91221475601196
  endloop
 endfacet
 facet normal -0.85073096874536 -0.06696173462428 0.52131846784254
  outer loop
   vertex -150.45023192277293 11.00000023841859 2.04600954055786
   vertex -150.46120299210887 11.13938474655153 2.04600954055786
   vertex -150.54218138566355 11.12655854225160 1.91221475601196
  endloop
 endfacet
 facet normal -0.85073096874537 -0.06696173462431 0.52131846784251
  outer loop
   vertex -150.54218138566355 11.12655854225160 1.91221475601196
   vertex -150.53222129969723 11.00000053170323 1.91221247269749
   vertex -150.45023192277293 11.00000023841859 2.04600954055786
  endloop
 endfacet
 facet normal -0.92387712976644 0.00000000000000 0.38268923305277
  outer loop
   vertex -150.45023192277293 -11.00000023841859 2.04600954055786
   vertex -150.39018095841746 -11.00000023841859 2.19098281860352
   vertex -150.39018095841746 11.00000023841859 2.19098281860352
  endloop
 endfacet
 facet normal -0.92387712976644 0.00000000000000 0.38268923305277
  outer loop
   vertex -150.39018095841746 11.00000023841859 2.19098281860352
   vertex -150.45023192277293 11.00000023841859 2.04600954055786
   vertex -150.45023192277293 -11.00000023841859 2.04600954055786
  endloop
 endfacet
 facet normal -0.96953697212246 0.07631800477958 0.23275227567969
  outer loop
   vertex -150.35355126464316 -11.00000031482262 2.34356499258658
   vertex -150.39018095841746 -11.00000023841859 2.19098281860352
   vertex -150.40189207902290 -11.14877724647523 2.19098281860351
  endloop
 endfacet
 facet normal -0.96953697212249 0.07631800477978 0.23275227567951
  outer loop
   vertex -150.40189207902290 -11.14877724647523 2.19098281860351
   vertex -150.36571349015574 -11.15450882911683 2.34356522560120
   vertex -150.35355126464316 -11.00000031482262 2.34356499258658
  endloop
 endfacet
 facet normal -0.96939283688091 0.23271709778201 0.07823221973007
  outer loop
   vertex -150.39018095841746 -11.30901741981507 2.49999952316284
   vertex -150.35355097363021 -11.15643364676335 2.49999942134539
   vertex -150.36571349015574 -11.15450882911683 2.34356522560120
  endloop
 endfacet
 facet normal -0.96939283688095 0.23271709778190 0.07823221972996
  outer loop
   vertex -150.36571349015574 -11.15450882911683 2.34356522560120
   vertex -150.40189207902290 -11.30521225929261 2.34356522560120
   vertex -150.39018095841746 -11.30901741981507 2.49999952316284
  endloop
 endfacet
 facet normal -0.92387757479411 0.38268815867826 0.00000000000000
  outer loop
   vertex -150.39018095841746 -11.30901741981507 13.80000019073487
   vertex -150.39018095841746 -11.30901741981507 2.49999952316284
   vertex -150.45023192277293 -11.45399117469789 2.49999952316284
  endloop
 endfacet
 facet normal -0.92387757479411 0.38268815867826 0.00000000000000
  outer loop
   vertex -150.45023192277293 -11.45399117469789 2.49999952316284
   vertex -150.45023192277293 -11.45399117469789 13.80000019073487
   vertex -150.39018095841746 -11.30901741981507 13.80000019073487
  endloop
 endfacet
 facet normal -0.05110870887869 -0.05985039466456 0.99689810418881
  outer loop
   vertex -151.23061980119090 11.11061620712281 1.51231145858765
   vertex -151.24928892960884 11.12655854225160 1.51231145858765
   vertex -151.34123839249949 11.00000023841859 1.49999928474426
  endloop
 endfacet
 facet normal -0.17805086005239 -0.15202309137189 0.97220721604211
  outer loop
   vertex -151.09123839249949 11.18163585662843 1.54894316196442
   vertex -151.12273215194924 11.21850833059665 1.54894108064153
   vertex -151.23061980119090 11.11061620712281 1.51231145858765
  endloop
 endfacet
 facet normal -0.17805086005239 -0.15202309137188 0.97220721604211
  outer loop
   vertex -151.23061980119090 11.11061620712281 1.51231145858765
   vertex -151.21468199601512 11.09194970130921 1.51231145858765
   vertex -151.09123839249949 11.18163585662843 1.54894316196442
  endloop
 endfacet
 facet normal -0.32715783782071 -0.20042931187838 0.92346945812649
  outer loop
   vertex -150.93672789445262 11.20610737800599 1.60899293422699
   vertex -150.97395053075988 11.26685000207800 1.60898960453611
   vertex -151.09123839249949 11.18163585662843 1.54894316196441
  endloop
 endfacet
 facet normal -0.32715783782070 -0.20042931187842 0.92346945812649
  outer loop
   vertex -151.09123839249949 11.18163585662843 1.54894316196441
   vertex -151.06590880265574 11.14029073715211 1.54894316196441
   vertex -150.93672789445262 11.20610737800599 1.60899293422699
  endloop
 endfacet
 facet normal -0.48382407193266 -0.20038944807568 0.85191451244736
  outer loop
   vertex -150.78222502580024 11.18163585662843 1.69098281860352
   vertex -150.81751859890463 11.26684928188761 1.69098280804367
   vertex -150.93672789445262 11.20610737800599 1.60899293422699
  endloop
 endfacet
 facet normal -0.48382407193266 -0.20038944807548 0.85191451244741
  outer loop
   vertex -150.93672789445262 11.20610737800599 1.60899293422699
   vertex -150.90946806779246 11.14029073715211 1.60899293422700
   vertex -150.78222502580024 11.18163585662843 1.69098281860352
  endloop
 endfacet
 facet normal -0.63261246780380 -0.15186560445284 0.75943288298793
  outer loop
   vertex -150.64283598771431 11.11061620712281 1.79289281368256
   vertex -150.66873731086716 11.21850811827838 1.79289224792368
   vertex -150.78222502580027 11.18163585662843 1.69098281860352
  endloop
 endfacet
 facet normal -0.63261246780376 -0.15186560445267 0.75943288298799
  outer loop
   vertex -150.78222502580027 11.18163585662843 1.69098281860352
   vertex -150.76069487443309 11.09194970130921 1.69098281860352
   vertex -150.64283598771431 11.11061620712281 1.79289281368256
  endloop
 endfacet
 facet normal -0.75905458627318 -0.05971493286432 0.64828254785291
  outer loop
   vertex -150.53222502580027 11.00000023841859 1.91221475601196
   vertex -150.54218138566355 11.12655854225160 1.91221475601196
   vertex -150.64283598771434 11.11061620712281 1.79289281368256
  endloop
 endfacet
 facet normal -0.75905458627315 -0.05971493286424 0.64828254785295
  outer loop
   vertex -150.64283598771434 11.11061620712281 1.79289281368256
   vertex -150.63413255692706 11.00000010402065 1.79289427274535
   vertex -150.53222502580027 11.00000023841859 1.91221475601196
  endloop
 endfacet
 facet normal -0.85263007533866 -0.00000000000000 0.52251502813602
  outer loop
   vertex -150.53222502580027 -11.00000023841859 1.91221475601196
   vertex -150.45023192277293 -11.00000023841859 2.04600954055786
   vertex -150.45023192277293 11.00000023841859 2.04600954055786
  endloop
 endfacet
 facet normal -0.85263007533866 -0.00000000000000 0.52251502813602
  outer loop
   vertex -150.45023192277293 11.00000023841859 2.04600954055786
   vertex -150.53222502580027 11.00000023841859 1.91221475601196
   vertex -150.53222502580027 -11.00000023841859 1.91221475601196
  endloop
 endfacet
 facet normal -0.92144544438913 0.07252834949586 0.38167778496257
  outer loop
   vertex -150.40189207902290 -11.14877724647523 2.19098281860351
   vertex -150.39018151855797 -11.00000019432909 2.19098305062288
   vertex -150.45023192277293 -11.00000023841859 2.04600954055786
  endloop
 endfacet
 facet normal -0.92144544438903 0.07252834949608 0.38167778496276
  outer loop
   vertex -150.45023192277293 -11.00000023841859 2.04600954055786
   vertex -150.46120299210887 -11.13938355445863 2.04600954055786
   vertex -150.40189207902290 -11.14877724647523 2.19098281860351
  endloop
 endfacet
 facet normal -0.94567082915576 0.22701469498306 0.23274666731366
  outer loop
   vertex -150.36571457096053 -11.15450856966231 2.34356549160677
   vertex -150.40189207902293 -11.14877724647523 2.19098281860352
   vertex -150.43672789445262 -11.29389214515687 2.19098281860352
  endloop
 endfacet
 facet normal -0.94567082915576 0.22701469498306 0.23274666731366
  outer loop
   vertex -150.43672789445262 -11.29389214515687 2.19098281860352
   vertex -150.40189207902293 -11.30521225929261 2.34356522560120
   vertex -150.36571457096053 -11.15450856966231 2.34356549160677
  endloop
 endfacet
 facet normal -0.92104753481900 0.38151233672648 0.07822899417319
  outer loop
   vertex -150.39018143431696 -11.30901722269003 2.49999956358328
   vertex -150.40189207902293 -11.30521225929261 2.34356522560120
   vertex -150.46120299210887 -11.44840073585511 2.34356522560120
  endloop
 endfacet
 facet normal -0.92104753481898 0.38151233672654 0.07822899417313
  outer loop
   vertex -150.46120299210887 -11.44840073585511 2.34356522560120
   vertex -150.45023192277293 -11.45399117469789 2.49999952316284
   vertex -150.39018143431696 -11.30901722269003 2.49999956358328
  endloop
 endfacet
 facet normal -0.85263007533866 0.52251502813602 0.00000000000000
  outer loop
   vertex -150.45023192277293 -11.45399117469788 13.80000019073487
   vertex -150.45023192277293 -11.45399117469788 2.49999952316284
   vertex -150.53222502580027 -11.58778595924379 2.49999952316284
  endloop
 endfacet
 facet normal -0.85263007533866 0.52251502813602 0.00000000000000
  outer loop
   vertex -150.53222502580027 -11.58778595924379 2.49999952316284
   vertex -150.53222502580027 -11.58778595924379 13.80000019073487
   vertex -150.45023192277293 -11.45399117469788 13.80000019073487
  endloop
 endfacet
 facet normal -0.05985424283521 -0.05110465079952 0.99689808119049
  outer loop
   vertex -151.21468199601512 11.09194970130921 1.51231145858765
   vertex -151.23061980119090 11.11061620712281 1.51231145858765
   vertex -151.34123839249949 11.00000023841859 1.49999928474426
  endloop
 endfacet
 facet normal -0.19963321153563 -0.12232781667833 0.97220496096177
  outer loop
   vertex -151.06590880265574 11.14029073715211 1.54894316196442
   vertex -151.09123859828708 11.18163573052944 1.54894416414096
   vertex -151.21468199601512 11.09194970130921 1.51231145858765
  endloop
 endfacet
 facet normal -0.19963321153560 -0.12232781667840 0.97220496096177
  outer loop
   vertex -151.21468199601512 11.09194970130921 1.51231145858765
   vertex -151.20185698380809 11.07101988792420 1.51231145858765
   vertex -151.06590880265574 11.14029073715211 1.54894316196442
  endloop
 endfacet
 facet normal -0.35447028741107 -0.14687251171711 0.92346049219478
  outer loop
   vertex -150.93672926156086 11.20610681155338 1.60899649579617
   vertex -151.06590880265574 11.14029073715211 1.54894316196441
   vertex -151.04734648576121 11.09549140930177 1.54894316196442
  endloop
 endfacet
 facet normal -0.35447028741107 -0.14687251171711 0.92346049219478
  outer loop
   vertex -151.04734648576121 11.09549140930177 1.54894316196442
   vertex -150.90946806779246 11.14029073715211 1.60899293422699
   vertex -150.93672926156086 11.20610681155338 1.60899649579617
  endloop
 endfacet
 facet normal -0.50921955500574 -0.12226471178868 0.85190773270994
  outer loop
   vertex -150.78222598202962 11.18163562703570 1.69098441834408
   vertex -150.90946806779246 11.14029073715211 1.60899293422699
   vertex -150.89283598771434 11.07101988792420 1.60899293422699
  endloop
 endfacet
 facet normal -0.50921955500577 -0.12226471178863 0.85190773270992
  outer loop
   vertex -150.89283598771434 11.07101988792420 1.60899293422699
   vertex -150.76069487443309 11.09194970130922 1.69098281860351
   vertex -150.78222598202962 11.18163562703570 1.69098441834408
  endloop
 endfacet
 facet normal -0.64859279369707 -0.05107156996501 0.75942022800656
  outer loop
   vertex -150.64283808958146 11.11061604161734 1.79289527470343
   vertex -150.76069487443309 11.09194970130921 1.69098281860352
   vertex -150.75345457902293 11.00000023841859 1.69098281860352
  endloop
 endfacet
 facet normal -0.64859279369709 -0.05107156996498 0.75942022800655
  outer loop
   vertex -150.75345457902293 11.00000023841859 1.69098281860352
   vertex -150.63413084855421 11.00000023841859 1.79289281368255
   vertex -150.64283808958146 11.11061604161734 1.79289527470343
  endloop
 endfacet
 facet normal -0.76042089424975 -0.00000000000000 0.64943056872033
  outer loop
   vertex -150.63413084855421 -11.00000023841859 1.79289281368255
   vertex -150.53222502580027 -11.00000023841859 1.91221475601196
   vertex -150.53222502580027 11.00000023841859 1.91221475601196
  endloop
 endfacet
 facet normal -0.76042089424975 -0.00000000000000 0.64943056872033
  outer loop
   vertex -150.53222502580027 11.00000023841859 1.91221475601196
   vertex -150.63413084855421 11.00000023841859 1.79289281368255
   vertex -150.63413084855421 -11.00000023841859 1.79289281368255
  endloop
 endfacet
 facet normal -0.85073467557706 0.06692741860224 0.52131682536633
  outer loop
   vertex -150.45023609441293 -10.99999991023508 2.04601209687322
   vertex -150.53222502580027 -11.00000023841859 1.91221475601196
   vertex -150.54218138566355 -11.12655854225159 1.91221475601197
  endloop
 endfacet
 facet normal -0.85073467557701 0.06692741860209 0.52131682536644
  outer loop
   vertex -150.54218138566355 -11.12655854225159 1.91221475601197
   vertex -150.46120299210887 -11.13938355445863 2.04600954055786
   vertex -150.45023609441293 -10.99999991023508 2.04601209687322
  endloop
 endfacet
 facet normal -0.89875283935871 0.21576725759859 0.38169074431147
  outer loop
   vertex -150.43672789445262 -11.29389214515687 2.19098281860351
   vertex -150.40189005170936 -11.14877773318066 2.19098195762507
   vertex -150.46120299210887 -11.13938355445863 2.04600954055786
  endloop
 endfacet
 facet normal -0.89875283935877 0.21576725759850 0.38169074431138
  outer loop
   vertex -150.46120299210887 -11.13938355445863 2.04600954055786
   vertex -150.49384154191355 -11.27533555030824 2.04600954055786
   vertex -150.43672789445262 -11.29389214515687 2.19098281860351
  endloop
 endfacet
 facet normal -0.89849840878514 0.37218675786660 0.23276087875612
  outer loop
   vertex -150.40189019772509 -11.30521303858630 2.34356473824080
   vertex -150.43672789445262 -11.29389214515687 2.19098281860352
   vertex -150.49384154191355 -11.43177056312562 2.19098281860351
  endloop
 endfacet
 facet normal -0.89849840878515 0.37218675786653 0.23276087875619
  outer loop
   vertex -150.49384154191355 -11.43177056312562 2.19098281860351
   vertex -150.46120299210887 -11.44840073585511 2.34356522560120
   vertex -150.40189019772509 -11.30521303858630 2.34356473824080
  endloop
 endfacet
 facet normal -0.85003260797584 0.52089234594668 0.07820312853044
  outer loop
   vertex -150.45023543511175 -11.45398902236820 2.49999984629855
   vertex -150.46120299210887 -11.44840073585511 2.34356522560120
   vertex -150.54218138566355 -11.58054757118226 2.34356522560120
  endloop
 endfacet
 facet normal -0.85003260797582 0.52089234594673 0.07820312853038
  outer loop
   vertex -150.54218138566355 -11.58054757118226 2.34356522560120
   vertex -150.53222502580027 -11.58778595924379 2.49999952316284
   vertex -150.45023543511175 -11.45398902236820 2.49999984629855
  endloop
 endfacet
 facet normal -0.76041544715922 0.64943694668662 0.00000000000000
  outer loop
   vertex -150.53222502580027 -11.58778595924379 13.80000019073487
   vertex -150.53222502580027 -11.58778595924379 2.49999952316284
   vertex -150.63413084855418 -11.70710587501528 2.49999952316284
  endloop
 endfacet
 facet normal -0.76041544715922 0.64943694668662 0.00000000000000
  outer loop
   vertex -150.63413084855418 -11.70710587501528 2.49999952316284
   vertex -150.63413084855418 -11.70710587501528 13.80000019073487
   vertex -150.53222502580027 -11.58778595924379 13.80000019073487
  endloop
 endfacet
 facet normal -0.06710774958863 -0.04112113623897 0.99689798981619
  outer loop
   vertex -151.20185698380809 11.07101988792420 1.51231145858765
   vertex -151.21468199601512 11.09194970130921 1.51231145858765
   vertex -151.34123839249949 11.00000023841859 1.49999928474426
  endloop
 endfacet
 facet normal -0.21629417861124 -0.08964562712302 0.97220393428365
  outer loop
   vertex -151.06590904982679 11.14029063470921 1.54894427295436
   vertex -151.20185698380809 11.07101988792420 1.51231145858765
   vertex -151.19245756974559 11.04834127426148 1.51231145858765
  endloop
 endfacet
 facet normal -0.21629417861124 -0.08964562712302 0.97220393428365
  outer loop
   vertex -151.19245756974559 11.04834127426148 1.51231145858765
   vertex -151.04734648576121 11.09549140930177 1.54894316196442
   vertex -151.06590904982679 11.14029063470921 1.54894427295436
  endloop
 endfacet
 facet normal -0.37308122823850 -0.08952651554548 0.92346921992578
  outer loop
   vertex -150.89283598771434 11.07101988792420 1.60899293422699
   vertex -150.90946674741940 11.14029105399571 1.60898966597388
   vertex -151.04734648576121 11.09549140930177 1.54894316196441
  endloop
 endfacet
 facet normal -0.37308122823849 -0.08952651554534 0.92346921992580
  outer loop
   vertex -151.04734648576121 11.09549140930177 1.54894316196441
   vertex -151.03603209367137 11.04834127426148 1.54894316196442
   vertex -150.89283598771434 11.07101988792420 1.60899293422699
  endloop
 endfacet
 facet normal -0.52205423639053 -0.04105237188776 0.85192375071311
  outer loop
   vertex -150.75345457902293 11.00000023841859 1.69098281860352
   vertex -150.76069222065070 11.09194990999263 1.69097848798022
   vertex -150.89283598771434 11.07101988792420 1.60899293422699
  endloop
 endfacet
 facet normal -0.52205423639056 -0.04105237188784 0.85192375071309
  outer loop
   vertex -150.89283598771434 11.07101988792420 1.60899293422699
   vertex -150.88725127091746 11.00000023841859 1.60899293422699
   vertex -150.75345457902293 11.00000023841859 1.69098281860352
  endloop
 endfacet
 facet normal -0.64944031600287 0.00000000000000 0.76041256956345
  outer loop
   vertex -150.63413084855421 -11.00000023841859 1.79289281368255
   vertex -150.63413084855421 11.00000023841859 1.79289281368255
   vertex -150.75345457902293 11.00000023841859 1.69098281860352
  endloop
 endfacet
 facet normal -0.64944031600287 0.00000000000000 0.76041256956345
  outer loop
   vertex -150.75345457902293 11.00000023841859 1.69098281860352
   vertex -150.75345457902293 -11.00000023841859 1.69098281860352
   vertex -150.63413084855421 -11.00000023841859 1.79289281368255
  endloop
 endfacet
 facet normal -0.75905196098373 0.05973571662450 0.64828370694173
  outer loop
   vertex -150.53222300938194 -11.00000039710627 1.91221303384903
   vertex -150.63413084855418 -11.00000023841859 1.79289281368255
   vertex -150.64283598771431 -11.11061501502992 1.79289281368256
  endloop
 endfacet
 facet normal -0.75905196098375 0.05973571662455 0.64828370694170
  outer loop
   vertex -150.64283598771431 -11.11061501502992 1.79289281368256
   vertex -150.54218138566353 -11.12655854225160 1.91221475601197
   vertex -150.53222300938194 -11.00000039710627 1.91221303384903
  endloop
 endfacet
 facet normal -0.82976333872471 0.19923858965348 0.52134133358224
  outer loop
   vertex -150.49384154191355 -11.27533555030824 2.04600954055786
   vertex -150.46119916535935 -11.13938447331843 2.04600713620640
   vertex -150.54218138566355 -11.12655854225159 1.91221475601197
  endloop
 endfacet
 facet normal -0.82976333872473 0.19923858965346 0.52134133358223
  outer loop
   vertex -150.54218138566355 -11.12655854225159 1.91221475601197
   vertex -150.57182158341746 -11.25000023841858 1.91221475601197
   vertex -150.49384154191355 -11.27533555030824 2.04600954055786
  endloop
 endfacet
 facet normal -0.85393940245876 0.35371076897085 0.38167550202028
  outer loop
   vertex -150.49384154191355 -11.43177056312563 2.19098281860351
   vertex -150.43673004018100 -11.29389125637338 2.19098377765513
   vertex -150.49384154191355 -11.27533555030825 2.04600954055786
  endloop
 endfacet
 facet normal -0.85393940245881 0.35371076897079 0.38167550202022
  outer loop
   vertex -150.49384154191355 -11.27533555030825 2.04600954055786
   vertex -150.54734648576121 -11.40450882911683 2.04600954055786
   vertex -150.49384154191355 -11.43177056312563 2.19098281860351
  endloop
 endfacet
 facet normal -0.82920806213755 0.50815934305287 0.23278331502528
  outer loop
   vertex -150.54218138566355 -11.58054757118226 2.34356522560120
   vertex -150.46119991389628 -11.44840262226042 2.34356436145555
   vertex -150.49384154191355 -11.43177056312563 2.19098281860351
  endloop
 endfacet
 facet normal -0.82920806213761 0.50815934305281 0.23278331502521
  outer loop
   vertex -150.49384154191355 -11.43177056312563 2.19098281860351
   vertex -150.57182158341743 -11.55901741981507 2.19098281860352
   vertex -150.54218138566355 -11.58054757118226 2.34356522560120
  endloop
 endfacet
 facet normal -0.75808132079835 0.64745290361000 0.07821412061520
  outer loop
   vertex -150.53222417279622 -11.58778668776715 2.49999943515518
   vertex -150.54218138566355 -11.58054757118225 2.34356522560120
   vertex -150.64283598771431 -11.69840073585511 2.34356522560120
  endloop
 endfacet
 facet normal -0.75808132079820 0.64745290361021 0.07821412061494
  outer loop
   vertex -150.64283598771431 -11.69840073585511 2.34356522560120
   vertex -150.63413084855421 -11.70710587501527 2.49999952316284
   vertex -150.53222417279622 -11.58778668776715 2.49999943515518
  endloop
 endfacet
 facet normal -0.64943899819118 0.76041369505581 0.00000000000000
  outer loop
   vertex -150.63413084855421 -11.70710587501527 13.80000019073487
   vertex -150.63413084855421 -11.70710587501527 2.49999952316284
   vertex -150.75345457902293 -11.80901551246644 2.49999952316284
  endloop
 endfacet
 facet normal -0.64943899819118 0.76041369505581 0.00000000000000
  outer loop
   vertex -150.75345457902293 -11.80901551246644 2.49999952316284
   vertex -150.75345457902293 -11.80901551246644 13.80000019073487
   vertex -150.63413084855421 -11.70710587501527 13.80000019073487
  endloop
 endfacet
 facet normal -0.07270613417941 -0.03013389928500 0.99689807210495
  outer loop
   vertex -151.19245756974559 11.04834127426148 1.51231145858765
   vertex -151.20185698380809 11.07101988792420 1.51231145858765
   vertex -151.34123839249949 11.00000023841859 1.49999928474426
  endloop
 endfacet
 facet normal -0.22767051135608 -0.05464983697980 0.97220344248359
  outer loop
   vertex -151.03603209367137 11.04834127426148 1.54894316196442
   vertex -151.04734666647713 11.09549136592287 1.54894393366135
   vertex -151.19245756974559 11.04834127426148 1.51231145858765
  endloop
 endfacet
 facet normal -0.22767051135608 -0.05464983697955 0.97220344248360
  outer loop
   vertex -151.19245756974559 11.04834127426148 1.51231145858765
   vertex -151.18672789445264 11.02447152137757 1.51231145858765
   vertex -151.03603209367137 11.04834127426148 1.54894316196442
  endloop
 endfacet
 facet normal -0.38252447027709 -0.03018584573868 0.92345213430707
  outer loop
   vertex -150.89283885563418 11.07101966161035 1.60899985767087
   vertex -151.03603209367137 11.04834127426148 1.54894316196442
   vertex -151.03221739640574 11.00000023841859 1.54894316196442
  endloop
 endfacet
 facet normal -0.38252447027710 -0.03018584573866 0.92345213430706
  outer loop
   vertex -151.03221739640574 11.00000023841859 1.54894316196442
   vertex -150.88725127091746 11.00000023841859 1.60899293422699
   vertex -150.89283885563418 11.07101966161035 1.60899985767087
  endloop
 endfacet
 facet normal -0.52249470148600 0.00000000000000 0.85264253173241
  outer loop
   vertex -150.75345457902293 -11.00000023841859 1.69098281860351
   vertex -150.75345457902293 11.00000023841859 1.69098281860351
   vertex -150.88725127091746 11.00000023841859 1.60899293422699
  endloop
 endfacet
 facet normal -0.52249470148600 0.00000000000000 0.85264253173241
  outer loop
   vertex -150.88725127091746 11.00000023841859 1.60899293422699
   vertex -150.88725127091746 -11.00000023841859 1.60899293422699
   vertex -150.75345457902293 -11.00000023841859 1.69098281860351
  endloop
 endfacet
 facet normal -0.64857742533999 0.05107035982806 0.75943343466454
  outer loop
   vertex -150.64283598771431 -11.11061501502992 1.79289281368256
   vertex -150.63412878627244 -11.00000040080702 1.79289039891197
   vertex -150.75345457902293 -11.00000023841859 1.69098281860352
  endloop
 endfacet
 facet normal -0.64857742534001 0.05107035982803 0.75943343466453
  outer loop
   vertex -150.75345457902293 -11.00000023841859 1.69098281860352
   vertex -150.76069487443309 -11.09194970130921 1.69098281860351
   vertex -150.64283598771431 -11.11061501502992 1.79289281368256
  endloop
 endfacet
 facet normal -0.74037875077990 0.17774220721625 0.64826461662464
  outer loop
   vertex -150.54218447529865 -11.12655780052507 1.91221746125048
   vertex -150.64283598771431 -11.11061501502992 1.79289281368256
   vertex -150.66873778214793 -11.21850800514222 1.79289281368256
  endloop
 endfacet
 facet normal -0.74037875077980 0.17774220721583 0.64826461662486
  outer loop
   vertex -150.66873778214793 -11.21850800514222 1.79289281368256
   vertex -150.57182158341743 -11.25000023841859 1.91221475601197
   vertex -150.54218447529865 -11.12655780052507 1.91221746125048
  endloop
 endfacet
 facet normal -0.78841397126844 0.32654090875537 0.52131990640867
  outer loop
   vertex -150.49384444754418 -11.27533434687033 2.04601146183670
   vertex -150.57182158341746 -11.25000023841858 1.91221475601197
   vertex -150.62039793839796 -11.36728501319886 1.91221475601197
  endloop
 endfacet
 facet normal -0.78841397126844 0.32654090875533 0.52131990640869
  outer loop
   vertex -150.62039793839796 -11.36728501319886 1.91221475601197
   vertex -150.54734648576124 -11.40450882911683 2.04600954055787
   vertex -150.49384444754418 -11.27533434687033 2.04601146183670
  endloop
 endfacet
 facet normal -0.78810317625470 0.48294189933850 0.38165495600158
  outer loop
   vertex -150.49384428430710 -11.43176888261374 2.19098414666324
   vertex -150.54734648576124 -11.40450882911683 2.04600954055787
   vertex -150.62039793839796 -11.52372002601624 2.04600954055787
  endloop
 endfacet
 facet normal -0.78810317625469 0.48294189933856 0.38165495600153
  outer loop
   vertex -150.62039793839796 -11.52372002601624 2.04600954055787
   vertex -150.57182158341746 -11.55901741981507 2.19098281860352
   vertex -150.49384428430710 -11.43176888261374 2.19098414666324
  endloop
 endfacet
 facet normal -0.73954115297741 0.63158756013043 0.23275746377147
  outer loop
   vertex -150.64283598771431 -11.69840073585511 2.34356522560120
   vertex -150.54218406851453 -11.58054527995708 2.34356606998097
   vertex -150.57182158341746 -11.55901741981507 2.19098281860352
  endloop
 endfacet
 facet normal -0.73954115297735 0.63158756013048 0.23275746377154
  outer loop
   vertex -150.57182158341746 -11.55901741981507 2.19098281860352
   vertex -150.66873778214793 -11.67249894142152 2.19098281860352
   vertex -150.64283598771431 -11.69840073585511 2.34356522560120
  endloop
 endfacet
 facet normal -0.64744131327481 0.75809019062533 0.07822409310845
  outer loop
   vertex -150.75345457902290 -11.80901551246644 2.49999952316284
   vertex -150.63412982318687 -11.70710707561969 2.49999939927759
   vertex -150.64283598771431 -11.69840073585511 2.34356522560120
  endloop
 endfacet
 facet normal -0.64744131327466 0.75809019062544 0.07822409310863
  outer loop
   vertex -150.64283598771431 -11.69840073585511 2.34356522560120
   vertex -150.76069487443309 -11.79905724525453 2.34356522560120
   vertex -150.75345457902290 -11.80901551246644 2.49999952316284
  endloop
 endfacet
 facet normal -0.52250077661553 0.85263880889634 0.00000000000000
  outer loop
   vertex -150.75345457902293 -11.80901551246644 13.80000019073488
   vertex -150.75345457902293 -11.80901551246644 2.49999952316284
   vertex -150.88725127091746 -11.89100670814515 2.49999952316284
  endloop
 endfacet
 facet normal -0.52250077661553 0.85263880889634 0.00000000000000
  outer loop
   vertex -150.88725127091746 -11.89100670814515 2.49999952316284
   vertex -150.88725127091746 -11.89100670814515 13.80000019073488
   vertex -150.75345457902293 -11.80901551246644 13.80000019073488
  endloop
 endfacet
 facet normal -0.07652845856624 -0.01836982646558 0.99689816155167
  outer loop
   vertex -151.18672789445264 11.02447152137757 1.51231145858765
   vertex -151.19245756974559 11.04834127426148 1.51231145858765
   vertex -151.34123839249949 11.00000023841859 1.49999928474426
  endloop
 endfacet
 facet normal -0.23339763023124 -0.01833708583583 0.97220846400630
  outer loop
   vertex -151.03221739640574 11.00000023841859 1.54894316196442
   vertex -151.03603118165188 11.04834134591508 1.54893936298381
   vertex -151.18672789445264 11.02447152137757 1.51231145858765
  endloop
 endfacet
 facet normal -0.23339763023127 -0.01833708583602 0.97220846400629
  outer loop
   vertex -151.18672789445264 11.02447152137757 1.51231145858765
   vertex -151.18480528703074 11.00000023841859 1.51231145858765
   vertex -151.03221739640574 11.00000023841859 1.54894316196442
  endloop
 endfacet
 facet normal -0.38269886479929 0.00000000000000 0.92387314003674
  outer loop
   vertex -150.88725127091746 -11.00000023841859 1.60899293422699
   vertex -150.88725127091746 11.00000023841859 1.60899293422699
   vertex -151.03221739640574 11.00000023841859 1.54894316196442
  endloop
 endfacet
 facet normal -0.38269886479929 0.00000000000000 0.92387314003674
  outer loop
   vertex -151.03221739640574 11.00000023841859 1.54894316196442
   vertex -151.03221739640574 -11.00000023841859 1.54894316196442
   vertex -150.88725127091746 -11.00000023841859 1.60899293422699
  endloop
 endfacet
 facet normal -0.52208195534956 0.04105427595711 0.85190667230866
  outer loop
   vertex -150.75345724631950 -11.00000002867388 1.69098717096184
   vertex -150.88725127091746 -11.00000023841859 1.60899293422699
   vertex -150.89283598771434 -11.07102036476136 1.60899293422699
  endloop
 endfacet
 facet normal -0.52208195534956 0.04105427595710 0.85190667230866
  outer loop
   vertex -150.89283598771434 -11.07102036476136 1.60899293422699
   vertex -150.76069487443309 -11.09194970130921 1.69098281860351
   vertex -150.75345724631950 -11.00000002867388 1.69098717096184
  endloop
 endfacet
 facet normal -0.63261514083110 0.15186745729993 0.75943028580937
  outer loop
   vertex -150.64283626180404 -11.11061494923113 1.79289314271677
   vertex -150.76069487443309 -11.09194970130921 1.69098281860352
   vertex -150.78222502580027 -11.18163514137269 1.69098281860351
  endloop
 endfacet
 facet normal -0.63261514083111 0.15186745730000 0.75943028580935
  outer loop
   vertex -150.78222502580027 -11.18163514137269 1.69098281860351
   vertex -150.66873778214793 -11.21850800514222 1.79289281368256
   vertex -150.64283626180404 -11.11061494923113 1.79289314271677
  endloop
 endfacet
 facet normal -0.70342114012239 0.29139395783204 0.64829642985898
  outer loop
   vertex -150.62039793839793 -11.36728501319886 1.91221475601197
   vertex -150.57181705358698 -11.25000211491214 1.91221058116882
   vertex -150.66873778214793 -11.21850800514222 1.79289281368256
  endloop
 endfacet
 facet normal -0.70342114012234 0.29139395783208 0.64829642985901
  outer loop
   vertex -150.66873778214793 -11.21850800514222 1.79289281368256
   vertex -150.71120299210887 -11.32101845741273 1.79289281368256
   vertex -150.62039793839793 -11.36728501319886 1.91221475601197
  endloop
 endfacet
 facet normal -0.72761667137738 0.44587051089510 0.52131896862463
  outer loop
   vertex -150.54734699330353 -11.40450851810394 2.04600990419913
   vertex -150.62039793839796 -11.36728501319886 1.91221475601197
   vertex -150.68672789445262 -11.47552895545960 1.91221475601197
  endloop
 endfacet
 facet normal -0.72761667137732 0.44587051089551 0.52131896862436
  outer loop
   vertex -150.68672789445262 -11.47552895545960 1.91221475601197
   vertex -150.62039793839796 -11.52372002601624 2.04600954055787
   vertex -150.54734699330353 -11.40450851810394 2.04600990419913
  endloop
 endfacet
 facet normal -0.70283178974817 0.60028373811592 0.38168954540694
  outer loop
   vertex -150.57181783972229 -11.55902061727904 2.19098078550068
   vertex -150.62039793839796 -11.52372002601624 2.04600954055787
   vertex -150.71120299210887 -11.63003754615784 2.04600954055787
  endloop
 endfacet
 facet normal -0.70283178974811 0.60028373811609 0.38168954540679
  outer loop
   vertex -150.71120299210887 -11.63003754615784 2.04600954055787
   vertex -150.66873778214793 -11.67249894142152 2.19098281860352
   vertex -150.57181783972229 -11.55902061727904 2.19098078550068
  endloop
 endfacet
 facet normal -0.63158994186990 0.73953756845932 0.23276238993027
  outer loop
   vertex -150.76069487443309 -11.79905724525453 2.34356522560120
   vertex -150.64283549330617 -11.69840131476460 2.34356504339496
   vertex -150.66873778214793 -11.67249894142152 2.19098281860352
  endloop
 endfacet
 facet normal -0.63158994186994 0.73953756845930 0.23276238993022
  outer loop
   vertex -150.66873778214793 -11.67249894142152 2.19098281860352
   vertex -150.78222502580027 -11.76942086219789 2.19098281860351
   vertex -150.76069487443309 -11.79905724525453 2.34356522560120
  endloop
 endfacet
 facet normal -0.52090844888101 0.85002207788012 0.07821032541007
  outer loop
   vertex -150.75345536076145 -11.80901423682003 2.49999964053476
   vertex -150.76069487443309 -11.79905724525453 2.34356522560120
   vertex -150.89283598771434 -11.88003563880921 2.34356522560120
  endloop
 endfacet
 facet normal -0.52090844888106 0.85002207788008 0.07821032541012
  outer loop
   vertex -150.89283598771434 -11.88003563880921 2.34356522560120
   vertex -150.88725127091746 -11.89100670814515 2.49999952316284
   vertex -150.75345536076145 -11.80901423682003 2.49999964053476
  endloop
 endfacet
 facet normal -0.38269497405241 0.92387475170340 0.00000000000000
  outer loop
   vertex -150.88725127091746 -11.89100670814515 13.80000019073487
   vertex -150.88725127091746 -11.89100670814515 2.49999952316284
   vertex -151.03221739640574 -11.95105576515199 2.49999952316284
  endloop
 endfacet
 facet normal -0.38269497405241 0.92387475170340 0.00000000000000
  outer loop
   vertex -151.03221739640574 -11.95105576515199 2.49999952316284
   vertex -151.03221739640574 -11.95105576515199 13.80000019073487
   vertex -150.88725127091746 -11.89100670814515 13.80000019073487
  endloop
 endfacet
 facet normal -0.07846154085170 -0.00616439853309 0.99689808245272
  outer loop
   vertex -151.34123839249949 11.00000023841859 1.49999928474426
   vertex -151.18480528703074 11.00000023841859 1.51231145858765
   vertex -151.18672789445264 11.02447152137757 1.51231145858765
  endloop
 endfacet
 facet normal -0.23343687995666 0.00000000000000 0.97237195716254
  outer loop
   vertex -151.03221739640574 -11.00000023841859 1.54894316196442
   vertex -151.03221739640574 11.00000023841859 1.54894316196442
   vertex -151.18480528703074 11.00000023841859 1.51231145858765
  endloop
 endfacet
 facet normal -0.23343687995666 0.00000000000000 0.97237195716254
  outer loop
   vertex -151.18480528703074 11.00000023841859 1.51231145858765
   vertex -151.18480528703074 -11.00000023841859 1.51231145858765
   vertex -151.03221739640574 -11.00000023841859 1.54894316196442
  endloop
 endfacet
 facet normal -0.07846303165598 0.00000000000000 0.99691702396105
  outer loop
   vertex -151.18480528703074 -11.00000023841859 1.51231145858765
   vertex -151.18480528703074 11.00000023841859 1.51231145858765
   vertex -151.34123839249949 11.00000023841859 1.49999928474426
  endloop
 endfacet
 facet normal -0.07846303165598 0.00000000000000 0.99691702396105
  outer loop
   vertex -151.34123839249949 11.00000023841859 1.49999928474426
   vertex -151.34123839249949 -11.00000023841859 1.49999928474426
   vertex -151.18480528703074 -11.00000023841859 1.51231145858765
  endloop
 endfacet
 facet normal -0.38247996755553 0.03018307824766 0.92347065801043
  outer loop
   vertex -150.89283598771434 -11.07102036476136 1.60899293422699
   vertex -150.88724837794177 -11.00000046671528 1.60898594934308
   vertex -151.03221739640574 -11.00000023841859 1.54894316196442
  endloop
 endfacet
 facet normal -0.38247996755548 0.03018307824777 0.92347065801045
  outer loop
   vertex -151.03221739640574 -11.00000023841859 1.54894316196442
   vertex -151.03603209367137 -11.04834008216859 1.54894316196442
   vertex -150.89283598771434 -11.07102036476136 1.60899293422699
  endloop
 endfacet
 facet normal -0.23342197317615 0.01833899836046 0.97220258360986
  outer loop
   vertex -151.03221831371852 -11.00000016634912 1.54894698257236
   vertex -151.18480528703074 -11.00000023841859 1.51231145858765
   vertex -151.18672789445264 -11.02447152137758 1.51231145858765
  endloop
 endfacet
 facet normal -0.23342197317612 0.01833899836020 0.97220258360987
  outer loop
   vertex -151.18672789445264 -11.02447152137758 1.51231145858765
   vertex -151.03603209367137 -11.04834008216859 1.54894316196442
   vertex -151.03221831371852 -11.00000016634912 1.54894698257236
  endloop
 endfacet
 facet normal -0.50920848331370 0.12226499915990 0.85191430936556
  outer loop
   vertex -150.78222502580027 -11.18163514137269 1.69098281860351
   vertex -150.76069382824858 -11.09194995250643 1.69098106831930
   vertex -150.89283598771434 -11.07102036476136 1.60899293422699
  endloop
 endfacet
 facet normal -0.50920848331357 0.12226499916008 0.85191430936561
  outer loop
   vertex -150.89283598771434 -11.07102036476136 1.60899293422699
   vertex -150.90946806779246 -11.14028954505922 1.60899293422699
   vertex -150.78222502580027 -11.18163514137269 1.69098281860351
  endloop
 endfacet
 facet normal -0.37310305823340 0.08952903771852 0.92346015579563
  outer loop
   vertex -150.89283743419247 -11.07102001766746 1.60899651437703
   vertex -151.03603209367137 -11.04834008216859 1.54894316196442
   vertex -151.04734648576121 -11.09549164772035 1.54894316196441
  endloop
 endfacet
 facet normal -0.37310305823341 0.08952903771863 0.92346015579561
  outer loop
   vertex -151.04734648576121 -11.09549164772035 1.54894316196441
   vertex -150.90946806779246 -11.14028954505921 1.60899293422699
   vertex -150.89283743419247 -11.07102001766746 1.60899651437703
  endloop
 endfacet
 facet normal -0.60109545190432 0.24895741079392 0.75941060389668
  outer loop
   vertex -150.66874073220126 -11.21850678331026 1.79289654071420
   vertex -150.78222502580027 -11.18163514137269 1.69098281860351
   vertex -150.81751860490184 -11.26684975624086 1.69098281860351
  endloop
 endfacet
 facet normal -0.60109545190432 0.24895741079384 0.75941060389671
  outer loop
   vertex -150.81751860490184 -11.26684975624086 1.69098281860351
   vertex -150.71120299210887 -11.32101845741273 1.79289281368256
   vertex -150.66874073220126 -11.21850678331026 1.79289654071420
  endloop
 endfacet
 facet normal -0.48382298520856 0.20038827207810 0.85191540624491
  outer loop
   vertex -150.78222494614869 -11.18163517436254 1.69098267835300
   vertex -150.90946806779246 -11.14028954505921 1.60899293422700
   vertex -150.93672789445262 -11.20610642433168 1.60899293422699
  endloop
 endfacet
 facet normal -0.48382298520856 0.20038827207814 0.85191540624490
  outer loop
   vertex -150.93672789445262 -11.20610642433168 1.60899293422699
   vertex -150.81751860490184 -11.26684975624086 1.69098281860352
   vertex -150.78222494614869 -11.18163517436254 1.69098267835300
  endloop
 endfacet
 facet normal -0.64918798373429 0.39782101434604 0.64830039512536
  outer loop
   vertex -150.68672789445262 -11.47552895545960 1.91221475601197
   vertex -150.62039722138624 -11.36728545258208 1.91221403998062
   vertex -150.71120299210887 -11.32101845741273 1.79289281368256
  endloop
 endfacet
 facet normal -0.64918798373436 0.39782101434599 0.64830039512532
  outer loop
   vertex -150.71120299210887 -11.32101845741273 1.79289281368256
   vertex -150.76917876115184 -11.41562676429749 1.79289281368256
   vertex -150.68672789445262 -11.47552895545960 1.91221475601197
  endloop
 endfacet
 facet normal -0.55471939244825 0.33995415120607 0.75941923251890
  outer loop
   vertex -150.76917876115181 -11.41562676429749 1.79289281368256
   vertex -150.71120176990459 -11.32101920642821 1.79289114046645
   vertex -150.81751860490184 -11.26684975624086 1.69098281860352
  endloop
 endfacet
 facet normal -0.55471939244814 0.33995415120614 0.75941923251895
  outer loop
   vertex -150.81751860490184 -11.26684975624086 1.69098281860352
   vertex -150.86571349015574 -11.34549164772035 1.69098281860352
   vertex -150.76917876115181 -11.41562676429749 1.79289281368256
  endloop
 endfacet
 facet normal -0.64888315651870 0.55422578273482 0.52132948404853
  outer loop
   vertex -150.71120299210887 -11.63003754615785 2.04600954055786
   vertex -150.62039661406692 -11.52372115715731 2.04600847655614
   vertex -150.68672789445262 -11.47552895545960 1.91221475601196
  endloop
 endfacet
 facet normal -0.64888315651887 0.55422578273474 0.52132948404840
  outer loop
   vertex -150.68672789445262 -11.47552895545960 1.91221475601196
   vertex -150.76917876115181 -11.57206177711488 1.91221475601196
   vertex -150.71120299210887 -11.63003754615785 2.04600954055786
  endloop
 endfacet
 facet normal -0.57898067765437 0.49448164395021 0.64828178957856
  outer loop
   vertex -150.68673006581977 -11.47552710099152 1.91221718728096
   vertex -150.76917876115184 -11.41562676429749 1.79289281368256
   vertex -150.84123839249949 -11.50000023841859 1.79289281368256
  endloop
 endfacet
 facet normal -0.57898067765441 0.49448164395009 0.64828178957863
  outer loop
   vertex -150.84123839249949 -11.50000023841859 1.79289281368256
   vertex -150.76917876115184 -11.57206177711488 1.91221475601197
   vertex -150.68673006581977 -11.47552710099152 1.91221718728096
  endloop
 endfacet
 facet normal -0.60028098292990 0.70284548142061 0.38166866622680
  outer loop
   vertex -150.78222502580027 -11.76942086219789 2.19098281860351
   vertex -150.66873964307982 -11.67249676252929 2.19098400181507
   vertex -150.71120299210887 -11.63003754615784 2.04600954055787
  endloop
 endfacet
 facet normal -0.60028098292988 0.70284548142061 0.38166866622682
  outer loop
   vertex -150.71120299210887 -11.63003754615784 2.04600954055787
   vertex -150.81751860490184 -11.72083878517152 2.04600954055786
   vertex -150.78222502580027 -11.76942086219789 2.19098281860351
  endloop
 endfacet
 facet normal -0.55420408000972 0.64890058986378 0.52133085672634
  outer loop
   vertex -150.81751860490184 -11.72083878517152 2.04600954055786
   vertex -150.71120275314840 -11.63003782594933 2.04600931577161
   vertex -150.76917876115181 -11.57206177711487 1.91221475601197
  endloop
 endfacet
 facet normal -0.55420408000961 0.64890058986382 0.52133085672641
  outer loop
   vertex -150.76917876115181 -11.57206177711487 1.91221475601197
   vertex -150.86571349015574 -11.65450882911683 1.91221475601197
   vertex -150.81751860490184 -11.72083878517152 2.04600954055786
  endloop
 endfacet
 facet normal -0.50815445403943 0.82921579027149 0.23276645807400
  outer loop
   vertex -150.76069463695686 -11.79905763277258 2.34356511682227
   vertex -150.78222502580027 -11.76942086219789 2.19098281860351
   vertex -150.90946806779246 -11.84739708900453 2.19098281860351
  endloop
 endfacet
 facet normal -0.50815445403939 0.82921579027154 0.23276645807394
  outer loop
   vertex -150.90946806779246 -11.84739708900453 2.19098281860351
   vertex -150.89283598771434 -11.88003563880922 2.34356522560120
   vertex -150.76069463695686 -11.79905763277258 2.34356511682227
  endloop
 endfacet
 facet normal -0.48295353472724 0.78808897732311 0.38166955225205
  outer loop
   vertex -150.78222515719264 -11.76942064779039 2.19098292244054
   vertex -150.81751860490184 -11.72083878517152 2.04600954055786
   vertex -150.93672789445262 -11.79389214515687 2.04600954055786
  endloop
 endfacet
 facet normal -0.48295353472729 0.78808897732305 0.38166955225211
  outer loop
   vertex -150.93672789445262 -11.79389214515687 2.04600954055786
   vertex -150.90946806779246 -11.84739708900453 2.19098281860351
   vertex -150.78222515719264 -11.76942064779039 2.19098292244054
  endloop
 endfacet
 facet normal -0.38150533456466 0.92105008514575 0.07823311544166
  outer loop
   vertex -151.03221739640571 -11.95105576515199 2.49999952316284
   vertex -150.88725018787562 -11.89100932288119 2.49999930106966
   vertex -150.89283598771434 -11.88003563880921 2.34356522560120
  endloop
 endfacet
 facet normal -0.38150533456467 0.92105008514575 0.07823311544165
  outer loop
   vertex -150.89283598771434 -11.88003563880921 2.34356522560120
   vertex -151.03603209367137 -11.93934845924379 2.34356522560120
   vertex -151.03221739640571 -11.95105576515199 2.49999952316284
  endloop
 endfacet
 facet normal -0.37217658189132 0.89850384903846 0.23275614955304
  outer loop
   vertex -150.89283652357324 -11.88003434514567 2.34356556072291
   vertex -150.90946806779246 -11.84739708900453 2.19098281860352
   vertex -151.04734648576121 -11.90450882911683 2.19098281860352
  endloop
 endfacet
 facet normal -0.37217658189132 0.89850384903846 0.23275614955305
  outer loop
   vertex -151.04734648576121 -11.90450882911683 2.19098281860352
   vertex -151.03603209367137 -11.93934845924378 2.34356522560120
   vertex -150.89283652357324 -11.88003434514567 2.34356556072291
  endloop
 endfacet
 facet normal -0.23344190783242 0.97237075010901 0.00000000000000
  outer loop
   vertex -151.03221739640574 -11.95105576515199 13.80000019073487
   vertex -151.03221739640574 -11.95105576515199 2.49999952316284
   vertex -151.18480528703074 -11.98768830299379 2.49999952316284
  endloop
 endfacet
 facet normal -0.23344190783242 0.97237075010901 0.00000000000000
  outer loop
   vertex -151.18480528703074 -11.98768830299379 2.49999952316284
   vertex -151.18480528703074 -11.98768830299379 13.80000019073487
   vertex -151.03221739640574 -11.95105576515199 13.80000019073487
  endloop
 endfacet
 facet normal -0.23274025943759 0.96938913056277 0.07820923975904
  outer loop
   vertex -151.18480528703074 -11.98768830299379 2.49999952316284
   vertex -151.03221789941384 -11.95105367006717 2.49999969219196
   vertex -151.03603209367137 -11.93934845924379 2.34356522560120
  endloop
 endfacet
 facet normal -0.23274025943756 0.96938913056277 0.07820923975906
  outer loop
   vertex -151.03603209367137 -11.93934845924379 2.34356522560120
   vertex -151.18672789445264 -11.97552895545961 2.34356522560120
   vertex -151.18480528703074 -11.98768830299379 2.49999952316284
  endloop
 endfacet
 facet normal -0.07846152161567 0.99691714280865 0.00000000000000
  outer loop
   vertex -151.18480528703074 -11.98768830299379 13.80000019073487
   vertex -151.18480528703074 -11.98768830299379 2.49999952316284
   vertex -151.34123839249949 -12.00000023841859 2.49999952316284
  endloop
 endfacet
 facet normal -0.07846152161567 0.99691714280865 0.00000000000000
  outer loop
   vertex -151.34123839249949 -12.00000023841859 2.49999952316284
   vertex -151.34123839249949 -12.00000023841859 13.80000019073487
   vertex -151.18480528703074 -11.98768830299379 13.80000019073487
  endloop
 endfacet
 facet normal -0.07846154085170 0.00616439853309 0.99689808245272
  outer loop
   vertex -151.34123839249949 -11.00000023841859 1.49999928474426
   vertex -151.18672789445264 -11.02447152137758 1.51231145858765
   vertex -151.18480528703074 -11.00000023841859 1.51231145858765
  endloop
 endfacet
 facet normal -0.22767380209303 0.05463213437998 0.97220366679703
  outer loop
   vertex -151.03603209367137 -11.04834008216859 1.54894316196442
   vertex -151.18672789445264 -11.02447152137758 1.51231145858765
   vertex -151.19245745442012 -11.04834010984185 1.51231096612944
  endloop
 endfacet
 facet normal -0.22767380209302 0.05463213438029 0.97220366679701
  outer loop
   vertex -151.19245745442012 -11.04834010984185 1.51231096612944
   vertex -151.04734648576121 -11.09549164772035 1.54894316196442
   vertex -151.03603209367137 -11.04834008216859 1.54894316196442
  endloop
 endfacet
 facet normal -0.35448895122027 0.14682111139301 0.92346150147804
  outer loop
   vertex -150.93672789445262 -11.20610642433168 1.60899293422699
   vertex -150.90946806779246 -11.14028954505922 1.60899293422699
   vertex -151.04734648576121 -11.09549164772035 1.54894316196442
  endloop
 endfacet
 facet normal -0.35448895122023 0.14682111139305 0.92346150147805
  outer loop
   vertex -151.04734648576121 -11.09549164772035 1.54894316196442
   vertex -151.06590778911058 -11.14028996484614 1.54894052162841
   vertex -150.93672789445262 -11.20610642433168 1.60899293422699
  endloop
 endfacet
 facet normal -0.44650118954402 0.27363372359139 0.85191623593478
  outer loop
   vertex -150.81751860490184 -11.26684975624086 1.69098281860352
   vertex -150.93672789445262 -11.20610642433168 1.60899293422699
   vertex -150.97395213276380 -11.26684949738146 1.60899374014564
  endloop
 endfacet
 facet normal -0.44650118954401 0.27363372359145 0.85191623593477
  outer loop
   vertex -150.97395213276380 -11.26684949738146 1.60899374014564
   vertex -150.86571349015574 -11.34549164772035 1.69098281860352
   vertex -150.81751860490184 -11.26684975624086 1.69098281860352
  endloop
 endfacet
 facet normal -0.49472823692750 0.42252538184098 0.75941837829140
  outer loop
   vertex -150.76917876115181 -11.41562676429749 1.79289281368256
   vertex -150.86571349015574 -11.34549164772035 1.69098281860352
   vertex -150.92561208861946 -11.41562657469812 1.69098315937653
  endloop
 endfacet
 facet normal -0.49472823692746 0.42252538184116 0.75941837829133
  outer loop
   vertex -150.92561208861946 -11.41562657469812 1.69098315937653
   vertex -150.84123839249949 -11.50000023841859 1.79289281368256
   vertex -150.76917876115181 -11.41562676429749 1.79289281368256
  endloop
 endfacet
 facet normal -0.49448469485502 0.57897699014476 0.64828275577641
  outer loop
   vertex -150.76917876115181 -11.57206177711488 1.91221475601196
   vertex -150.84123839249949 -11.50000023841859 1.79289281368256
   vertex -150.92561215400269 -11.57206144062795 1.79289319044826
  endloop
 endfacet
 facet normal -0.49448469485494 0.57897699014495 0.64828275577630
  outer loop
   vertex -150.92561215400269 -11.57206144062795 1.79289319044826
   vertex -150.86571349015574 -11.65450882911683 1.91221475601196
   vertex -150.76917876115181 -11.57206177711488 1.91221475601196
  endloop
 endfacet
 facet normal -0.44588522483713 0.72760049482573 0.52132896159843
  outer loop
   vertex -150.93672789445262 -11.79389214515687 2.04600954055786
   vertex -150.81751860490184 -11.72083878517152 2.04600954055786
   vertex -150.86571349015574 -11.65450882911683 1.91221475601196
  endloop
 endfacet
 facet normal -0.44588522483712 0.72760049482573 0.52132896159844
  outer loop
   vertex -150.86571349015574 -11.65450882911683 1.91221475601196
   vertex -150.97395165940176 -11.72083886834303 1.91221469641921
   vertex -150.93672789445262 -11.79389214515687 2.04600954055786
  endloop
 endfacet
 facet normal -0.35371684363412 0.85393858974128 0.38167169069789
  outer loop
   vertex -151.04734648576121 -11.90450882911684 2.19098281860351
   vertex -150.90946806779246 -11.84739708900453 2.19098281860351
   vertex -150.93672789445262 -11.79389214515687 2.04600954055786
  endloop
 endfacet
 facet normal -0.35371684363411 0.85393858974128 0.38167169069789
  outer loop
   vertex -150.93672789445262 -11.79389214515687 2.04600954055786
   vertex -151.06590755516225 -11.84740010068706 2.04600819447282
   vertex -151.04734648576121 -11.90450882911684 2.19098281860351
  endloop
 endfacet
 facet normal -0.22704322019166 0.94566032689679 0.23276151378281
  outer loop
   vertex -151.03603209367137 -11.93934845924379 2.34356522560120
   vertex -151.04734648576121 -11.90450882911683 2.19098281860351
   vertex -151.19245756253051 -11.93934848929545 2.19098281120670
  endloop
 endfacet
 facet normal -0.22704322019166 0.94566032689679 0.23276151378281
  outer loop
   vertex -151.19245756253051 -11.93934848929545 2.19098281120670
   vertex -151.18672789445264 -11.97552895545961 2.34356522560120
   vertex -151.03603209367137 -11.93934845924379 2.34356522560120
  endloop
 endfacet
 facet normal -0.07822117125116 0.99386329687605 0.07821250213853
  outer loop
   vertex -151.18480528703074 -11.98768830299379 2.49999952316284
   vertex -151.18672789445264 -11.97552895545961 2.34356522560120
   vertex -151.34123829371401 -11.98768955814339 2.34356512682666
  endloop
 endfacet
 facet normal -0.07822117125117 0.99386329687605 0.07821250213853
  outer loop
   vertex -151.34123829371401 -11.98768955814339 2.34356512682666
   vertex -151.34123839249949 -12.00000023841859 2.49999952316284
   vertex -151.18480528703074 -11.98768830299379 2.49999952316284
  endloop
 endfacet
 facet normal -0.00000000000000 1.00000000000000 0.00000000000000
  outer loop
   vertex -213.64124001374589 -12.00000023841859 13.80000019073487
   vertex -151.34123839249949 -12.00000023841859 13.80000019073487
   vertex -151.34123839249949 -12.00000023841859 2.49999952316284
  endloop
 endfacet
 facet normal 0.00000000000000 1.00000000000000 0.00000000000000
  outer loop
   vertex -151.34123839249949 -12.00000023841859 2.49999952316284
   vertex -213.64124001374589 -12.00000023841859 2.49999952316284
   vertex -213.64124001374589 -12.00000023841859 13.80000019073487
  endloop
 endfacet
 facet normal -0.07652831815825 0.01837071022424 0.99689815604490
  outer loop
   vertex -151.34123839249949 -11.00000023841859 1.49999928474426
   vertex -151.19245756974559 -11.04834008216859 1.51231145858765
   vertex -151.18672789445264 -11.02447152137758 1.51231145858765
  endloop
 endfacet
 facet normal -0.21630001142273 0.08962539750352 0.97220450172835
  outer loop
   vertex -151.06590880265574 -11.14028954505922 1.54894316196442
   vertex -151.04734648576121 -11.09549164772035 1.54894316196442
   vertex -151.19245756974559 -11.04834008216859 1.51231145858765
  endloop
 endfacet
 facet normal -0.21630001142273 0.08962539750351 0.97220450172835
  outer loop
   vertex -151.19245756974559 -11.04834008216859 1.51231145858765
   vertex -151.20185690506921 -11.07102039738736 1.51231110467972
   vertex -151.06590880265574 -11.14028954505922 1.54894316196442
  endloop
 endfacet
 facet normal -0.32713592306657 0.20047052075760 0.92346827674077
  outer loop
   vertex -150.93672789445262 -11.20610642433168 1.60899293422699
   vertex -151.06590880265574 -11.14028954505922 1.54894316196441
   vertex -151.09123916273106 -11.18163466937095 1.54894533624236
  endloop
 endfacet
 facet normal -0.32713592306658 0.20047052075758 0.92346827674077
  outer loop
   vertex -151.09123916273106 -11.18163466937095 1.54894533624236
   vertex -150.97395171037059 -11.26684975624086 1.60899293422699
   vertex -150.93672789445262 -11.20610642433168 1.60899293422699
  endloop
 endfacet
 facet normal -0.39821887313202 0.34009587696391 0.85191344839344
  outer loop
   vertex -150.86571349015574 -11.34549164772035 1.69098281860352
   vertex -150.97395171037059 -11.26684975624086 1.60899293422699
   vertex -151.02021599872361 -11.32101876494021 1.60899216389483
  endloop
 endfacet
 facet normal -0.39821887313203 0.34009587696387 0.85191344839346
  outer loop
   vertex -151.02021599872361 -11.32101876494021 1.60899216389483
   vertex -150.92561186662059 -11.41562676429749 1.69098281860352
   vertex -150.86571349015574 -11.34549164772035 1.69098281860352
  endloop
 endfacet
 facet normal -0.42253301076299 0.49472407464365 0.75941684520661
  outer loop
   vertex -150.92561186662059 -11.57206177711488 1.79289281368256
   vertex -150.84123839249949 -11.50000023841859 1.79289281368256
   vertex -150.92561186662059 -11.41562676429750 1.69098281860352
  endloop
 endfacet
 facet normal -0.42253301076296 0.49472407464365 0.75941684520661
  outer loop
   vertex -150.92561186662059 -11.41562676429750 1.69098281860352
   vertex -150.99574882640860 -11.47552903055551 1.69098270332896
   vertex -150.92561186662059 -11.57206177711488 1.79289281368256
  endloop
 endfacet
 facet normal -0.39783735891502 0.64919698768440 0.64828134866972
  outer loop
   vertex -150.86571349015574 -11.65450882911683 1.91221475601196
   vertex -150.92561186662059 -11.57206177711488 1.79289281368256
   vertex -151.02021655506445 -11.63003722590378 1.79289313348494
  endloop
 endfacet
 facet normal -0.39783735891506 0.64919698768433 0.64828134866976
  outer loop
   vertex -151.02021655506445 -11.63003722590378 1.79289313348494
   vertex -150.97395171037059 -11.72083878517152 1.91221475601196
   vertex -150.86571349015574 -11.65450882911683 1.91221475601196
  endloop
 endfacet
 facet normal -0.32654681556592 0.78840591489553 0.52132839036590
  outer loop
   vertex -150.93672789445262 -11.79389214515687 2.04600954055786
   vertex -150.97395171037059 -11.72083878517152 1.91221475601196
   vertex -151.09123930824387 -11.76941865124910 1.91221621798777
  endloop
 endfacet
 facet normal -0.32654681556595 0.78840591489550 0.52132839036593
  outer loop
   vertex -151.09123930824387 -11.76941865124910 1.91221621798777
   vertex -151.06590880265574 -11.84739708900453 2.04600954055786
   vertex -150.93672789445262 -11.79389214515687 2.04600954055786
  endloop
 endfacet
 facet normal -0.21578049865832 0.89875070283172 0.38168828978403
  outer loop
   vertex -151.19245756974559 -11.93934845924379 2.19098281860351
   vertex -151.04734648576121 -11.90450882911683 2.19098281860351
   vertex -151.06590880265574 -11.84739708900453 2.04600954055786
  endloop
 endfacet
 facet normal -0.21578049865828 0.89875070283171 0.38168828978407
  outer loop
   vertex -151.06590880265574 -11.84739708900453 2.04600954055786
   vertex -151.20185675794107 -11.88003657957146 2.04600914102779
   vertex -151.19245756974559 -11.93934845924379 2.19098281860351
  endloop
 endfacet
 facet normal -0.07629854244942 0.96953605125358 0.23276249212387
  outer loop
   vertex -151.34123839249949 -11.98768830299379 2.34356522560120
   vertex -151.18672789445264 -11.97552895545961 2.34356522560120
   vertex -151.19245756974559 -11.93934845924379 2.19098281860352
  endloop
 endfacet
 facet normal -0.07629854244939 0.96953605125357 0.23276249212391
  outer loop
   vertex -151.19245756974559 -11.93934845924379 2.19098281860352
   vertex -151.34123830820644 -11.95105683627553 2.19098256145229
   vertex -151.34123839249949 -11.98768830299379 2.34356522560120
  endloop
 endfacet
 facet normal 0.00000000000000 0.99691718957667 0.07846092738780
  outer loop
   vertex -213.64124001374589 -11.98768830299379 2.34356522560120
   vertex -213.64124001374589 -12.00000023841859 2.49999952316284
   vertex -151.34123839249949 -12.00000023841859 2.49999952316284
  endloop
 endfacet
 facet normal 0.00000000000000 0.99691718957667 0.07846092738780
  outer loop
   vertex -151.34123839249949 -12.00000023841859 2.49999952316284
   vertex -151.34123839249949 -11.98768830299379 2.34356522560120
   vertex -213.64124001374589 -11.98768830299379 2.34356522560120
  endloop
 endfacet
 facet normal 0.07846104623267 0.99691718022315 0.00000000000000
  outer loop
   vertex -213.79767407288892 -11.98768830299379 13.80000019073487
   vertex -213.64124001374589 -12.00000023841859 13.80000019073487
   vertex -213.64124001374589 -12.00000023841859 2.49999952316284
  endloop
 endfacet
 facet normal 0.07846104623267 0.99691718022315 0.00000000000000
  outer loop
   vertex -213.64124001374589 -12.00000023841859 2.49999952316284
   vertex -213.79767407288892 -11.98768830299379 2.49999952316284
   vertex -213.79767407288892 -11.98768830299379 13.80000019073487
  endloop
 endfacet
 facet normal -0.07270698153067 0.03013203304879 0.99689806671547
  outer loop
   vertex -151.20185698380809 -11.07102036476136 1.51231145858765
   vertex -151.19245756974559 -11.04834008216859 1.51231145858765
   vertex -151.34123839249949 -11.00000023841859 1.49999928474426
  endloop
 endfacet
 facet normal -0.19964460509583 0.12230845392232 0.97220505746229
  outer loop
   vertex -151.06590880265574 -11.14028954505922 1.54894316196441
   vertex -151.20185698380809 -11.07102036476136 1.51231145858765
   vertex -151.21468187429127 -11.09194977588100 1.51231086583166
  endloop
 endfacet
 facet normal -0.19964460509584 0.12230845392230 0.97220505746229
  outer loop
   vertex -151.21468187429127 -11.09194977588100 1.51231086583166
   vertex -151.09123839249949 -11.18163514137269 1.54894316196442
   vertex -151.06590880265574 -11.14028954505922 1.54894316196441
  endloop
 endfacet
 facet normal -0.29175852647954 0.24918643726369 0.92346255024788
  outer loop
   vertex -151.02021635880809 -11.32101845741273 1.60899293422699
   vertex -150.97395171037059 -11.26684975624086 1.60899293422699
   vertex -151.09123839249949 -11.18163514137269 1.54894316196442
  endloop
 endfacet
 facet normal -0.29175852647946 0.24918643726374 0.92346255024789
  outer loop
   vertex -151.09123839249949 -11.18163514137269 1.54894316196442
   vertex -151.12273239701710 -11.21850812138945 1.54894273116262
   vertex -151.02021635880809 -11.32101845741273 1.60899293422699
  endloop
 endfacet
 facet normal -0.34009872383087 0.39820767600803 0.85191754578533
  outer loop
   vertex -150.99574889054637 -11.47552895545961 1.69098281860351
   vertex -150.92561186662059 -11.41562676429750 1.69098281860352
   vertex -151.02021635880809 -11.32101845741273 1.60899293422699
  endloop
 endfacet
 facet normal -0.34009872383094 0.39820767600801 0.85191754578531
  outer loop
   vertex -151.02021635880809 -11.32101845741273 1.60899293422699
   vertex -151.07439214411767 -11.36728565161775 1.60899156840639
   vertex -150.99574889054637 -11.47552895545961 1.69098281860351
  endloop
 endfacet
 facet normal -0.33994841702079 0.55472567062216 0.75941721347218
  outer loop
   vertex -151.02021635880809 -11.63003754615785 1.79289281368256
   vertex -150.92561186662059 -11.57206177711488 1.79289281368256
   vertex -150.99574889054637 -11.47552895545961 1.69098281860351
  endloop
 endfacet
 facet normal -0.33994841702074 0.55472567062217 0.75941721347220
  outer loop
   vertex -150.99574889054637 -11.47552895545961 1.69098281860351
   vertex -151.07439200574245 -11.52372114156269 1.69098129142492
   vertex -151.02021635880809 -11.63003754615785 1.79289281368256
  endloop
 endfacet
 facet normal -0.29137776414250 0.70344318922108 0.64827978381390
  outer loop
   vertex -151.09123839249949 -11.76942086219789 1.91221475601196
   vertex -150.97395171037059 -11.72083878517152 1.91221475601196
   vertex -151.02021635880809 -11.63003754615785 1.79289281368256
  endloop
 endfacet
 facet normal -0.29137776414251 0.70344318922108 0.64827978381389
  outer loop
   vertex -151.02021635880809 -11.63003754615785 1.79289281368256
   vertex -151.12273202194368 -11.67250017551250 1.79289167636792
   vertex -151.09123839249949 -11.76942086219789 1.91221475601196
  endloop
 endfacet
 facet normal -0.19921528020792 0.82978426321295 0.52131693685878
  outer loop
   vertex -151.06590880265574 -11.84739708900453 2.04600954055786
   vertex -151.09123839249949 -11.76942086219789 1.91221475601196
   vertex -151.21468198649555 -11.79905728490601 1.91221473110068
  endloop
 endfacet
 facet normal -0.19921528020792 0.82978426321295 0.52131693685878
  outer loop
   vertex -151.21468198649555 -11.79905728490601 1.91221473110068
   vertex -151.20185698380809 -11.88003563880921 2.04600954055786
   vertex -151.06590880265574 -11.84739708900453 2.04600954055786
  endloop
 endfacet
 facet normal -0.07250668631708 0.92144209180139 0.38168999449291
  outer loop
   vertex -151.34123839249949 -11.95105576515199 2.19098281860351
   vertex -151.19245756974559 -11.93934845924379 2.19098281860352
   vertex -151.20185698380809 -11.88003563880921 2.04600954055786
  endloop
 endfacet
 facet normal -0.07250668631707 0.92144209180138 0.38168999449293
  outer loop
   vertex -151.20185698380809 -11.88003563880921 2.04600954055786
   vertex -151.34123861879286 -11.89100383232458 2.04601073181225
   vertex -151.34123839249949 -11.95105576515199 2.19098281860351
  endloop
 endfacet
 facet normal 0.00000000000000 0.97236884570305 0.23344984023579
  outer loop
   vertex -213.64124001374589 -11.95105576515199 2.19098281860352
   vertex -213.64124001374589 -11.98768830299379 2.34356522560120
   vertex -151.34123839249949 -11.98768830299379 2.34356522560120
  endloop
 endfacet
 facet normal 0.00000000000000 0.97236884570305 0.23344984023579
  outer loop
   vertex -151.34123839249949 -11.98768830299379 2.34356522560120
   vertex -151.34123839249949 -11.95105576515199 2.19098281860352
   vertex -213.64124001374589 -11.95105576515199 2.19098281860352
  endloop
 endfacet
 facet normal 0.07822064791444 0.99386270637839 0.07822052869979
  outer loop
   vertex -213.64124001374589 -12.00000023841859 2.49999952316284
   vertex -213.64124001374589 -11.98768830299379 2.34356522560120
   vertex -213.79574804917303 -11.97552795888750 2.34356530403496
  endloop
 endfacet
 facet normal 0.07822064791442 0.99386270637839 0.07822052869982
  outer loop
   vertex -213.79574804917303 -11.97552795888750 2.34356530403496
   vertex -213.79767407288892 -11.98768830299379 2.49999952316284
   vertex -213.64124001374589 -12.00000023841859 2.49999952316284
  endloop
 endfacet
 facet normal 0.23344708107960 0.97236950812714 0.00000000000000
  outer loop
   vertex -213.95025838723527 -11.95105576515198 13.80000019073487
   vertex -213.79767407288892 -11.98768830299379 13.80000019073487
   vertex -213.79767407288892 -11.98768830299379 2.49999952316284
  endloop
 endfacet
 facet normal 0.23344708107960 0.97236950812714 0.00000000000000
  outer loop
   vertex -213.79767407288892 -11.98768830299379 2.49999952316284
   vertex -213.95025838723527 -11.95105576515198 2.49999952316284
   vertex -213.95025838723527 -11.95105576515198 13.80000019073487
  endloop
 endfacet
 facet normal -0.06710727892925 0.04112178470070 0.99689799475059
  outer loop
   vertex -151.21468199601512 -11.09194970130921 1.51231145858765
   vertex -151.20185698380809 -11.07102036476136 1.51231145858765
   vertex -151.34123839249949 -11.00000023841859 1.49999928474426
  endloop
 endfacet
 facet normal -0.17802652906863 0.15205742023489 0.97220630315756
  outer loop
   vertex -151.09123839249949 -11.18163514137269 1.54894316196442
   vertex -151.21468199601512 -11.09194970130921 1.51231145858765
   vertex -151.23061995203560 -11.11061488618926 1.51231228235344
  endloop
 endfacet
 facet normal -0.17802652906863 0.15205742023488 0.97220630315756
  outer loop
   vertex -151.23061995203560 -11.11061488618926 1.51231228235344
   vertex -151.12273253312449 -11.21850800514222 1.54894316196442
   vertex -151.09123839249949 -11.18163514137269 1.54894316196442
  endloop
 endfacet
 facet normal -0.24917205408384 0.29177074758616 0.92346257006803
  outer loop
   vertex -151.07439268937449 -11.36728501319886 1.60899293422699
   vertex -151.02021635880809 -11.32101845741273 1.60899293422699
   vertex -151.12273253312449 -11.21850800514222 1.54894316196441
  endloop
 endfacet
 facet normal -0.24917205408378 0.29177074758619 0.92346257006804
  outer loop
   vertex -151.12273253312449 -11.21850800514222 1.54894316196441
   vertex -151.15960560252097 -11.24999999763746 1.54894392404340
   vertex -151.07439268937449 -11.36728501319886 1.60899293422699
  endloop
 endfacet
 facet normal -0.27360781571164 0.44650508420087 0.85192251582188
  outer loop
   vertex -150.99574889054637 -11.47552895545960 1.69098281860351
   vertex -151.07439268937449 -11.36728501319886 1.60899293422699
   vertex -151.13513093901341 -11.40450778505645 1.60899492627272
  endloop
 endfacet
 facet normal -0.27360781571160 0.44650508420093 0.85192251582186
  outer loop
   vertex -151.13513093901341 -11.40450778505645 1.60899492627272
   vertex -151.07439268937449 -11.52372002601625 1.69098281860352
   vertex -150.99574889054637 -11.47552895545960 1.69098281860351
  endloop
 endfacet
 facet normal -0.24896148379615 0.60107725411345 0.75942367238153
  outer loop
   vertex -151.12273253312449 -11.67249894142152 1.79289281368256
   vertex -151.02021635880809 -11.63003754615785 1.79289281368256
   vertex -151.07439268937449 -11.52372002601625 1.69098281860352
  endloop
 endfacet
 facet normal -0.24896148379611 0.60107725411345 0.75942367238155
  outer loop
   vertex -151.07439268937449 -11.52372002601625 1.69098281860352
   vertex -151.15960583965699 -11.55901635083547 1.69098416919266
   vertex -151.12273253312449 -11.67249894142152 1.79289281368256
  endloop
 endfacet
 facet normal -0.17774546103570 0.74035823389310 0.64828715596400
  outer loop
   vertex -151.09123839249949 -11.76942086219789 1.91221475601196
   vertex -151.12273253312449 -11.67249894142152 1.79289281368256
   vertex -151.23061982511172 -11.69840063621831 1.79289290092850
  endloop
 endfacet
 facet normal -0.17774546103569 0.74035823389311 0.64828715596400
  outer loop
   vertex -151.23061982511172 -11.69840063621831 1.79289290092850
   vertex -151.21468199601512 -11.79905724525453 1.91221475601196
   vertex -151.09123839249949 -11.76942086219789 1.91221475601196
  endloop
 endfacet
 facet normal -0.06696323282856 0.85073108521892 0.52131808532929
  outer loop
   vertex -151.34123839249949 -11.89100670814516 2.04600954055786
   vertex -151.20185698380809 -11.88003563880922 2.04600954055786
   vertex -151.21468199601512 -11.79905724525453 1.91221475601196
  endloop
 endfacet
 facet normal -0.06696323282855 0.85073108521891 0.52131808532929
  outer loop
   vertex -151.21468199601512 -11.79905724525453 1.91221475601196
   vertex -151.34123820379901 -11.80901790980251 1.91221328695238
   vertex -151.34123839249949 -11.89100670814516 2.04600954055786
  endloop
 endfacet
 facet normal 0.00000000000000 0.92388142723723 0.38267885806000
  outer loop
   vertex -213.64124001374589 -11.89100670814515 2.04600954055786
   vertex -213.64124001374589 -11.95105576515199 2.19098281860352
   vertex -151.34123839249949 -11.95105576515199 2.19098281860352
  endloop
 endfacet
 facet normal 0.00000000000000 0.92388142723723 0.38267885806000
  outer loop
   vertex -151.34123839249949 -11.95105576515199 2.19098281860352
   vertex -151.34123839249949 -11.89100670814515 2.04600954055786
   vertex -213.64124001374589 -11.89100670814515 2.04600954055786
  endloop
 endfacet
 facet normal 0.07629958435228 0.96953433015353 0.23276931945903
  outer loop
   vertex -213.79574812760694 -11.97552895545961 2.34356522560120
   vertex -213.64124001374589 -11.98768830299379 2.34356522560120
   vertex -213.64124001374589 -11.95105576515199 2.19098281860352
  endloop
 endfacet
 facet normal 0.07629958435229 0.96953433015353 0.23276931945904
  outer loop
   vertex -213.64124001374589 -11.95105576515199 2.19098281860352
   vertex -213.79001860556517 -11.93934737702731 2.19098307842597
   vertex -213.79574812760694 -11.97552895545961 2.34356522560120
  endloop
 endfacet
 facet normal 0.23273193346296 0.96939072709874 0.07821422736024
  outer loop
   vertex -213.79767407288892 -11.98768830299379 2.49999952316284
   vertex -213.79574812760694 -11.97552895545961 2.34356522560120
   vertex -213.94645099898304 -11.93934811784800 2.34356525314634
  endloop
 endfacet
 facet normal 0.23273193346294 0.96939072709875 0.07821422736027
  outer loop
   vertex -213.94645099898304 -11.93934811784800 2.34356525314634
   vertex -213.95025838723527 -11.95105576515198 2.49999952316284
   vertex -213.79767407288892 -11.98768830299379 2.49999952316284
  endloop
 endfacet
 facet normal 0.38267885806001 0.92388142723722 0.00000000000000
  outer loop
   vertex -214.09523166528089 -11.89100670814515 13.80000019073487
   vertex -213.95025838723527 -11.95105576515197 13.80000019073487
   vertex -213.95025838723527 -11.95105576515197 2.49999952316284
  endloop
 endfacet
 facet normal 0.38267885806001 0.92388142723722 0.00000000000000
  outer loop
   vertex -213.95025838723527 -11.95105576515197 2.49999952316284
   vertex -214.09523166528089 -11.89100670814515 2.49999952316284
   vertex -214.09523166528089 -11.89100670814515 13.80000019073487
  endloop
 endfacet
 facet normal -0.05985277844858 0.05110666428736 0.99689806589109
  outer loop
   vertex -151.23061980119090 -11.11061501502992 1.51231145858765
   vertex -151.21468199601512 -11.09194970130921 1.51231145858765
   vertex -151.34123839249949 -11.00000023841859 1.49999928474426
  endloop
 endfacet
 facet normal -0.15205525337663 0.17803477428852 0.97220513219413
  outer loop
   vertex -151.15960539689402 -11.25000023841859 1.54894316196442
   vertex -151.12273253312449 -11.21850800514222 1.54894316196442
   vertex -151.23061980119090 -11.11061501502992 1.51231145858765
  endloop
 endfacet
 facet normal -0.15205525337665 0.17803477428852 0.97220513219413
  outer loop
   vertex -151.23061980119090 -11.11061501502992 1.51231145858765
   vertex -151.24928889360496 -11.12655858440696 1.51231122838732
   vertex -151.15960539689402 -11.25000023841859 1.54894316196442
  endloop
 endfacet
 facet normal -0.20049404799620 0.32714349581836 0.92346048635653
  outer loop
   vertex -151.13513029923777 -11.40450882911683 1.60899293422699
   vertex -151.07439268937449 -11.36728501319886 1.60899293422699
   vertex -151.15960539689402 -11.25000023841859 1.54894316196442
  endloop
 endfacet
 facet normal -0.20049404799626 0.32714349581834 0.92346048635652
  outer loop
   vertex -151.15960539689402 -11.25000023841859 1.54894316196442
   vertex -151.20094890921149 -11.27533583854143 1.54894234833992
   vertex -151.13513029923777 -11.40450882911683 1.60899293422699
  endloop
 endfacet
 facet normal -0.20040891595847 0.48381436989953 0.85191544291853
  outer loop
   vertex -151.15960539689402 -11.55901741981507 1.69098281860352
   vertex -151.07439268937449 -11.52372002601625 1.69098281860352
   vertex -151.13513029923777 -11.40450882911683 1.60899293422699
  endloop
 endfacet
 facet normal -0.20040891595853 0.48381436989953 0.85191544291851
  outer loop
   vertex -151.13513029923777 -11.40450882911683 1.60899293422699
   vertex -151.20094887482534 -11.43177107258922 1.60899203714758
   vertex -151.15960539689402 -11.55901741981507 1.69098281860352
  endloop
 endfacet
 facet normal -0.15188284266457 0.63262894789985 0.75941570722712
  outer loop
   vertex -151.23061980119090 -11.69840073585511 1.79289281368256
   vertex -151.12273253312449 -11.67249894142152 1.79289281368256
   vertex -151.15960539689402 -11.55901741981507 1.69098281860352
  endloop
 endfacet
 facet normal -0.15188284266458 0.63262894789985 0.75941570722711
  outer loop
   vertex -151.15960539689402 -11.55901741981507 1.69098281860352
   vertex -151.24928880918378 -11.58054807278198 1.69098221647694
   vertex -151.23061980119090 -11.69840073585511 1.79289281368256
  endloop
 endfacet
 facet normal -0.05972678279001 0.75904836078958 0.64828874539067
  outer loop
   vertex -151.21468199601512 -11.79905724525453 1.91221475601196
   vertex -151.23061980119090 -11.69840073585511 1.79289281368256
   vertex -151.34123843604237 -11.70710532164295 1.79289328630731
  endloop
 endfacet
 facet normal -0.05972678279002 0.75904836078957 0.64828874539067
  outer loop
   vertex -151.34123843604237 -11.70710532164295 1.79289328630731
   vertex -151.34123839249949 -11.80901551246644 1.91221475601196
   vertex -151.21468199601512 -11.79905724525453 1.91221475601196
  endloop
 endfacet
 facet normal 0.00000000000000 0.85263549048334 0.52250619170324
  outer loop
   vertex -213.64124001374589 -11.80901551246644 1.91221475601196
   vertex -213.64124001374589 -11.89100670814515 2.04600954055786
   vertex -151.34123839249949 -11.89100670814515 2.04600954055786
  endloop
 endfacet
 facet normal 0.00000000000000 0.85263549048334 0.52250619170324
  outer loop
   vertex -151.34123839249949 -11.89100670814515 2.04600954055786
   vertex -151.34123839249949 -11.80901551246644 1.91221475601196
   vertex -213.64124001374589 -11.80901551246644 1.91221475601196
  endloop
 endfacet
 facet normal 0.07250832234121 0.92144959335958 0.38167157359269
  outer loop
   vertex -213.79001869073252 -11.93934845924379 2.19098281860351
   vertex -213.64124001374589 -11.95105576515199 2.19098281860352
   vertex -213.64124001374589 -11.89100670814515 2.04600954055786
  endloop
 endfacet
 facet normal 0.07250832234123 0.92144959335958 0.38167157359270
  outer loop
   vertex -213.64124001374589 -11.89100670814515 2.04600954055786
   vertex -213.78062377265491 -11.88003823700457 2.04600846436518
   vertex -213.79001869073252 -11.93934845924379 2.19098281860351
  endloop
 endfacet
 facet normal 0.22703302898879 0.94566276177990 0.23276156197058
  outer loop
   vertex -213.94645108094556 -11.93934845924378 2.34356522560120
   vertex -213.79574812760694 -11.97552895545961 2.34356522560120
   vertex -213.79001869073252 -11.93934845924380 2.19098281860351
  endloop
 endfacet
 facet normal 0.22703302898877 0.94566276177991 0.23276156197056
  outer loop
   vertex -213.79001869073252 -11.93934845924380 2.19098281860351
   vertex -213.93513374058330 -11.90450945878274 2.19098266362013
   vertex -213.94645108094556 -11.93934845924378 2.34356522560120
  endloop
 endfacet
 facet normal 0.38150652099125 0.92105111555058 0.07821519663199
  outer loop
   vertex -213.95025838723527 -11.95105576515198 2.49999952316284
   vertex -213.94645108094556 -11.93934845924379 2.34356522560120
   vertex -214.08964103388155 -11.88003805193720 2.34356502067958
  endloop
 endfacet
 facet normal 0.38150652099134 0.92105111555055 0.07821519663190
  outer loop
   vertex -214.08964103388155 -11.88003805193720 2.34356502067958
   vertex -214.09523166528089 -11.89100670814516 2.49999952316284
   vertex -213.95025838723527 -11.95105576515198 2.49999952316284
  endloop
 endfacet
 facet normal 0.52250889928133 0.85263383123813 -0.00000000000000
  outer loop
   vertex -214.22902549615247 -11.80901551246643 13.80000019073487
   vertex -214.09523166528089 -11.89100670814515 13.80000019073487
   vertex -214.09523166528089 -11.89100670814515 2.49999952316284
  endloop
 endfacet
 facet normal 0.52250889928132 0.85263383123813 -0.00000000000000
  outer loop
   vertex -214.09523166528089 -11.89100670814515 2.49999952316284
   vertex -214.22902549615245 -11.80901551246645 2.49999952316284
   vertex -214.22902549615247 -11.80901551246643 13.80000019073487
  endloop
 endfacet
 facet normal -0.05111106633400 0.05984868013840 0.99689808625751
  outer loop
   vertex -151.24928892960884 -11.12655854225160 1.51231145858765
   vertex -151.23061980119090 -11.11061501502992 1.51231145858765
   vertex -151.34123839249949 -11.00000023841859 1.49999928474426
  endloop
 endfacet
 facet normal -0.12233155555403 0.19962800558520 0.97220555948925
  outer loop
   vertex -151.20094908585887 -11.27533555030824 1.54894316196441
   vertex -151.15960539689402 -11.25000023841859 1.54894316196442
   vertex -151.24928892960884 -11.12655854225159 1.51231145858765
  endloop
 endfacet
 facet normal -0.12233155555400 0.19962800558521 0.97220555948925
  outer loop
   vertex -151.24928892960884 -11.12655854225159 1.51231145858765
   vertex -151.27022389196745 -11.13938371150097 1.51231069377794
   vertex -151.20094908585887 -11.27533555030824 1.54894316196441
  endloop
 endfacet
 facet normal -0.14682512381221 0.35448410918008 0.92346272223427
  outer loop
   vertex -151.20094908585887 -11.43177056312562 1.60899293422699
   vertex -151.13513029923777 -11.40450882911683 1.60899293422699
   vertex -151.20094908585887 -11.27533555030824 1.54894316196441
  endloop
 endfacet
 facet normal -0.14682512381209 0.35448410918009 0.92346272223429
  outer loop
   vertex -151.20094908585887 -11.27533555030824 1.54894316196441
   vertex -151.24574893182250 -11.29389204550277 1.54894342157225
   vertex -151.20094908585887 -11.43177056312562 1.60899293422699
  endloop
 endfacet
 facet normal -0.12224388965926 0.50920514633045 0.85191933326551
  outer loop
   vertex -151.24928892960884 -11.58054757118226 1.69098281860352
   vertex -151.15960539689402 -11.55901741981507 1.69098281860352
   vertex -151.20094908585887 -11.43177056312562 1.60899293422699
  endloop
 endfacet
 facet normal -0.12224388965924 0.50920514633045 0.85191933326552
  outer loop
   vertex -151.20094908585887 -11.43177056312562 1.60899293422699
   vertex -151.27022395593266 -11.44840087027511 1.60899270933729
   vertex -151.24928892960884 -11.58054757118226 1.69098281860352
  endloop
 endfacet
 facet normal -0.05104148753806 0.64859818388644 0.75941764689077
  outer loop
   vertex -151.23061980119090 -11.69840073585511 1.79289281368256
   vertex -151.24928892960884 -11.58054757118226 1.69098281860352
   vertex -151.34123847253187 -11.58778494225045 1.69098400936029
  endloop
 endfacet
 facet normal -0.05104148753807 0.64859818388644 0.75941764689077
  outer loop
   vertex -151.34123847253187 -11.58778494225045 1.69098400936029
   vertex -151.34123839249949 -11.70710587501527 1.79289281368256
   vertex -151.23061980119090 -11.69840073585511 1.79289281368256
  endloop
 endfacet
 facet normal 0.00000000000000 0.76040888880053 0.64944462568655
  outer loop
   vertex -213.64124001374589 -11.70710587501527 1.79289281368256
   vertex -213.64124001374589 -11.80901551246644 1.91221475601196
   vertex -151.34123839249949 -11.80901551246644 1.91221475601196
  endloop
 endfacet
 facet normal 0.00000000000000 0.76040888880054 0.64944462568654
  outer loop
   vertex -151.34123839249949 -11.80901551246644 1.91221475601196
   vertex -151.34123839249949 -11.70710587501527 1.79289281368256
   vertex -213.64124001374589 -11.70710587501527 1.79289281368256
  endloop
 endfacet
 facet normal 0.06696147132821 0.85072180292667 0.52133345891354
  outer loop
   vertex -213.64124001374589 -11.89100670814515 2.04600954055786
   vertex -213.64124001374589 -11.80901551246644 1.91221475601196
   vertex -213.76779717967094 -11.79905490463175 1.91221619037625
  endloop
 endfacet
 facet normal 0.06696147132822 0.85072180292667 0.52133345891353
  outer loop
   vertex -213.76779717967094 -11.79905490463175 1.91221619037625
   vertex -213.78062356820442 -11.88003563880921 2.04600954055786
   vertex -213.64124001374589 -11.89100670814515 2.04600954055786
  endloop
 endfacet
 facet normal 0.21577505214138 0.89875164332767 0.38168915427242
  outer loop
   vertex -213.79001869073252 -11.93934845924379 2.19098281860351
   vertex -213.78062356820442 -11.88003563880922 2.04600954055786
   vertex -213.91657419038725 -11.84739633270818 2.04600986174794
  endloop
 endfacet
 facet normal 0.21577505214138 0.89875164332767 0.38168915427241
  outer loop
   vertex -213.91657419038725 -11.84739633270818 2.04600986174794
   vertex -213.93513358941422 -11.90450882911683 2.19098281860352
   vertex -213.79001869073252 -11.93934845924379 2.19098281860351
  endloop
 endfacet
 facet normal 0.37218322545438 0.89849928118875 0.23276315944254
  outer loop
   vertex -214.08964003434519 -11.88003563880922 2.34356522560120
   vertex -213.94645108094554 -11.93934845924377 2.34356522560120
   vertex -213.93513358941422 -11.90450882911682 2.19098281860352
  endloop
 endfacet
 facet normal 0.37218322545448 0.89849928118868 0.23276315944265
  outer loop
   vertex -213.93513358941422 -11.90450882911682 2.19098281860352
   vertex -214.07301013161802 -11.84739658967786 2.19098294795793
   vertex -214.08964003434519 -11.88003563880922 2.34356522560120
  endloop
 endfacet
 facet normal 0.52090745429230 0.85002058162972 0.07823320822119
  outer loop
   vertex -214.09523166528089 -11.89100670814515 2.49999952316284
   vertex -214.08964003434519 -11.88003563880923 2.34356522560120
   vertex -214.22178566982183 -11.79905450922335 2.34356547741686
  endloop
 endfacet
 facet normal 0.52090745429228 0.85002058162973 0.07823320822122
  outer loop
   vertex -214.22178566982183 -11.79905450922335 2.34356547741686
   vertex -214.22902549615247 -11.80901551246645 2.49999952316284
   vertex -214.09523166528089 -11.89100670814515 2.49999952316284
  endloop
 endfacet
 facet normal 0.64944725187219 0.76040664583869 0.00000000000000
  outer loop
   vertex -214.22902549615247 -11.80901551246642 13.80000019073487
   vertex -214.22902549615245 -11.80901551246644 2.49999952316284
   vertex -214.34834660401685 -11.70710587501527 2.49999952316284
  endloop
 endfacet
 facet normal 0.64944725187222 0.76040664583867 -0.00000000000000
  outer loop
   vertex -214.34834660401685 -11.70710587501527 2.49999952316284
   vertex -214.34834660401685 -11.70710587501527 13.80000019073487
   vertex -214.22902549615247 -11.80901551246642 13.80000019073487
  endloop
 endfacet
 facet normal -0.04111357838236 0.06711223026843 0.99689799990821
  outer loop
   vertex -151.27022398820262 -11.13938355445863 1.51231145858765
   vertex -151.24928892960884 -11.12655854225160 1.51231145858765
   vertex -151.34123839249949 -11.00000023841859 1.49999928474426
  endloop
 endfacet
 facet normal -0.08959533961841 0.21630335460539 0.97220652842136
  outer loop
   vertex -151.20094908585887 -11.27533555030824 1.54894316196442
   vertex -151.27022398820262 -11.13938355445863 1.51231145858765
   vertex -151.29289858029981 -11.14877717030564 1.51231180094281
  endloop
 endfacet
 facet normal -0.08959533961835 0.21630335460543 0.97220652842136
  outer loop
   vertex -151.29289858029981 -11.14877717030564 1.51231180094281
   vertex -151.24574889054637 -11.29389214515687 1.54894316196442
   vertex -151.20094908585887 -11.27533555030824 1.54894316196442
  endloop
 endfacet
 facet normal -0.08956442843539 0.37309095547352 0.92346161376794
  outer loop
   vertex -151.20094908585887 -11.43177056312562 1.60899293422699
   vertex -151.24574889054637 -11.29389214515687 1.54894316196442
   vertex -151.29289859353270 -11.30521207274300 1.54894362370546
  endloop
 endfacet
 facet normal -0.08956442843539 0.37309095547353 0.92346161376794
  outer loop
   vertex -151.29289859353270 -11.30521207274300 1.54894362370546
   vertex -151.27022398820262 -11.44840073585511 1.60899293422699
   vertex -151.20094908585887 -11.43177056312562 1.60899293422699
  endloop
 endfacet
 facet normal -0.04109715750113 0.52205843710526 0.85191901721498
  outer loop
   vertex -151.24928892960884 -11.58054757118226 1.69098281860352
   vertex -151.27022398820262 -11.44840073585511 1.60899293422699
   vertex -151.34123839437382 -11.45399115088850 1.60899297308025
  endloop
 endfacet
 facet normal -0.04109715750114 0.52205843710526 0.85191901721498
  outer loop
   vertex -151.34123839437382 -11.45399115088850 1.60899297308025
   vertex -151.34123839249949 -11.58778595924379 1.69098281860351
   vertex -151.24928892960884 -11.58054757118226 1.69098281860352
  endloop
 endfacet
 facet normal 0.00000000000000 0.64945232139011 0.76040231604131
  outer loop
   vertex -213.64124001374589 -11.58778595924379 1.69098281860352
   vertex -213.64124001374589 -11.70710587501527 1.79289281368256
   vertex -151.34123839249949 -11.70710587501527 1.79289281368256
  endloop
 endfacet
 facet normal 0.00000000000000 0.64945232139010 0.76040231604132
  outer loop
   vertex -151.34123839249949 -11.70710587501527 1.79289281368256
   vertex -151.34123839249949 -11.58778595924379 1.69098281860352
   vertex -213.64124001374589 -11.58778595924379 1.69098281860352
  endloop
 endfacet
 facet normal 0.05972657089527 0.75905138772807 0.64828522080731
  outer loop
   vertex -213.76779736390455 -11.79905724525453 1.91221475601196
   vertex -213.64124001374589 -11.80901551246644 1.91221475601196
   vertex -213.64124001374589 -11.70710587501527 1.79289281368256
  endloop
 endfacet
 facet normal 0.05972657089529 0.75905138772806 0.64828522080732
  outer loop
   vertex -213.64124001374589 -11.70710587501527 1.79289281368256
   vertex -213.75185698859437 -11.69840140268421 1.79289224416190
   vertex -213.76779736390455 -11.79905724525453 1.91221475601196
  endloop
 endfacet
 facet normal 0.19921140652490 0.82978413552785 0.52131862036251
  outer loop
   vertex -213.91657437196119 -11.84739708900452 2.04600954055787
   vertex -213.78062356820442 -11.88003563880922 2.04600954055786
   vertex -213.76779736390455 -11.79905724525453 1.91221475601196
  endloop
 endfacet
 facet normal 0.19921140652490 0.82978413552784 0.52131862036252
  outer loop
   vertex -213.76779736390455 -11.79905724525453 1.91221475601196
   vertex -213.89123876283719 -11.76942161030553 1.91221428600726
   vertex -213.91657437196119 -11.84739708900452 2.04600954055787
  endloop
 endfacet
 facet normal 0.35371825210848 0.85393165364018 0.38168590363894
  outer loop
   vertex -213.93513358941422 -11.90450882911682 2.19098281860352
   vertex -213.91657437196119 -11.84739708900452 2.04600954055787
   vertex -214.04574799656035 -11.79389067762958 2.04601019650553
  endloop
 endfacet
 facet normal 0.35371825210855 0.85393165364017 0.38168590363888
  outer loop
   vertex -214.04574799656035 -11.79389067762958 2.04601019650553
   vertex -214.07301033845289 -11.84739708900452 2.19098281860352
   vertex -213.93513358941422 -11.90450882911682 2.19098281860352
  endloop
 endfacet
 facet normal 0.50814059614940 0.82922630389496 0.23275925647252
  outer loop
   vertex -214.22178734650953 -11.79905724525453 2.34356522560120
   vertex -214.08964003434522 -11.88003563880922 2.34356522560119
   vertex -214.07301033845289 -11.84739708900451 2.19098281860352
  endloop
 endfacet
 facet normal 0.50814059614933 0.82922630389503 0.23275925647243
  outer loop
   vertex -214.07301033845289 -11.84739708900451 2.19098281860352
   vertex -214.20025593104054 -11.76942230097325 2.19098241474720
   vertex -214.22178734650953 -11.79905724525453 2.34356522560120
  endloop
 endfacet
 facet normal 0.64745767251293 0.75807714276812 0.07821513866680
  outer loop
   vertex -214.22902549615245 -11.80901551246644 2.49999952316284
   vertex -214.22178734650953 -11.79905724525453 2.34356522560120
   vertex -214.33964081118134 -11.69840108710952 2.34356518936028
  endloop
 endfacet
 facet normal 0.64745767251276 0.75807714276824 0.07821513866702
  outer loop
   vertex -214.33964081118134 -11.69840108710952 2.34356518936028
   vertex -214.34834660401685 -11.70710587501526 2.49999952316284
   vertex -214.22902549615245 -11.80901551246644 2.49999952316284
  endloop
 endfacet
 facet normal 0.76040494225357 0.64944924651303 0.00000000000000
  outer loop
   vertex -214.45025576463084 -11.58778595924379 13.80000019073487
   vertex -214.34834660401685 -11.70710587501527 13.80000019073487
   vertex -214.34834660401685 -11.70710587501527 2.49999952316284
  endloop
 endfacet
 facet normal 0.76040494225357 0.64944924651303 0.00000000000000
  outer loop
   vertex -214.34834660401685 -11.70710587501527 2.49999952316284
   vertex -214.45025576463084 -11.58778595924379 2.49999952316284
   vertex -214.45025576463084 -11.58778595924379 13.80000019073487
  endloop
 endfacet
 facet normal -0.03012324200918 0.07271169563559 0.99689798856686
  outer loop
   vertex -151.29289854874949 -11.14877724647523 1.51231145858765
   vertex -151.27022398820262 -11.13938355445863 1.51231145858765
   vertex -151.34123839249949 -11.00000023841859 1.49999928474426
  endloop
 endfacet
 facet normal -0.05465883744389 0.22765724108095 0.97220604404246
  outer loop
   vertex -151.24574889270815 -11.29389213615294 1.54894320041555
   vertex -151.29289854874949 -11.14877724647523 1.51231145858765
   vertex -151.31677092423777 -11.15450882911683 1.51231145858765
  endloop
 endfacet
 facet normal -0.05465883744392 0.22765724108093 0.97220604404246
  outer loop
   vertex -151.31677092423777 -11.15450882911683 1.51231145858765
   vertex -151.29289854874949 -11.30521225929261 1.54894316196442
   vertex -151.24574889270815 -11.29389213615294 1.54894320041555
  endloop
 endfacet
 facet normal -0.03011208609927 0.38250876480668 0.92346104796944
  outer loop
   vertex -151.27022398820262 -11.44840073585511 1.60899293422699
   vertex -151.29289854874949 -11.30521225929261 1.54894316196442
   vertex -151.34123838929901 -11.30901746047028 1.54894306381372
  endloop
 endfacet
 facet normal -0.03011208609929 0.38250876480667 0.92346104796944
  outer loop
   vertex -151.34123838929901 -11.30901746047028 1.54894306381372
   vertex -151.34123839249949 -11.45399117469789 1.60899293422699
   vertex -151.27022398820262 -11.44840073585511 1.60899293422699
  endloop
 endfacet
 facet normal 0.00000000000000 0.52250011655804 0.85263921338209
  outer loop
   vertex -213.64124001374589 -11.45399117469789 1.60899293422699
   vertex -213.64124001374589 -11.58778595924379 1.69098281860352
   vertex -151.34123839249949 -11.58778595924379 1.69098281860352
  endloop
 endfacet
 facet normal 0.00000000000000 0.52250011655804 0.85263921338209
  outer loop
   vertex -151.34123839249949 -11.58778595924379 1.69098281860352
   vertex -151.34123839249949 -11.45399117469789 1.60899293422699
   vertex -213.64124001374589 -11.45399117469789 1.60899293422699
  endloop
 endfacet
 facet normal 0.05104285202124 0.64860573692562 0.75941110426745
  outer loop
   vertex -213.75185693612440 -11.69840073585511 1.79289281368256
   vertex -213.64124001374589 -11.70710587501527 1.79289281368256
   vertex -213.64124001374589 -11.58778595924379 1.69098281860352
  endloop
 endfacet
 facet normal 0.05104285202126 0.64860573692561 0.75941110426746
  outer loop
   vertex -213.64124001374589 -11.58778595924379 1.69098281860352
   vertex -213.73318955305763 -11.58054854227155 1.69098168161698
   vertex -213.75185693612440 -11.69840073585511 1.79289281368256
  endloop
 endfacet
 facet normal 0.17774841254761 0.74035622825122 0.64828863720293
  outer loop
   vertex -213.89123858323438 -11.76942086219789 1.91221475601196
   vertex -213.76779736390455 -11.79905724525453 1.91221475601196
   vertex -213.75185693612440 -11.69840073585511 1.79289281368256
  endloop
 endfacet
 facet normal 0.17774841254762 0.74035622825122 0.64828863720293
  outer loop
   vertex -213.75185693612440 -11.69840073585511 1.79289281368256
   vertex -213.85974854910896 -11.67249817071582 1.79289348854653
   vertex -213.89123858323438 -11.76942086219789 1.91221475601196
  endloop
 endfacet
 facet normal 0.32656234042041 0.78840265306596 0.52132359860043
  outer loop
   vertex -214.04574860444413 -11.79389214515687 2.04600954055786
   vertex -213.91657437196119 -11.84739708900453 2.04600954055786
   vertex -213.89123858323438 -11.76942086219790 1.91221475601196
  endloop
 endfacet
 facet normal 0.32656234042055 0.78840265306581 0.52132359860056
  outer loop
   vertex -213.89123858323438 -11.76942086219790 1.91221475601196
   vertex -214.00852596076396 -11.72083931283824 1.91221440709747
   vertex -214.04574860444413 -11.79389214515687 2.04600954055786
  endloop
 endfacet
 facet normal 0.48294616083114 0.78809077000311 0.38167518123972
  outer loop
   vertex -214.20025504937510 -11.76942086219789 2.19098281860351
   vertex -214.07301033845286 -11.84739708900452 2.19098281860352
   vertex -214.04574860444413 -11.79389214515686 2.04600954055787
  endloop
 endfacet
 facet normal 0.48294616083130 0.78809077000291 0.38167518123992
  outer loop
   vertex -214.04574860444413 -11.79389214515686 2.04600954055787
   vertex -214.16496130673835 -11.72083812924735 2.04600985822428
   vertex -214.20025504937510 -11.76942086219789 2.19098281860351
  endloop
 endfacet
 facet normal 0.63161028653028 0.73951770781324 0.23277028543133
  outer loop
   vertex -214.22178734650953 -11.79905724525454 2.34356522560119
   vertex -214.20025504937510 -11.76942086219790 2.19098281860351
   vertex -214.31373746933301 -11.67249748089106 2.19098327831947
  endloop
 endfacet
 facet normal 0.63161028653042 0.73951770781317 0.23277028543119
  outer loop
   vertex -214.31373746933301 -11.67249748089106 2.19098327831947
   vertex -214.33964051118238 -11.69840073585512 2.34356522560119
   vertex -214.22178734650953 -11.79905724525454 2.34356522560119
  endloop
 endfacet
 facet normal 0.75807522783246 0.64745947607454 0.07821876877092
  outer loop
   vertex -214.45025576463084 -11.58778595924379 2.49999952316284
   vertex -214.34834660401685 -11.70710587501527 2.49999952316284
   vertex -214.33964051118238 -11.69840073585511 2.34356522560120
  endloop
 endfacet
 facet normal 0.75807522783232 0.64745947607474 0.07821876877068
  outer loop
   vertex -214.33964051118238 -11.69840073585511 2.34356522560120
   vertex -214.44029738219950 -11.58054706551654 2.34356528669004
   vertex -214.45025576463084 -11.58778595924379 2.49999952316284
  endloop
 endfacet
 facet normal 0.85263955182689 0.52249956426819 0.00000000000000
  outer loop
   vertex -214.53224552979808 -11.45399117469789 13.80000019073487
   vertex -214.45025576463084 -11.58778595924379 13.80000019073487
   vertex -214.45025576463084 -11.58778595924379 2.49999952316284
  endloop
 endfacet
 facet normal 0.85263955182689 0.52249956426819 0.00000000000000
  outer loop
   vertex -214.45025576463084 -11.58778595924379 2.49999952316284
   vertex -214.53224552979808 -11.45399117469789 2.49999952316284
   vertex -214.53224552979808 -11.45399117469789 13.80000019073487
  endloop
 endfacet
 facet normal -0.01837409373501 0.07652917044508 0.99689802826087
  outer loop
   vertex -151.31677092423777 -11.15450882911683 1.51231145858765
   vertex -151.29289854874949 -11.14877724647523 1.51231145858765
   vertex -151.34123839249949 -11.00000023841859 1.49999928474426
  endloop
 endfacet
 facet normal -0.01835856585722 0.23340305531868 0.97220675621370
  outer loop
   vertex -151.34123839249949 -11.30901741981507 1.54894316196442
   vertex -151.29289853615759 -11.30521241938071 1.54894249514053
   vertex -151.31677092423777 -11.15450882911683 1.51231145858765
  endloop
 endfacet
 facet normal -0.01835856585726 0.23340305531869 0.97220675621370
  outer loop
   vertex -151.31677092423777 -11.15450882911683 1.51231145858765
   vertex -151.34123839249949 -11.15643334388734 1.51231145858765
   vertex -151.34123839249949 -11.30901741981507 1.54894316196442
  endloop
 endfacet
 facet normal 0.00000000000000 0.38268167433670 0.92388026070853
  outer loop
   vertex -213.64124001374589 -11.30901741981507 1.54894316196442
   vertex -213.64124001374589 -11.45399117469789 1.60899293422699
   vertex -151.34123839249949 -11.45399117469789 1.60899293422699
  endloop
 endfacet
 facet normal 0.00000000000000 0.38268167433670 0.92388026070853
  outer loop
   vertex -151.34123839249949 -11.45399117469789 1.60899293422699
   vertex -151.34123839249949 -11.30901741981507 1.54894316196442
   vertex -213.64124001374589 -11.30901741981507 1.54894316196442
  endloop
 endfacet
 facet normal 0.04109717697622 0.52205868449773 0.85191886467262
  outer loop
   vertex -213.73318947663651 -11.58054757118226 1.69098281860352
   vertex -213.64124001374589 -11.58778595924379 1.69098281860351
   vertex -213.64124001374589 -11.45399117469789 1.60899293422699
  endloop
 endfacet
 facet normal 0.04109717697624 0.52205868449772 0.85191886467262
  outer loop
   vertex -213.64124001374589 -11.45399117469789 1.60899293422699
   vertex -213.71225894221905 -11.44840066247376 1.60899305397399
   vertex -213.73318947663651 -11.58054757118226 1.69098281860352
  endloop
 endfacet
 facet normal 0.15187613705417 0.63262757895132 0.75941818871008
  outer loop
   vertex -213.75185693612440 -11.69840073585511 1.79289281368256
   vertex -213.73318947663651 -11.58054757118226 1.69098281860352
   vertex -213.82287577082047 -11.55901700513191 1.69098331639708
  endloop
 endfacet
 facet normal 0.15187613705419 0.63262757895132 0.75941818871007
  outer loop
   vertex -213.82287577082047 -11.55901700513191 1.69098331639708
   vertex -213.85974873414381 -11.67249894142152 1.79289281368256
   vertex -213.75185693612440 -11.69840073585511 1.79289281368256
  endloop
 endfacet
 facet normal 0.29137594145508 0.70344164877463 0.64828227456132
  outer loop
   vertex -214.00852574220045 -11.72083878517152 1.91221475601196
   vertex -213.89123858323438 -11.76942086219789 1.91221475601196
   vertex -213.85974873414381 -11.67249894142152 1.79289281368256
  endloop
 endfacet
 facet normal 0.29137594145510 0.70344164877460 0.64828227456134
  outer loop
   vertex -213.85974873414381 -11.67249894142152 1.79289281368256
   vertex -213.96226116001600 -11.63003713051479 1.79289319673355
   vertex -214.00852574220045 -11.72083878517152 1.91221475601196
  endloop
 endfacet
 facet normal 0.44587525638016 0.72760751088170 0.52132769527089
  outer loop
   vertex -214.04574860444413 -11.79389214515686 2.04600954055787
   vertex -214.00852574220045 -11.72083878517152 1.91221475601196
   vertex -214.11676765634917 -11.65450863204746 1.91221489721133
  endloop
 endfacet
 facet normal 0.44587525638028 0.72760751088169 0.52132769527081
  outer loop
   vertex -214.11676765634917 -11.65450863204746 1.91221489721133
   vertex -214.16496170869215 -11.72083878517152 2.04600954055786
   vertex -214.04574860444413 -11.79389214515686 2.04600954055787
  endloop
 endfacet
 facet normal 0.60027630407300 0.70284983910794 0.38166800027565
  outer loop
   vertex -214.31373871674879 -11.67249894142152 2.19098281860351
   vertex -214.20025504937513 -11.76942086219790 2.19098281860351
   vertex -214.16496170869215 -11.72083878517152 2.04600954055786
  endloop
 endfacet
 facet normal 0.60027630407299 0.70284983910794 0.38166800027564
  outer loop
   vertex -214.16496170869215 -11.72083878517152 2.04600954055786
   vertex -214.27127816262089 -11.63003797270681 2.04600930892931
   vertex -214.31373871674879 -11.67249894142152 2.19098281860351
  endloop
 endfacet
 facet normal 0.73951696582548 0.63161563702278 0.23275812407857
  outer loop
   vertex -214.33964051118238 -11.69840073585511 2.34356522560120
   vertex -214.31373871674879 -11.67249894142152 2.19098281860352
   vertex -214.41066105784412 -11.55901879696339 2.19098231110744
  endloop
 endfacet
 facet normal 0.73951696582554 0.63161563702274 0.23275812407851
  outer loop
   vertex -214.41066105784412 -11.55901879696339 2.19098231110744
   vertex -214.44029797425611 -11.58054757118227 2.34356522560119
   vertex -214.33964051118238 -11.69840073585511 2.34356522560120
  endloop
 endfacet
 facet normal 0.85002777678306 0.52089906225130 0.07821090488522
  outer loop
   vertex -214.53224552979810 -11.45399117469790 2.49999952316284
   vertex -214.45025576463087 -11.58778595924379 2.49999952316284
   vertex -214.44029797425611 -11.58054757118228 2.34356522560119
  endloop
 endfacet
 facet normal 0.85002777678308 0.52089906225126 0.07821090488527
  outer loop
   vertex -214.44029797425611 -11.58054757118228 2.34356522560119
   vertex -214.52127798399204 -11.44840055742703 2.34356525239146
   vertex -214.53224552979810 -11.45399117469790 2.49999952316284
  endloop
 endfacet
 facet normal 0.92387596323110 0.38269204925606 -0.00000000000000
  outer loop
   vertex -214.59229720940931 -11.30901741981509 13.80000019073487
   vertex -214.53224552979810 -11.45399117469790 13.80000019073487
   vertex -214.53224552979810 -11.45399117469790 2.49999952316284
  endloop
 endfacet
 facet normal 0.92387596323110 0.38269204925606 -0.00000000000000
  outer loop
   vertex -214.53224552979810 -11.45399117469790 2.49999952316284
   vertex -214.59229720940931 -11.30901741981509 2.49999952316284
   vertex -214.59229720940931 -11.30901741981509 13.80000019073487
  endloop
 endfacet
 facet normal -0.00617147577670 0.07846153742656 0.99689803893447
  outer loop
   vertex -151.34123839249949 -11.00000023841859 1.49999928474426
   vertex -151.34123839249949 -11.15643334388734 1.51231145858765
   vertex -151.31677092423777 -11.15450882911683 1.51231145858765
  endloop
 endfacet
 facet normal 0.00000000000000 -0.00000000000000 1.00000000000000
  outer loop
   vertex -151.34123839249949 -11.00000023841859 1.49999928474426
   vertex -151.34123839249949 11.00000023841859 1.49999928474426
   vertex -193.14123953690867 4.49999976158142 1.49999928474426
  endloop
 endfacet
 facet normal 0.00000000000000 0.00000000000000 1.00000000000000
  outer loop
   vertex -151.34123839249949 11.00000023841859 1.49999928474426
   vertex -193.16586340775831 4.81286883354187 1.49999928474426
   vertex -193.14123953690867 4.49999976158142 1.49999928474426
  endloop
 endfacet
 facet normal 0.00000000000000 0.00000000000000 1.00000000000000
  outer loop
   vertex -193.14123953690867 4.49999976158142 1.49999928474426
   vertex -193.14123953690867 -4.50000023841858 1.49999928474426
   vertex -151.34123839249949 -11.00000023841859 1.49999928474426
  endloop
 endfacet
 facet normal 0.00000000000000 0.00000000000000 1.00000000000000
  outer loop
   vertex -151.34123839249949 11.00000023841859 1.49999928474426
   vertex -213.64124001374589 11.00000023841859 1.49999928474426
   vertex -195.14123953690870 6.50000023841858 1.49999928474426
  endloop
 endfacet
 facet normal 0.00000000000000 0.00000000000000 1.00000000000000
  outer loop
   vertex -193.14123953690867 -4.50000023841858 1.49999928474426
   vertex -193.16586340775828 -4.81286835670472 1.49999928474426
   vertex -151.34123839249949 -11.00000023841859 1.49999928474426
  endloop
 endfacet
 facet normal 0.00000000000000 0.00000000000000 1.00000000000000
  outer loop
   vertex -151.34123839249949 11.00000023841859 1.49999928474426
   vertex -193.96567000260694 6.11803412437439 1.49999928474426
   vertex -193.72702635636674 5.91421389579773 1.49999928474426
  endloop
 endfacet
 facet normal 0.00000000000000 0.00000000000000 1.00000000000000
  outer loop
   vertex -151.34123839249949 11.00000023841859 1.49999928474426
   vertex -194.52320517411576 6.40211272239685 1.49999928474426
   vertex -194.23325957169877 6.28201270103455 1.49999928474426
  endloop
 endfacet
 facet normal 0.00000000000000 0.00000000000000 1.00000000000000
  outer loop
   vertex -213.64124001374589 11.00000023841859 1.49999928474426
   vertex -213.64124001374589 6.50000023841858 1.49999928474426
   vertex -195.14123953690870 6.50000023841858 1.49999928474426
  endloop
 endfacet
 facet normal 0.00000000000000 0.00000000000000 1.00000000000000
  outer loop
   vertex -151.34123839249949 -11.00000023841859 1.49999928474426
   vertex -193.96567000260694 -6.11803460121155 1.49999928474426
   vertex -194.23325957169877 -6.28201317787171 1.49999928474426
  endloop
 endfacet
 facet normal 0.00000000000000 0.00000000000000 1.00000000000000
  outer loop
   vertex -151.34123839249949 -11.00000023841859 1.49999928474426
   vertex -193.52320517411570 -5.67556977272034 1.49999928474426
   vertex -193.72702635636671 -5.91421341896058 1.49999928474426
  endloop
 endfacet
 facet normal 0.00000000000000 0.00000000000000 1.00000000000000
  outer loop
   vertex -151.34123839249949 11.00000023841859 1.49999928474426
   vertex -193.23912657609327 5.11803412437439 1.49999928474426
   vertex -193.16586340775831 4.81286883354187 1.49999928474426
  endloop
 endfacet
 facet normal 0.00000000000000 0.00000000000000 1.00000000000000
  outer loop
   vertex -151.34123839249949 11.00000023841859 1.49999928474426
   vertex -193.52320517411570 5.67557120323181 1.49999928474426
   vertex -193.35922659745560 5.40798163414002 1.49999928474426
  endloop
 endfacet
 facet normal -0.00000000000000 0.00000000000000 1.00000000000000
  outer loop
   vertex -194.23325957169877 6.28201270103455 1.49999928474426
   vertex -193.96567000260694 6.11803412437439 1.49999928474426
   vertex -151.34123839249949 11.00000023841859 1.49999928474426
  endloop
 endfacet
 facet normal -0.00000000000000 0.00000000000000 1.00000000000000
  outer loop
   vertex -195.14123953690870 6.50000023841858 1.49999928474426
   vertex -194.82837141862260 6.47537684440613 1.49999928474426
   vertex -151.34123839249949 11.00000023841859 1.49999928474426
  endloop
 endfacet
 facet normal 0.00000000000000 0.00000000000000 1.00000000000000
  outer loop
   vertex -193.72702635636671 -5.91421341896058 1.49999928474426
   vertex -193.96567000260694 -6.11803460121155 1.49999928474426
   vertex -151.34123839249949 -11.00000023841859 1.49999928474426
  endloop
 endfacet
 facet normal 0.00000000000000 0.00000000000000 1.00000000000000
  outer loop
   vertex -151.34123839249949 -11.00000023841859 1.49999928474426
   vertex -193.23912657609327 -5.11803460121155 1.49999928474426
   vertex -193.35922659745560 -5.40798020362855 1.49999928474426
  endloop
 endfacet
 facet normal -0.00000000000000 0.00000000000000 1.00000000000000
  outer loop
   vertex -193.35922659745560 5.40798163414002 1.49999928474426
   vertex -193.23912657609327 5.11803412437439 1.49999928474426
   vertex -151.34123839249949 11.00000023841859 1.49999928474426
  endloop
 endfacet
 facet normal -0.00000000000000 0.00000000000000 1.00000000000000
  outer loop
   vertex -194.82837141862260 6.47537684440613 1.49999928474426
   vertex -194.52320517411576 6.40211272239685 1.49999928474426
   vertex -151.34123839249949 11.00000023841859 1.49999928474426
  endloop
 endfacet
 facet normal 0.00000000000000 0.00000000000000 1.00000000000000
  outer loop
   vertex -213.64124001374589 -11.00000023841859 1.49999928474426
   vertex -194.82837141862260 -6.47537636756898 1.49999928474426
   vertex -195.14123953690870 -6.50000023841859 1.49999928474426
  endloop
 endfacet
 facet normal 0.00000000000000 0.00000000000000 1.00000000000000
  outer loop
   vertex -151.34123839249949 -11.00000023841859 1.49999928474426
   vertex -194.52320517411576 -6.40211319923402 1.49999928474426
   vertex -194.82837141862260 -6.47537636756898 1.49999928474426
  endloop
 endfacet
 facet normal 0.00000000000000 0.00000000000000 1.00000000000000
  outer loop
   vertex -193.35922659745560 -5.40798020362855 1.49999928474426
   vertex -193.52320517411570 -5.67556977272034 1.49999928474426
   vertex -151.34123839249949 -11.00000023841859 1.49999928474426
  endloop
 endfacet
 facet normal -0.00000000000000 0.00000000000000 1.00000000000000
  outer loop
   vertex -193.72702635636674 5.91421389579773 1.49999928474426
   vertex -193.52320517411570 5.67557120323181 1.49999928474426
   vertex -151.34123839249949 11.00000023841859 1.49999928474426
  endloop
 endfacet
 facet normal 0.00000000000000 0.00000000000000 1.00000000000000
  outer loop
   vertex -194.82837141862260 -6.47537636756898 1.49999928474426
   vertex -213.64124001374589 -11.00000023841859 1.49999928474426
   vertex -151.34123839249949 -11.00000023841859 1.49999928474426
  endloop
 endfacet
 facet normal 0.00000000000000 0.00000000000000 1.00000000000000
  outer loop
   vertex -193.16586340775828 -4.81286835670472 1.49999928474426
   vertex -193.23912657609327 -5.11803460121155 1.49999928474426
   vertex -151.34123839249949 -11.00000023841859 1.49999928474426
  endloop
 endfacet
 facet normal 0.00000000000000 0.00000000000000 1.00000000000000
  outer loop
   vertex -194.23325957169877 -6.28201317787171 1.49999928474426
   vertex -194.52320517411576 -6.40211319923402 1.49999928474426
   vertex -151.34123839249949 -11.00000023841859 1.49999928474426
  endloop
 endfacet
 facet normal 0.00000000000000 0.00000000000000 1.00000000000000
  outer loop
   vertex -195.14123953690870 -6.50000023841859 1.49999928474426
   vertex -213.64124001374589 -6.50000023841859 1.49999928474426
   vertex -213.64124001374589 -11.00000023841859 1.49999928474426
  endloop
 endfacet
 facet normal -0.00000000000000 0.23344239798973 0.97237063243436
  outer loop
   vertex -213.64124001374589 -11.30901741981507 1.54894316196442
   vertex -151.34123839249949 -11.30901741981507 1.54894316196442
   vertex -151.34123839249949 -11.15643334388734 1.51231145858765
  endloop
 endfacet
 facet normal 0.00000000000000 0.23344239798973 0.97237063243436
  outer loop
   vertex -151.34123839249949 -11.15643334388734 1.51231145858765
   vertex -213.64124001374589 -11.15643334388734 1.51231145858765
   vertex -213.64124001374589 -11.30901741981507 1.54894316196442
  endloop
 endfacet
 facet normal 0.03011011792226 0.38250816172334 0.92346136194956
  outer loop
   vertex -213.71225894799576 -11.44840073585511 1.60899293422699
   vertex -213.64124001374589 -11.45399117469789 1.60899293422699
   vertex -213.64124001374589 -11.30901741981507 1.54894316196442
  endloop
 endfacet
 facet normal 0.03011011792227 0.38250816172334 0.92346136194956
  outer loop
   vertex -213.64124001374589 -11.30901741981507 1.54894316196442
   vertex -213.68958128630572 -11.30521223767630 1.54894321415108
   vertex -213.71225894799576 -11.44840073585511 1.60899293422699
  endloop
 endfacet
 facet normal 0.12224052004599 0.50920735412315 0.85191849713795
  outer loop
   vertex -213.73318947663651 -11.58054757118226 1.69098281860352
   vertex -213.71225894799576 -11.44840073585511 1.60899293422699
   vertex -213.78152891911822 -11.43177087791669 1.60899240757252
  endloop
 endfacet
 facet normal 0.12224052004599 0.50920735412315 0.85191849713795
  outer loop
   vertex -213.78152891911822 -11.43177087791669 1.60899240757252
   vertex -213.82287587037425 -11.55901741981507 1.69098281860352
   vertex -213.73318947663651 -11.58054757118226 1.69098281860352
  endloop
 endfacet
 facet normal 0.24897233614426 0.60108248584816 0.75941597365440
  outer loop
   vertex -213.96226133218153 -11.63003754615785 1.79289281368255
   vertex -213.85974873414381 -11.67249894142152 1.79289281368255
   vertex -213.82287587037425 -11.55901741981508 1.69098281860351
  endloop
 endfacet
 facet normal 0.24897233614426 0.60108248584816 0.75941597365440
  outer loop
   vertex -213.82287587037425 -11.55901741981508 1.69098281860351
   vertex -213.90808838913443 -11.52372072150926 1.69098193990796
   vertex -213.96226133218153 -11.63003754615785 1.79289281368255
  endloop
 endfacet
 facet normal 0.39782823053764 0.64920497133119 0.64827895553239
  outer loop
   vertex -214.11676777711256 -11.65450882911684 1.91221475601196
   vertex -214.00852574220045 -11.72083878517152 1.91221475601196
   vertex -213.96226133218153 -11.63003754615785 1.79289281368256
  endloop
 endfacet
 facet normal 0.39782823053763 0.64920497133120 0.64827895553238
  outer loop
   vertex -213.96226133218153 -11.63003754615785 1.79289281368256
   vertex -214.05686594626343 -11.57206314323723 1.79289144950882
   vertex -214.11676777711256 -11.65450882911684 1.91221475601196
  endloop
 endfacet
 facet normal 0.55420614571735 0.64890117031092 0.52132793826750
  outer loop
   vertex -214.16496170869215 -11.72083878517151 2.04600954055787
   vertex -214.11676777711253 -11.65450882911683 1.91221475601196
   vertex -214.21330143098515 -11.57206219321748 1.91221442171466
  endloop
 endfacet
 facet normal 0.55420614571734 0.64890117031092 0.52132793826750
  outer loop
   vertex -214.21330143098515 -11.57206219321748 1.91221442171466
   vertex -214.27127779832227 -11.63003754615784 2.04600954055787
   vertex -214.16496170869215 -11.72083878517151 2.04600954055787
  endloop
 endfacet
 facet normal 0.70284682122837 0.60027769368976 0.38167137218774
  outer loop
   vertex -214.41065944543226 -11.55901741981508 2.19098281860351
   vertex -214.31373871674879 -11.67249894142152 2.19098281860351
   vertex -214.27127779832227 -11.63003754615785 2.04600954055786
  endloop
 endfacet
 facet normal 0.70284682122831 0.60027769368993 0.38167137218759
  outer loop
   vertex -214.27127779832227 -11.63003754615785 2.04600954055786
   vertex -214.36207902819785 -11.52372083271263 2.04600902764039
   vertex -214.41065944543226 -11.55901741981508 2.19098281860351
  endloop
 endfacet
 facet normal 0.82921704584659 0.50814872501921 0.23277449202779
  outer loop
   vertex -214.44029797425611 -11.58054757118228 2.34356522560119
   vertex -214.41065944543226 -11.55901741981509 2.19098281860351
   vertex -214.48863711532783 -11.43177042472894 2.19098288200074
  endloop
 endfacet
 facet normal 0.82921704584671 0.50814872501910 0.23277449202764
  outer loop
   vertex -214.48863711532783 -11.43177042472894 2.19098288200074
   vertex -214.52127827515940 -11.44840073585512 2.34356522560119
   vertex -214.44029797425611 -11.58054757118228 2.34356522560119
  endloop
 endfacet
 facet normal 0.92104628283672 0.38151992633917 0.07820671760666
  outer loop
   vertex -214.59229720940931 -11.30901741981508 2.49999952316284
   vertex -214.53224552979810 -11.45399117469789 2.49999952316284
   vertex -214.52127827515940 -11.44840073585511 2.34356522560120
  endloop
 endfacet
 facet normal 0.92104628283666 0.38151992633936 0.07820671760646
  outer loop
   vertex -214.52127827515940 -11.44840073585511 2.34356522560120
   vertex -214.58059018525762 -11.30521286979713 2.34356510045556
   vertex -214.59229720940931 -11.30901741981508 2.49999952316284
  endloop
 endfacet
 facet normal 0.97237183952027 0.23343736999025 0.00000000000000
  outer loop
   vertex -214.62892807832108 -11.15643334388734 13.80000019073487
   vertex -214.59229720940931 -11.30901741981508 13.80000019073487
   vertex -214.59229720940931 -11.30901741981508 2.49999952316284
  endloop
 endfacet
 facet normal 0.97237183952027 0.23343736999025 0.00000000000000
  outer loop
   vertex -214.59229720940931 -11.30901741981508 2.49999952316284
   vertex -214.62892807832108 -11.15643334388734 2.49999952316284
   vertex -214.62892807832108 -11.15643334388734 13.80000019073487
  endloop
 endfacet
 facet normal 1.00000000000000 0.00000000000000 0.00000000000000
  outer loop
   vertex -214.64124001374586 -11.00000023841859 13.80000019073487
   vertex -214.64124001374586 -4.50000023841858 9.00000000000001
   vertex -214.64124001374586 4.49999976158142 9.00000000000001
  endloop
 endfacet
 facet normal 1.00000000000000 0.00000000000000 -0.00000000000000
  outer loop
   vertex -214.64124001374586 4.49999976158142 9.00000000000001
   vertex -214.64124001374586 11.00000023841859 13.80000019073487
   vertex -214.64124001374586 -11.00000023841859 13.80000019073487
  endloop
 endfacet
 facet normal 1.00000000000000 0.00000000000000 -0.00000000000000
  outer loop
   vertex -214.64124001374586 11.00000023841859 2.49999952316284
   vertex -214.64124001374586 11.00000023841859 13.80000019073487
   vertex -214.64124001374586 6.47537684440613 7.31286859512330
  endloop
 endfacet
 facet normal 1.00000000000000 0.00000000000000 0.00000000000000
  outer loop
   vertex -214.64124001374586 11.00000023841859 13.80000019073487
   vertex -214.64124001374586 6.11803412437439 8.17557048797608
   vertex -214.64124001374586 6.28201270103455 7.90798044204712
  endloop
 endfacet
 facet normal 1.00000000000000 0.00000000000000 0.00000000000000
  outer loop
   vertex -214.64124001374586 -11.00000023841859 13.80000019073487
   vertex -214.64124001374586 -4.81286835670472 8.97537612915040
   vertex -214.64124001374586 -4.50000023841858 9.00000000000001
  endloop
 endfacet
 facet normal 1.00000000000000 0.00000000000000 0.00000000000000
  outer loop
   vertex -214.64124001374586 6.47537684440613 7.31286859512330
   vertex -214.64124001374586 6.50000023841858 6.99999904632569
   vertex -214.64124001374586 11.00000023841859 2.49999952316284
  endloop
 endfacet
 facet normal 1.00000000000000 -0.00000000000000 0.00000000000000
  outer loop
   vertex -214.64124001374586 6.28201270103455 7.90798044204712
   vertex -214.64124001374586 6.40211272239685 7.61803340911866
   vertex -214.64124001374586 11.00000023841859 13.80000019073487
  endloop
 endfacet
 facet normal 1.00000000000000 0.00000000000000 0.00000000000000
  outer loop
   vertex -214.64124001374586 -11.00000023841859 13.80000019073487
   vertex -214.64124001374586 -5.11803460121155 8.90211296081544
   vertex -214.64124001374586 -4.81286835670472 8.97537612915040
  endloop
 endfacet
 facet normal 1.00000000000000 -0.00000000000000 0.00000000000000
  outer loop
   vertex -214.64124001374586 6.40211272239685 7.61803340911866
   vertex -214.64124001374586 6.47537684440613 7.31286859512330
   vertex -214.64124001374586 11.00000023841859 13.80000019073487
  endloop
 endfacet
 facet normal 1.00000000000000 0.00000000000000 0.00000000000000
  outer loop
   vertex -214.64124001374586 11.00000023841859 13.80000019073487
   vertex -214.64124001374586 5.67557120323181 8.61803436279297
   vertex -214.64124001374586 5.91421389579773 8.41421318054200
  endloop
 endfacet
 facet normal 1.00000000000000 0.00000000000000 0.00000000000000
  outer loop
   vertex -214.64124001374586 11.00000023841859 13.80000019073487
   vertex -214.64124001374586 5.11803412437439 8.90211296081544
   vertex -214.64124001374586 5.40798163414002 8.78201293945313
  endloop
 endfacet
 facet normal 1.00000000000000 -0.00000000000000 0.00000000000000
  outer loop
   vertex -214.64124001374586 4.49999976158142 9.00000000000001
   vertex -214.64124001374586 4.81286883354187 8.97537612915040
   vertex -214.64124001374586 11.00000023841859 13.80000019073487
  endloop
 endfacet
 facet normal 1.00000000000000 0.00000000000000 0.00000000000000
  outer loop
   vertex -214.64124001374586 -11.00000023841859 2.49999952316284
   vertex -214.64124001374586 -6.50000023841858 6.99999904632569
   vertex -214.64124001374586 -6.47537636756898 7.31286859512330
  endloop
 endfacet
 facet normal 1.00000000000000 -0.00000000000000 0.00000000000000
  outer loop
   vertex -214.64124001374586 5.91421389579773 8.41421318054200
   vertex -214.64124001374586 6.11803412437439 8.17557048797608
   vertex -214.64124001374586 11.00000023841859 13.80000019073487
  endloop
 endfacet
 facet normal 1.00000000000000 -0.00000000000000 0.00000000000000
  outer loop
   vertex -214.64124001374586 4.81286883354187 8.97537612915040
   vertex -214.64124001374586 5.11803412437439 8.90211296081544
   vertex -214.64124001374586 11.00000023841859 13.80000019073487
  endloop
 endfacet
 facet normal 1.00000000000000 0.00000000000000 0.00000000000000
  outer loop
   vertex -214.64124001374586 -11.00000023841859 13.80000019073487
   vertex -214.64124001374586 -5.67556977272034 8.61803436279297
   vertex -214.64124001374586 -5.40798020362855 8.78201293945313
  endloop
 endfacet
 facet normal 1.00000000000000 0.00000000000000 0.00000000000000
  outer loop
   vertex -214.64124001374586 -11.00000023841859 13.80000019073487
   vertex -214.64124001374586 -6.11803460121155 8.17557048797608
   vertex -214.64124001374586 -5.91421341896058 8.41421318054200
  endloop
 endfacet
 facet normal 1.00000000000000 0.00000000000000 0.00000000000000
  outer loop
   vertex -214.64124001374586 -11.00000023841859 2.49999952316284
   vertex -214.64124001374586 -6.50000023841858 2.49999952316284
   vertex -214.64124001374586 -6.50000023841858 6.99999904632569
  endloop
 endfacet
 facet normal 1.00000000000000 -0.00000000000000 0.00000000000000
  outer loop
   vertex -214.64124001374586 5.40798163414002 8.78201293945313
   vertex -214.64124001374586 5.67557120323181 8.61803436279297
   vertex -214.64124001374586 11.00000023841859 13.80000019073487
  endloop
 endfacet
 facet normal 1.00000000000000 0.00000000000000 -0.00000000000000
  outer loop
   vertex -214.64124001374586 -5.91421341896058 8.41421318054200
   vertex -214.64124001374586 -5.67556977272034 8.61803436279297
   vertex -214.64124001374586 -11.00000023841859 13.80000019073487
  endloop
 endfacet
 facet normal 1.00000000000000 0.00000000000000 0.00000000000000
  outer loop
   vertex -214.64124001374586 -11.00000023841859 13.80000019073487
   vertex -214.64124001374586 -6.40211319923401 7.61803340911866
   vertex -214.64124001374586 -6.28201317787171 7.90798044204712
  endloop
 endfacet
 facet normal 1.00000000000000 0.00000000000000 0.00000000000000
  outer loop
   vertex -214.64124001374586 -6.47537636756898 7.31286859512330
   vertex -214.64124001374586 -11.00000023841859 13.80000019073487
   vertex -214.64124001374586 -11.00000023841859 2.49999952316284
  endloop
 endfacet
 facet normal 1.00000000000000 0.00000000000000 -0.00000000000000
  outer loop
   vertex -214.64124001374586 -5.40798020362855 8.78201293945313
   vertex -214.64124001374586 -5.11803460121155 8.90211296081544
   vertex -214.64124001374586 -11.00000023841859 13.80000019073487
  endloop
 endfacet
 facet normal 1.00000000000000 0.00000000000000 -0.00000000000000
  outer loop
   vertex -214.64124001374586 -6.47537636756898 7.31286859512330
   vertex -214.64124001374586 -6.40211319923401 7.61803340911866
   vertex -214.64124001374586 -11.00000023841859 13.80000019073487
  endloop
 endfacet
 facet normal 1.00000000000000 0.00000000000000 -0.00000000000000
  outer loop
   vertex -214.64124001374586 -6.28201317787171 7.90798044204712
   vertex -214.64124001374586 -6.11803460121155 8.17557048797608
   vertex -214.64124001374586 -11.00000023841859 13.80000019073487
  endloop
 endfacet
 facet normal 1.00000000000000 0.00000000000000 0.00000000000000
  outer loop
   vertex -214.64124001374586 6.50000023841858 6.99999904632569
   vertex -214.64124001374586 6.50000023841858 2.49999952316284
   vertex -214.64124001374586 11.00000023841859 2.49999952316284
  endloop
 endfacet
 facet normal 0.99691714280865 0.07846152161566 -0.00000000000000
  outer loop
   vertex -214.62892807832105 -11.15643334388734 2.49999952316284
   vertex -214.64124001374586 -11.00000023841859 2.49999952316284
   vertex -214.64124001374586 -11.00000023841859 13.80000019073487
  endloop
 endfacet
 facet normal 0.99691714280865 0.07846152161566 -0.00000000000000
  outer loop
   vertex -214.64124001374586 -11.00000023841859 13.80000019073487
   vertex -214.62892807832105 -11.15643334388734 13.80000019073487
   vertex -214.62892807832105 -11.15643334388734 2.49999952316284
  endloop
 endfacet
 facet normal 0.96939227951499 0.23272616567168 0.07821214885485
  outer loop
   vertex -214.59229660313369 -11.30901727426389 2.49999957207814
   vertex -214.58058871140821 -11.30521225929261 2.34356522560120
   vertex -214.61676873078687 -11.15450882911684 2.34356522560119
  endloop
 endfacet
 facet normal 0.96939227951494 0.23272616567183 0.07821214885500
  outer loop
   vertex -214.61676873078687 -11.15450882911684 2.34356522560119
   vertex -214.62892807832108 -11.15643334388734 2.49999952316284
   vertex -214.59229660313369 -11.30901727426389 2.49999957207814
  endloop
 endfacet
 facet normal 0.89850176456058 0.37217053289287 0.23277386779398
  outer loop
   vertex -214.52127827515940 -11.44840073585511 2.34356522560120
   vertex -214.48863734116895 -11.43177056312561 2.19098281860352
   vertex -214.54574857669800 -11.29389163988449 2.19098313462587
  endloop
 endfacet
 facet normal 0.89850176456058 0.37217053289287 0.23277386779398
  outer loop
   vertex -214.54574857669800 -11.29389163988449 2.19098313462587
   vertex -214.58058871140818 -11.30521225929261 2.34356522560120
   vertex -214.52127827515940 -11.44840073585511 2.34356522560120
  endloop
 endfacet
 facet normal 0.78808861006889 0.48294702962476 0.38167854178131
  outer loop
   vertex -214.41065944543226 -11.55901741981509 2.19098281860350
   vertex -214.36207808366163 -11.52372002601625 2.04600954055786
   vertex -214.43513139891786 -11.40450909391611 2.04600933128397
  endloop
 endfacet
 facet normal 0.78808861006901 0.48294702962466 0.38167854178119
  outer loop
   vertex -214.43513139891786 -11.40450909391611 2.04600933128397
   vertex -214.48863734116898 -11.43177056312562 2.19098281860352
   vertex -214.41065944543226 -11.55901741981509 2.19098281860350
  endloop
 endfacet
 facet normal 0.64890604191105 0.55419702872583 0.52133156639781
  outer loop
   vertex -214.27127779832227 -11.63003754615785 2.04600954055787
   vertex -214.21330107560496 -11.57206177711488 1.91221475601196
   vertex -214.29574739841738 -11.47552731459179 1.91221629957164
  endloop
 endfacet
 facet normal 0.64890604191137 0.55419702872568 0.52133156639758
  outer loop
   vertex -214.29574739841738 -11.47552731459179 1.91221629957164
   vertex -214.36207808366160 -11.52372002601624 2.04600954055787
   vertex -214.27127779832227 -11.63003754615785 2.04600954055787
  endloop
 endfacet
 facet normal 0.49448491173153 0.57896866443525 0.64829002589268
  outer loop
   vertex -214.11676777711253 -11.65450882911683 1.91221475601196
   vertex -214.05686510911326 -11.57206177711488 1.79289281368256
   vertex -214.14123892513851 -11.50000008043200 1.79289299058528
  endloop
 endfacet
 facet normal 0.49448491173164 0.57896866443522 0.64829002589262
  outer loop
   vertex -214.14123892513851 -11.50000008043200 1.79289299058528
   vertex -214.21330107560496 -11.57206177711488 1.91221475601196
   vertex -214.11676777711253 -11.65450882911683 1.91221475601196
  endloop
 endfacet
 facet normal 0.33994791230319 0.55472065303897 0.75942110453471
  outer loop
   vertex -213.96226133218153 -11.63003754615785 1.79289281368256
   vertex -213.90808810105665 -11.52372002601625 1.69098281860352
   vertex -213.98673178014448 -11.47552759292861 1.69098468392940
  endloop
 endfacet
 facet normal 0.33994791230328 0.55472065303897 0.75942110453467
  outer loop
   vertex -213.98673178014448 -11.47552759292861 1.69098468392940
   vertex -214.05686510911326 -11.57206177711488 1.79289281368255
   vertex -213.96226133218153 -11.63003754615785 1.79289281368256
  endloop
 endfacet
 facet normal 0.20040631015773 0.48380537182679 0.85192116597752
  outer loop
   vertex -213.82287587037425 -11.55901741981508 1.69098281860351
   vertex -213.78152884354932 -11.43177056312562 1.60899293422699
   vertex -213.84734694666506 -11.40450833019455 1.60899381276715
  endloop
 endfacet
 facet normal 0.20040631015761 0.48380537182679 0.85192116597755
  outer loop
   vertex -213.84734694666506 -11.40450833019455 1.60899381276715
   vertex -213.90808810105665 -11.52372002601625 1.69098281860351
   vertex -213.82287587037425 -11.55901741981508 1.69098281860351
  endloop
 endfacet
 facet normal 0.08957095430732 0.37309117291954 0.92346089296407
  outer loop
   vertex -213.78152884354932 -11.43177056312562 1.60899293422699
   vertex -213.71225894799576 -11.44840073585511 1.60899293422699
   vertex -213.68958128800733 -11.30521225929261 1.54894316196442
  endloop
 endfacet
 facet normal 0.08957095430730 0.37309117291955 0.92346089296407
  outer loop
   vertex -213.68958128800733 -11.30521225929261 1.54894316196442
   vertex -213.73673214618589 -11.29389217799004 1.54894308069702
   vertex -213.78152884354932 -11.43177056312562 1.60899293422699
  endloop
 endfacet
 facet normal 0.01835609375037 0.23340801072065 0.97220561320826
  outer loop
   vertex -213.64123999909796 -11.30901723355883 1.54894393777056
   vertex -213.64124001374589 -11.15643334388734 1.51231145858765
   vertex -213.66571129670484 -11.15450882911683 1.51231145858765
  endloop
 endfacet
 facet normal 0.01835609375037 0.23340801072065 0.97220561320826
  outer loop
   vertex -213.66571129670484 -11.15450882911683 1.51231145858765
   vertex -213.68958128800733 -11.30521225929261 1.54894316196442
   vertex -213.64123999909796 -11.30901723355883 1.54894393777056
  endloop
 endfacet
 facet normal -0.00000000000000 0.07846303165598 0.99691702396105
  outer loop
   vertex -213.64124001374589 -11.15643334388734 1.51231145858765
   vertex -151.34123839249949 -11.15643334388734 1.51231145858765
   vertex -151.34123839249949 -11.00000023841859 1.49999928474426
  endloop
 endfacet
 facet normal 0.00000000000000 0.07846303165598 0.99691702396105
  outer loop
   vertex -151.34123839249949 -11.00000023841859 1.49999928474426
   vertex -213.64124001374589 -11.00000023841859 1.49999928474426
   vertex -213.64124001374589 -11.15643334388734 1.51231145858765
  endloop
 endfacet
 facet normal 0.99386322274027 0.07822116541644 0.07821345002765
  outer loop
   vertex -214.62892807832105 -11.15643334388734 2.49999952316284
   vertex -214.61676873078687 -11.15450882911683 2.34356522560119
   vertex -214.62892918519103 -11.00000032553385 2.34356513849452
  endloop
 endfacet
 facet normal 0.99386322274028 0.07822116541636 0.07821345002757
  outer loop
   vertex -214.62892918519103 -11.00000032553385 2.34356513849452
   vertex -214.64124001374586 -11.00000023841859 2.49999952316284
   vertex -214.62892807832105 -11.15643334388734 2.49999952316284
  endloop
 endfacet
 facet normal 0.94566277526012 0.22702932172603 0.23276512316916
  outer loop
   vertex -214.61676873078687 -11.15450882911684 2.34356522560119
   vertex -214.58058871140821 -11.30521225929261 2.34356522560120
   vertex -214.54574979653700 -11.29389214515687 2.19098281860352
  endloop
 endfacet
 facet normal 0.94566277526011 0.22702932172622 0.23276512316898
  outer loop
   vertex -214.54574979653700 -11.29389214515687 2.19098281860352
   vertex -214.58058821218896 -11.14877712662551 2.19098294148119
   vertex -214.61676873078687 -11.15450882911684 2.34356522560119
  endloop
 endfacet
 facet normal 0.85393271711021 0.35371884093051 0.38168297868723
  outer loop
   vertex -214.48863734116895 -11.43177056312562 2.19098281860352
   vertex -214.43513096680985 -11.40450882911684 2.04600954055785
   vertex -214.48863749386936 -11.27533561356031 2.04600947230523
  endloop
 endfacet
 facet normal 0.85393271711003 0.35371884093070 0.38168297868744
  outer loop
   vertex -214.48863749386936 -11.27533561356031 2.04600947230523
   vertex -214.54574979653700 -11.29389214515688 2.19098281860351
   vertex -214.48863734116895 -11.43177056312562 2.19098281860352
  endloop
 endfacet
 facet normal 0.72761240718243 0.44588248035069 0.52131468292243
  outer loop
   vertex -214.43513096680982 -11.40450882911684 2.04600954055785
   vertex -214.36207808366163 -11.52372002601624 2.04600954055787
   vertex -214.29574931969984 -11.47552895545960 1.91221475601196
  endloop
 endfacet
 facet normal 0.72761240718247 0.44588248035036 0.52131468292265
  outer loop
   vertex -214.29574931969984 -11.47552895545960 1.91221475601196
   vertex -214.36207986328984 -11.36728610375895 1.91221348095629
   vertex -214.43513096680982 -11.40450882911684 2.04600954055785
  endloop
 endfacet
 facet normal 0.57896447553491 0.49449092632560 0.64828917918645
  outer loop
   vertex -214.21330107560496 -11.57206177711488 1.91221475601195
   vertex -214.14123906007154 -11.50000023841860 1.79289281368254
   vertex -214.21330140581514 -11.41562704632850 1.79289244393331
  endloop
 endfacet
 facet normal 0.57896447553475 0.49449092632567 0.64828917918653
  outer loop
   vertex -214.21330140581514 -11.41562704632850 1.79289244393331
   vertex -214.29574931969984 -11.47552895545961 1.91221475601196
   vertex -214.21330107560496 -11.57206177711488 1.91221475601195
  endloop
 endfacet
 facet normal 0.42253712524243 0.49473168805771 0.75940959608332
  outer loop
   vertex -214.14123906007151 -11.50000023841860 1.79289281368255
   vertex -214.05686510911326 -11.57206177711488 1.79289281368255
   vertex -213.98673261514051 -11.47552895545960 1.69098281860353
  endloop
 endfacet
 facet normal 0.42253712524250 0.49473168805755 0.75940959608339
  outer loop
   vertex -213.98673261514051 -11.47552895545960 1.69098281860353
   vertex -214.05686592450959 -11.41562771901222 1.69098135312325
   vertex -214.14123906007151 -11.50000023841860 1.79289281368255
  endloop
 endfacet
 facet normal 0.27360999460164 0.44651270090866 0.85191782396035
  outer loop
   vertex -213.98673261514051 -11.47552895545960 1.69098281860352
   vertex -213.90808810105665 -11.52372002601625 1.69098281860351
   vertex -213.84734715333326 -11.40450882911683 1.60899293422699
  endloop
 endfacet
 facet normal 0.27360999460152 0.44651270090884 0.85191782396030
  outer loop
   vertex -213.84734715333326 -11.40450882911683 1.60899293422699
   vertex -213.90808853232210 -11.36728571699440 1.60899159142988
   vertex -213.98673261514051 -11.47552895545960 1.69098281860352
  endloop
 endfacet
 facet normal 0.14683891926044 0.35447773896018 0.92346297401255
  outer loop
   vertex -213.84734715333326 -11.40450882911683 1.60899293422699
   vertex -213.78152899209817 -11.43177092173113 1.60899200001062
   vertex -213.73673213830335 -11.29389214515687 1.54894316196442
  endloop
 endfacet
 facet normal 0.14683891926035 0.35447773896026 0.92346297401253
  outer loop
   vertex -213.73673213830335 -11.29389214515687 1.54894316196442
   vertex -213.78152884354932 -11.27533555030824 1.54894316196442
   vertex -213.84734715333326 -11.40450882911683 1.60899293422699
  endloop
 endfacet
 facet normal 0.05466375520847 0.22765498518964 0.97220629579571
  outer loop
   vertex -213.73673213830335 -11.29389214515687 1.54894316196442
   vertex -213.68958130780231 -11.30521234173161 1.54894280990661
   vertex -213.66571129670484 -11.15450882911683 1.51231145858765
  endloop
 endfacet
 facet normal 0.05466375520848 0.22765498518964 0.97220629579571
  outer loop
   vertex -213.66571129670484 -11.15450882911683 1.51231145858765
   vertex -213.68958128800733 -11.14877724647523 1.51231145858765
   vertex -213.73673213830335 -11.29389214515687 1.54894316196442
  endloop
 endfacet
 facet normal 0.00617051377502 0.07846153789237 0.99689804485279
  outer loop
   vertex -213.64124001374589 -11.00000023841859 1.49999928474426
   vertex -213.66571129670484 -11.15450882911683 1.51231145858765
   vertex -213.64124001374589 -11.15643334388734 1.51231145858765
  endloop
 endfacet
 facet normal 0.99691718957667 0.00000000000000 0.07846092738780
  outer loop
   vertex -214.64124001374586 -11.00000023841859 2.49999952316284
   vertex -214.62892807832105 -11.00000023841859 2.34356522560120
   vertex -214.62892807832105 -6.50000023841859 2.34356522560120
  endloop
 endfacet
 facet normal 0.99691718957667 0.00000000000000 0.07846092738780
  outer loop
   vertex -214.62892807832105 -6.50000023841859 2.34356522560120
   vertex -214.64124001374586 -6.50000023841858 2.49999952316284
   vertex -214.64124001374586 -11.00000023841859 2.49999952316284
  endloop
 endfacet
 facet normal 0.96953644211907 0.07629951508540 0.23276054519790
  outer loop
   vertex -214.62892807832105 -11.00000023841859 2.34356522560120
   vertex -214.61676873078684 -11.15450882911683 2.34356522560119
   vertex -214.58058871140821 -11.14877724647523 2.19098281860352
  endloop
 endfacet
 facet normal 0.96953644211906 0.07629951508531 0.23276054519798
  outer loop
   vertex -214.58058871140821 -11.14877724647523 2.19098281860352
   vertex -214.59229701363665 -11.00000022301189 2.19098286560345
   vertex -214.62892807832105 -11.00000023841859 2.34356522560120
  endloop
 endfacet
 facet normal 0.89875450602776 0.21577130956295 0.38168452924410
  outer loop
   vertex -214.54574979653697 -11.29389214515687 2.19098281860352
   vertex -214.48863734116895 -11.27533555030824 2.04600954055786
   vertex -214.52127679551947 -11.13938319922941 2.04601016893379
  endloop
 endfacet
 facet normal 0.89875450602780 0.21577130956289 0.38168452924403
  outer loop
   vertex -214.52127679551947 -11.13938319922941 2.04601016893379
   vertex -214.58058871140818 -11.14877724647523 2.19098281860352
   vertex -214.54574979653697 -11.29389214515687 2.19098281860352
  endloop
 endfacet
 facet normal 0.78839665244658 0.32657099686881 0.52132725078893
  outer loop
   vertex -214.43513096680982 -11.40450882911684 2.04600954055785
   vertex -214.36207808366163 -11.36728501319886 1.91221475601196
   vertex -214.41065977878708 -11.25000037650138 1.91221453558111
  endloop
 endfacet
 facet normal 0.78839665244672 0.32657099686868 0.52132725078880
  outer loop
   vertex -214.41065977878708 -11.25000037650138 1.91221453558111
   vertex -214.48863734116898 -11.27533555030825 2.04600954055785
   vertex -214.43513096680982 -11.40450882911684 2.04600954055785
  endloop
 endfacet
 facet normal 0.64920213723099 0.39781233410874 0.64829154849162
  outer loop
   vertex -214.36207808366163 -11.36728501319885 1.91221475601197
   vertex -214.29574931969984 -11.47552895545960 1.91221475601197
   vertex -214.21330107560496 -11.41562676429750 1.79289281368256
  endloop
 endfacet
 facet normal 0.64920213723096 0.39781233410905 0.64829154849146
  outer loop
   vertex -214.21330107560496 -11.41562676429750 1.79289281368256
   vertex -214.27127633053482 -11.32101755799492 1.79289427941128
   vertex -214.36207808366163 -11.36728501319885 1.91221475601197
  endloop
 endfacet
 facet normal 0.49472175083721 0.42253382197380 0.75941790770087
  outer loop
   vertex -214.14123906007154 -11.50000023841859 1.79289281368255
   vertex -214.05686510911326 -11.41562676429750 1.69098281860352
   vertex -214.11676743381005 -11.34549135451123 1.69098334558678
  endloop
 endfacet
 facet normal 0.49472175083765 0.42253382197362 0.75941790770069
  outer loop
   vertex -214.11676743381005 -11.34549135451123 1.69098334558678
   vertex -214.21330107560496 -11.41562676429750 1.79289281368256
   vertex -214.14123906007154 -11.50000023841859 1.79289281368255
  endloop
 endfacet
 facet normal 0.34010551979937 0.39818991350247 0.85192313514008
  outer loop
   vertex -213.98673261514051 -11.47552895545960 1.69098281860352
   vertex -213.90808810105665 -11.36728501319886 1.60899293422699
   vertex -213.96226074070935 -11.32101776492686 1.60899441579323
  endloop
 endfacet
 facet normal 0.34010551979947 0.39818991350244 0.85192313514005
  outer loop
   vertex -213.96226074070935 -11.32101776492686 1.60899441579323
   vertex -214.05686510911326 -11.41562676429750 1.69098281860351
   vertex -213.98673261514051 -11.47552895545960 1.69098281860352
  endloop
 endfacet
 facet normal 0.20046820488065 0.32716251060397 0.92345936049576
  outer loop
   vertex -213.84734683091682 -11.40450830293577 1.60899441944249
   vertex -213.78152884354932 -11.27533555030824 1.54894316196442
   vertex -213.82287587037425 -11.25000023841859 1.54894316196441
  endloop
 endfacet
 facet normal 0.20046820488068 0.32716251060397 0.92345936049576
  outer loop
   vertex -213.82287587037425 -11.25000023841859 1.54894316196441
   vertex -213.90808810105665 -11.36728501319886 1.60899293422699
   vertex -213.84734683091682 -11.40450830293577 1.60899441944249
  endloop
 endfacet
 facet normal 0.08959912206153 0.21630456073886 0.97220591148654
  outer loop
   vertex -213.78152884354930 -11.27533555030824 1.54894316196442
   vertex -213.73673212659853 -11.29389211689965 1.54894328896977
   vertex -213.68958128800733 -11.14877724647523 1.51231145858765
  endloop
 endfacet
 facet normal 0.08959912206137 0.21630456073897 0.97220591148653
  outer loop
   vertex -213.68958128800733 -11.14877724647523 1.51231145858765
   vertex -213.71225894799576 -11.13938355445863 1.51231145858765
   vertex -213.78152884354930 -11.27533555030824 1.54894316196442
  endloop
 endfacet
 facet normal 0.01837575725203 0.07652845526445 0.99689805250098
  outer loop
   vertex -213.64124001374589 -11.00000023841859 1.49999928474426
   vertex -213.68958128800733 -11.14877724647523 1.51231145858765
   vertex -213.66571129670484 -11.15450882911683 1.51231145858765
  endloop
 endfacet
 facet normal 0.97237125994640 -0.00000000000000 0.23343978416340
  outer loop
   vertex -214.62892807832105 -11.00000023841859 2.34356522560120
   vertex -214.59229720940928 -11.00000023841859 2.19098281860351
   vertex -214.59229720940928 -6.50000023841859 2.19098281860352
  endloop
 endfacet
 facet normal 0.97237125994640 0.00000000000000 0.23343978416341
  outer loop
   vertex -214.59229720940928 -6.50000023841859 2.19098281860352
   vertex -214.62892807832105 -6.50000023841859 2.34356522560120
   vertex -214.62892807832105 -11.00000023841859 2.34356522560120
  endloop
 endfacet
 facet normal 0.92144759973582 0.07251636204111 0.38167485924203
  outer loop
   vertex -214.59229720940931 -11.00000023841859 2.19098281860350
   vertex -214.58058871140821 -11.14877724647523 2.19098281860351
   vertex -214.52127827515940 -11.13938355445863 2.04600954055787
  endloop
 endfacet
 facet normal 0.92144759973585 0.07251636204123 0.38167485924192
  outer loop
   vertex -214.52127827515940 -11.13938355445863 2.04600954055787
   vertex -214.53224720733579 -11.00000037043796 2.04600884570123
   vertex -214.59229720940931 -11.00000023841859 2.19098281860350
  endloop
 endfacet
 facet normal 0.82977388460033 0.19922175047900 0.52133098370551
  outer loop
   vertex -214.48863734116895 -11.27533555030824 2.04600954055786
   vertex -214.41065944543226 -11.25000023841859 1.91221475601196
   vertex -214.44029713916876 -11.12655834175412 1.91221528068131
  endloop
 endfacet
 facet normal 0.82977388460054 0.19922175047872 0.52133098370528
  outer loop
   vertex -214.44029713916876 -11.12655834175412 1.91221528068131
   vertex -214.52127827515940 -11.13938355445862 2.04600954055788
   vertex -214.48863734116895 -11.27533555030824 2.04600954055786
  endloop
 endfacet
 facet normal 0.70344345781903 0.29137832402823 0.64827924071198
  outer loop
   vertex -214.41065944543226 -11.25000023841860 1.91221475601195
   vertex -214.36207808366163 -11.36728501319886 1.91221475601196
   vertex -214.27127779832227 -11.32101845741273 1.79289281368255
  endloop
 endfacet
 facet normal 0.70344345781902 0.29137832402800 0.64827924071210
  outer loop
   vertex -214.27127779832227 -11.32101845741273 1.79289281368255
   vertex -214.31373904631050 -11.21850814165234 1.79289250996513
   vertex -214.41065944543226 -11.25000023841860 1.91221475601195
  endloop
 endfacet
 facet normal 0.55473018174751 0.33995403621813 0.75941140280968
  outer loop
   vertex -214.21330049987543 -11.41562641147445 1.79289360184158
   vertex -214.11676777711253 -11.34549164772035 1.69098281860351
   vertex -214.16496170869215 -11.26684975624086 1.69098281860352
  endloop
 endfacet
 facet normal 0.55473018174771 0.33995403621801 0.75941140280960
  outer loop
   vertex -214.16496170869215 -11.26684975624086 1.69098281860352
   vertex -214.27127779832227 -11.32101845741273 1.79289281368256
   vertex -214.21330049987543 -11.41562641147445 1.79289360184158
  endloop
 endfacet
 facet normal 0.39820570315053 0.34009956901049 0.85191813053677
  outer loop
   vertex -214.11676777711253 -11.34549164772035 1.69098281860351
   vertex -214.05686537237142 -11.41562698914101 1.69098225539121
   vertex -213.96226133218153 -11.32101845741273 1.60899293422699
  endloop
 endfacet
 facet normal 0.39820570315046 0.34009956901073 0.85191813053671
  outer loop
   vertex -213.96226133218153 -11.32101845741273 1.60899293422699
   vertex -214.00852574220045 -11.26684975624086 1.60899293422699
   vertex -214.11676777711253 -11.34549164772035 1.69098281860351
  endloop
 endfacet
 facet normal 0.24918766796405 0.29176282460674 0.92346086019503
  outer loop
   vertex -213.90808821073136 -11.36728514161217 1.60899252778499
   vertex -213.82287587037425 -11.25000023841859 1.54894316196441
   vertex -213.85974873414381 -11.21850800514222 1.54894316196442
  endloop
 endfacet
 facet normal 0.24918766796382 0.29176282460683 0.92346086019506
  outer loop
   vertex -213.85974873414381 -11.21850800514222 1.54894316196442
   vertex -213.96226133218158 -11.32101845741273 1.60899293422699
   vertex -213.90808821073136 -11.36728514161217 1.60899252778499
  endloop
 endfacet
 facet normal 0.12232348310564 0.19963094827184 0.97220597096140
  outer loop
   vertex -213.78152884354932 -11.27533555030824 1.54894316196442
   vertex -213.71225894799576 -11.13938355445863 1.51231145858765
   vertex -213.73318947347838 -11.12655853709751 1.51231148368815
  endloop
 endfacet
 facet normal 0.12232348310568 0.19963094827183 0.97220597096139
  outer loop
   vertex -213.73318947347838 -11.12655853709751 1.51231148368815
   vertex -213.82287587037425 -11.25000023841859 1.54894316196441
   vertex -213.78152884354932 -11.27533555030824 1.54894316196442
  endloop
 endfacet
 facet normal 0.03011950896352 0.07271262269254 0.99689803374315
  outer loop
   vertex -213.71225894799576 -11.13938355445863 1.51231145858765
   vertex -213.68958128800733 -11.14877724647523 1.51231145858765
   vertex -213.64124001374589 -11.00000023841859 1.49999928474426
  endloop
 endfacet
 facet normal 0.92387551819518 -0.00000000000000 0.38269312363771
  outer loop
   vertex -214.53224552979810 -6.50000023841859 2.04600954055785
   vertex -214.59229720940931 -6.50000023841859 2.19098281860352
   vertex -214.59229720940931 -11.00000023841859 2.19098281860350
  endloop
 endfacet
 facet normal 0.92387551819517 0.00000000000000 0.38269312363773
  outer loop
   vertex -214.59229720940931 -11.00000023841859 2.19098281860350
   vertex -214.53224552979810 -11.00000023841859 2.04600954055785
   vertex -214.53224552979810 -6.50000023841859 2.04600954055785
  endloop
 endfacet
 facet normal 0.85072811359473 0.06693879952912 0.52132607248934
  outer loop
   vertex -214.53224552979810 -11.00000023841859 2.04600954055785
   vertex -214.52127827515940 -11.13938355445863 2.04600954055787
   vertex -214.44029797425611 -11.12655854225160 1.91221475601196
  endloop
 endfacet
 facet normal 0.85072811359468 0.06693879952898 0.52132607248943
  outer loop
   vertex -214.44029797425611 -11.12655854225160 1.91221475601196
   vertex -214.45025601024281 -11.00000025774435 1.91221460550100
   vertex -214.53224552979810 -11.00000023841859 2.04600954055785
  endloop
 endfacet
 facet normal 0.74035344493387 0.17773613205961 0.64829518271775
  outer loop
   vertex -214.44029797425611 -11.12655854225160 1.91221475601197
   vertex -214.41066162007678 -11.25000076048399 1.91221285177066
   vertex -214.31373871674879 -11.21850800514222 1.79289281368256
  endloop
 endfacet
 facet normal 0.74035344493381 0.17773613205934 0.64829518271789
  outer loop
   vertex -214.31373871674879 -11.21850800514222 1.79289281368256
   vertex -214.33964051118238 -11.11061501502992 1.79289281368256
   vertex -214.44029797425611 -11.12655854225160 1.91221475601197
  endloop
 endfacet
 facet normal 0.60108362727314 0.24895083160497 0.75942212008037
  outer loop
   vertex -214.31373871674882 -11.21850800514223 1.79289281368255
   vertex -214.27127930134645 -11.32101907992032 1.79289091472914
   vertex -214.16496170869215 -11.26684975624086 1.69098281860351
  endloop
 endfacet
 facet normal 0.60108362727312 0.24895083160473 0.75942212008046
  outer loop
   vertex -214.16496170869215 -11.26684975624086 1.69098281860351
   vertex -214.20025504937510 -11.18163514137270 1.69098281860350
   vertex -214.31373871674882 -11.21850800514223 1.79289281368255
  endloop
 endfacet
 facet normal 0.44650241099838 0.27361188814754 0.85192260894812
  outer loop
   vertex -214.16496170869215 -11.26684975624086 1.69098281860352
   vertex -214.11676837999377 -11.34549201715948 1.69098166831156
   vertex -214.00852574220045 -11.26684975624086 1.60899293422699
  endloop
 endfacet
 facet normal 0.44650241099836 0.27361188814769 0.85192260894808
  outer loop
   vertex -214.00852574220045 -11.26684975624086 1.60899293422699
   vertex -214.04574860444413 -11.20610642433167 1.60899293422700
   vertex -214.16496170869215 -11.26684975624086 1.69098281860352
  endloop
 endfacet
 facet normal 0.85263955182689 0.00000000000000 0.52249956426818
  outer loop
   vertex -214.45025576463087 -6.50000023841859 1.91221475601195
   vertex -214.53224552979810 -6.50000023841859 2.04600954055785
   vertex -214.53224552979810 -11.00000023841859 2.04600954055785
  endloop
 endfacet
 facet normal 0.85263955182689 0.00000000000000 0.52249956426818
  outer loop
   vertex -214.53224552979810 -11.00000023841859 2.04600954055785
   vertex -214.45025576463087 -11.00000023841859 1.91221475601195
   vertex -214.45025576463087 -6.50000023841859 1.91221475601195
  endloop
 endfacet
 facet normal 0.76041038947526 0.00000000000000 0.64944286860207
  outer loop
   vertex -214.45025576463084 -6.50000023841859 1.91221475601196
   vertex -214.45025576463084 -11.00000023841859 1.91221475601196
   vertex -214.34834660401685 -11.00000023841859 1.79289281368256
  endloop
 endfacet
 facet normal 0.76041038947526 -0.00000000000000 0.64944286860207
  outer loop
   vertex -214.34834660401685 -11.00000023841859 1.79289281368256
   vertex -214.34834660401685 -6.50000023841859 1.79289281368256
   vertex -214.45025576463084 -6.50000023841859 1.91221475601196
  endloop
 endfacet
 facet normal 0.75905217101672 0.05974227738395 0.64828285645062
  outer loop
   vertex -214.45025576463084 -11.00000023841859 1.91221475601196
   vertex -214.44029615337317 -11.12655839893642 1.91221631117145
   vertex -214.33964051118238 -11.11061501502992 1.79289281368256
  endloop
 endfacet
 facet normal 0.75905217101674 0.05974227738399 0.64828285645060
  outer loop
   vertex -214.33964051118238 -11.11061501502992 1.79289281368256
   vertex -214.34834660401685 -11.00000023841859 1.79289281368255
   vertex -214.45025576463084 -11.00000023841859 1.91221475601196
  endloop
 endfacet
 facet normal 0.63262737720859 0.15188553071475 0.75941647807095
  outer loop
   vertex -214.31373795773126 -11.21850782291208 1.79289372481987
   vertex -214.20025504937510 -11.18163514137269 1.69098281860351
   vertex -214.22178734650953 -11.09194970130921 1.69098281860352
  endloop
 endfacet
 facet normal 0.63262737720868 0.15188553071464 0.75941647807089
  outer loop
   vertex -214.22178734650953 -11.09194970130921 1.69098281860352
   vertex -214.33964051118238 -11.11061501502992 1.79289281368256
   vertex -214.31373795773126 -11.21850782291208 1.79289372481987
  endloop
 endfacet
 facet normal 0.64944856967620 0.00000000000000 0.76040552032816
  outer loop
   vertex -214.34834660401685 -6.50000023841859 1.79289281368256
   vertex -214.34834660401685 -11.00000023841859 1.79289281368256
   vertex -214.22902549615245 -11.00000023841859 1.69098281860352
  endloop
 endfacet
 facet normal 0.64944856967620 -0.00000000000000 0.76040552032816
  outer loop
   vertex -214.22902549615245 -11.00000023841859 1.69098281860352
   vertex -214.22902549615245 -6.50000023841859 1.69098281860352
   vertex -214.34834660401685 -6.50000023841859 1.79289281368256
  endloop
 endfacet
 facet normal 0.64860151641271 0.05105712080123 0.75941374975873
  outer loop
   vertex -214.33963993587452 -11.11061496974239 1.79289348728059
   vertex -214.22178734650953 -11.09194970130921 1.69098281860352
   vertex -214.22902549615245 -11.00000023841859 1.69098281860352
  endloop
 endfacet
 facet normal 0.64860151641274 0.05105712080118 0.75941374975871
  outer loop
   vertex -214.22902549615245 -11.00000023841859 1.69098281860352
   vertex -214.34834660401680 -11.00000023841859 1.79289281368256
   vertex -214.33963993587452 -11.11061496974239 1.79289348728059
  endloop
 endfacet
 facet normal 0.29176759722091 0.24917287855481 0.92346334296746
  outer loop
   vertex -214.00852574220045 -11.26684975624086 1.60899293422699
   vertex -213.96226164861790 -11.32101872765305 1.60899193268528
   vertex -213.85974873414381 -11.21850800514222 1.54894316196441
  endloop
 endfacet
 facet normal 0.29176759722092 0.24917287855481 0.92346334296746
  outer loop
   vertex -213.85974873414381 -11.21850800514222 1.54894316196441
   vertex -213.89123858323438 -11.18163514137269 1.54894316196441
   vertex -214.00852574220045 -11.26684975624086 1.60899293422699
  endloop
 endfacet
 facet normal 0.48381547998597 0.20039918438121 0.85191710173308
  outer loop
   vertex -214.20025504937510 -11.18163514137269 1.69098281860351
   vertex -214.16496099518326 -11.26684946070134 1.69098407497175
   vertex -214.04574860444413 -11.20610642433167 1.60899293422701
  endloop
 endfacet
 facet normal 0.48381547998596 0.20039918438093 0.85191710173315
  outer loop
   vertex -214.04574860444413 -11.20610642433167 1.60899293422701
   vertex -214.07301033845289 -11.14028954505921 1.60899293422700
   vertex -214.20025504937510 -11.18163514137269 1.69098281860351
  endloop
 endfacet
 facet normal 0.15205296648696 0.17803103117941 0.97220617531453
  outer loop
   vertex -213.85974873414381 -11.21850800514222 1.54894316196442
   vertex -213.82287587547634 -11.25000024439237 1.54894312934233
   vertex -213.73318947663651 -11.12655854225160 1.51231145858765
  endloop
 endfacet
 facet normal 0.15205296648697 0.17803103117940 0.97220617531453
  outer loop
   vertex -213.73318947663651 -11.12655854225160 1.51231145858765
   vertex -213.75185693612440 -11.11061501502992 1.51231145858765
   vertex -213.85974873414381 -11.21850800514222 1.54894316196442
  endloop
 endfacet
 facet normal 0.04111973742372 0.06710776005150 0.99689804681074
  outer loop
   vertex -213.73318947663651 -11.12655854225160 1.51231145858765
   vertex -213.71225894799576 -11.13938355445863 1.51231145858765
   vertex -213.64124001374589 -11.00000023841859 1.49999928474426
  endloop
 endfacet
 facet normal 0.32715004380567 0.20047127459440 0.92346311074154
  outer loop
   vertex -214.04574860444413 -11.20610642433167 1.60899293422700
   vertex -214.00852579711017 -11.26684978988848 1.60899277923050
   vertex -213.89123858323438 -11.18163514137269 1.54894316196441
  endloop
 endfacet
 facet normal 0.32715004380574 0.20047127459410 0.92346311074158
  outer loop
   vertex -213.89123858323438 -11.18163514137269 1.54894316196441
   vertex -213.91657437196119 -11.14028954505921 1.54894316196443
   vertex -214.04574860444413 -11.20610642433167 1.60899293422700
  endloop
 endfacet
 facet normal 0.50920568465993 0.12224680075829 0.85191859377195
  outer loop
   vertex -214.22178734650953 -11.09194970130922 1.69098281860351
   vertex -214.20025535998153 -11.18163521594107 1.69098229894825
   vertex -214.07301033845286 -11.14028954505922 1.60899293422700
  endloop
 endfacet
 facet normal 0.50920568465994 0.12224680075831 0.85191859377194
  outer loop
   vertex -214.07301033845286 -11.14028954505922 1.60899293422700
   vertex -214.08964003434519 -11.07102036476137 1.60899293422697
   vertex -214.22178734650953 -11.09194970130922 1.69098281860351
  endloop
 endfacet
 facet normal 0.52250282412829 0.00000000000000 0.85263755416822
  outer loop
   vertex -214.22902549615245 -6.50000023841859 1.69098281860351
   vertex -214.22902549615245 -11.00000023841859 1.69098281860351
   vertex -214.09523166528089 -11.00000023841859 1.60899293422699
  endloop
 endfacet
 facet normal 0.52250282412829 -0.00000000000000 0.85263755416822
  outer loop
   vertex -214.09523166528089 -11.00000023841859 1.60899293422699
   vertex -214.09523166528089 -6.50000023841859 1.60899293422699
   vertex -214.22902549615245 -6.50000023841859 1.69098281860351
  endloop
 endfacet
 facet normal 0.00000000000000 1.00000000000000 0.00000000000000
  outer loop
   vertex -195.14123953690870 -6.50000023841859 0.00000000000000
   vertex -215.14124120583875 -6.50000023841859 0.00000000000000
   vertex -213.64124001374589 -6.50000023841859 1.49999928474426
  endloop
 endfacet
 facet normal 0.00000000000000 1.00000000000000 0.00000000000000
  outer loop
   vertex -215.14124120583875 -6.50000023841859 0.00000000000000
   vertex -213.79767407288892 -6.50000023841859 1.51231145858765
   vertex -213.64124001374589 -6.50000023841859 1.49999928474426
  endloop
 endfacet
 facet normal 0.00000000000000 1.00000000000000 0.00000000000000
  outer loop
   vertex -215.14124120583875 -6.50000023841859 0.00000000000000
   vertex -213.95025838723524 -6.50000023841859 1.54894316196442
   vertex -213.79767407288892 -6.50000023841859 1.51231145858765
  endloop
 endfacet
 facet normal -0.00000000000000 1.00000000000000 0.00000000000000
  outer loop
   vertex -217.14124144425733 -6.50000023841859 1.99999940395355
   vertex -214.53224552979808 -6.50000023841859 2.04600954055786
   vertex -214.45025576463084 -6.50000023841859 1.91221475601196
  endloop
 endfacet
 facet normal 0.00000000000000 1.00000000000000 0.00000000000000
  outer loop
   vertex -215.14124120583875 -6.50000023841859 0.00000000000000
   vertex -214.09523166528089 -6.50000023841859 1.60899293422699
   vertex -213.95025838723524 -6.50000023841859 1.54894316196442
  endloop
 endfacet
 facet normal 0.00000000000000 1.00000000000000 0.00000000000000
  outer loop
   vertex -215.14124120583875 -6.50000023841859 0.00000000000000
   vertex -214.34834660401685 -6.50000023841859 1.79289281368256
   vertex -214.22902549615245 -6.50000023841859 1.69098281860352
  endloop
 endfacet
 facet normal 0.00000000000000 1.00000000000000 0.00000000000000
  outer loop
   vertex -217.14124144425733 -6.50000023841859 1.99999940395355
   vertex -214.59229720940931 -6.50000023841859 2.19098281860352
   vertex -214.53224552979808 -6.50000023841859 2.04600954055786
  endloop
 endfacet
 facet normal -0.00000000000000 1.00000000000000 0.00000000000000
  outer loop
   vertex -217.14124144425733 -6.50000023841859 6.99999904632569
   vertex -214.64124001374586 -6.50000023841859 6.99999904632569
   vertex -214.64124001374586 -6.50000023841859 2.49999952316284
  endloop
 endfacet
 facet normal 0.00000000000000 1.00000000000000 0.00000000000000
  outer loop
   vertex -214.22902549615245 -6.50000023841859 1.69098281860352
   vertex -214.09523166528089 -6.50000023841859 1.60899293422699
   vertex -215.14124120583875 -6.50000023841859 0.00000000000000
  endloop
 endfacet
 facet normal 0.00000000000000 1.00000000000000 0.00000000000000
  outer loop
   vertex -214.45025576463084 -6.50000023841859 1.91221475601196
   vertex -215.14124120583875 -6.50000023841859 0.00000000000000
   vertex -217.14124144425733 -6.50000023841859 1.99999940395355
  endloop
 endfacet
 facet normal 0.00000000000000 1.00000000000000 0.00000000000000
  outer loop
   vertex -214.64124001374586 -6.50000023841859 2.49999952316284
   vertex -217.14124144425733 -6.50000023841859 1.99999940395355
   vertex -217.14124144425733 -6.50000023841859 6.99999904632569
  endloop
 endfacet
 facet normal 0.00000000000000 1.00000000000000 0.00000000000000
  outer loop
   vertex -214.45025576463084 -6.50000023841859 1.91221475601196
   vertex -214.34834660401685 -6.50000023841859 1.79289281368256
   vertex -215.14124120583875 -6.50000023841859 0.00000000000000
  endloop
 endfacet
 facet normal 0.00000000000000 1.00000000000000 0.00000000000000
  outer loop
   vertex -214.64124001374586 -6.50000023841859 2.49999952316284
   vertex -214.62892807832105 -6.50000023841859 2.34356522560120
   vertex -217.14124144425733 -6.50000023841859 1.99999940395355
  endloop
 endfacet
 facet normal 0.00000000000000 1.00000000000000 0.00000000000000
  outer loop
   vertex -214.62892807832105 -6.50000023841859 2.34356522560120
   vertex -214.59229720940931 -6.50000023841859 2.19098281860352
   vertex -217.14124144425733 -6.50000023841859 1.99999940395355
  endloop
 endfacet
 facet normal 0.00000000000000 1.00000000000000 0.00000000000000
  outer loop
   vertex -213.64124001374589 -6.50000023841859 1.49999928474426
   vertex -195.14123953690870 -6.50000023841859 1.49999928474426
   vertex -195.14123953690870 -6.50000023841859 0.00000000000000
  endloop
 endfacet
 facet normal 0.52206125445423 0.04110347321310 0.85191698603062
  outer loop
   vertex -214.22178698900072 -11.09194967316146 1.69098340199827
   vertex -214.08964003434519 -11.07102036476136 1.60899293422697
   vertex -214.09523166528089 -11.00000023841859 1.60899293422699
  endloop
 endfacet
 facet normal 0.52206125445425 0.04110347321308 0.85191698603061
  outer loop
   vertex -214.09523166528089 -11.00000023841859 1.60899293422699
   vertex -214.22902549615245 -11.00000023841859 1.69098281860351
   vertex -214.22178698900072 -11.09194967316146 1.69098340199827
  endloop
 endfacet
 facet normal 0.38268274869928 0.00000000000000 0.92387981569464
  outer loop
   vertex -214.09523166528089 -6.50000023841859 1.60899293422700
   vertex -214.09523166528089 -11.00000023841859 1.60899293422700
   vertex -213.95025838723524 -11.00000023841859 1.54894316196442
  endloop
 endfacet
 facet normal 0.38268274869928 -0.00000000000000 0.92387981569464
  outer loop
   vertex -213.95025838723524 -11.00000023841859 1.54894316196442
   vertex -213.95025838723524 -6.50000023841859 1.54894316196442
   vertex -214.09523166528089 -6.50000023841859 1.60899293422700
  endloop
 endfacet
 facet normal 0.17803772344841 0.15204659912178 0.97220594563334
  outer loop
   vertex -213.89123858323438 -11.18163514137269 1.54894316196441
   vertex -213.85974873191972 -11.21850800324282 1.54894317410942
   vertex -213.75185693612440 -11.11061501502992 1.51231145858765
  endloop
 endfacet
 facet normal 0.17803772344842 0.15204659912176 0.97220594563334
  outer loop
   vertex -213.75185693612440 -11.11061501502992 1.51231145858765
   vertex -213.76779736390455 -11.09194970130921 1.51231145858765
   vertex -213.89123858323438 -11.18163514137269 1.54894316196441
  endloop
 endfacet
 facet normal 0.05111388499785 0.05984663018420 0.99689806480704
  outer loop
   vertex -213.75185693612440 -11.11061501502992 1.51231145858765
   vertex -213.73318947663651 -11.12655854225160 1.51231145858765
   vertex -213.64124001374589 -11.00000023841859 1.49999928474426
  endloop
 endfacet
 facet normal 0.35448053403928 0.14685692197420 0.92345903832032
  outer loop
   vertex -214.04574792728931 -11.20610614379477 1.60899469828644
   vertex -213.91657437196119 -11.14028954505921 1.54894316196443
   vertex -213.93513358941422 -11.09549164772035 1.54894316196443
  endloop
 endfacet
 facet normal 0.35448053403950 0.14685692197396 0.92345903832027
  outer loop
   vertex -213.93513358941422 -11.09549164772035 1.54894316196443
   vertex -214.07301033845289 -11.14028954505921 1.60899293422700
   vertex -214.04574792728931 -11.20610614379477 1.60899469828644
  endloop
 endfacet
 facet normal 0.19962597778948 0.12233754131859 0.97220522266429
  outer loop
   vertex -213.89123849599787 -11.18163508791122 1.54894358681780
   vertex -213.76779736390455 -11.09194970130921 1.51231145858764
   vertex -213.78062356820442 -11.07102036476136 1.51231145858764
  endloop
 endfacet
 facet normal 0.19962597778933 0.12233754131875 0.97220522266430
  outer loop
   vertex -213.78062356820442 -11.07102036476136 1.51231145858764
   vertex -213.91657437196119 -11.14028954505922 1.54894316196442
   vertex -213.89123849599787 -11.18163508791122 1.54894358681780
  endloop
 endfacet
 facet normal 0.05984872896527 0.05111161569962 0.99689805516001
  outer loop
   vertex -213.76779736390455 -11.09194970130921 1.51231145858765
   vertex -213.75185693612440 -11.11061501502992 1.51231145858765
   vertex -213.64124001374589 -11.00000023841859 1.49999928474426
  endloop
 endfacet
 facet normal 0.37309211515315 0.08955093652272 0.92346245369178
  outer loop
   vertex -214.08964003434522 -11.07102036476137 1.60899293422697
   vertex -214.07301081916233 -11.14028966044085 1.60899174439457
   vertex -213.93513358941422 -11.09549164772035 1.54894316196442
  endloop
 endfacet
 facet normal 0.37309211515312 0.08955093652241 0.92346245369183
  outer loop
   vertex -213.93513358941422 -11.09549164772035 1.54894316196442
   vertex -213.94645108094556 -11.04834008216859 1.54894316196442
   vertex -214.08964003434522 -11.07102036476137 1.60899293422697
  endloop
 endfacet
 facet normal 0.38250904221623 0.03012688849030 0.92346045026992
  outer loop
   vertex -214.08963974133056 -11.07102034168316 1.60899364162839
   vertex -213.94645108094556 -11.04834008216859 1.54894316196442
   vertex -213.95025838723524 -11.00000023841859 1.54894316196441
  endloop
 endfacet
 facet normal 0.38250904221633 0.03012688849006 0.92346045026988
  outer loop
   vertex -213.95025838723524 -11.00000023841859 1.54894316196441
   vertex -214.09523166528089 -11.00000023841859 1.60899293422699
   vertex -214.08963974133056 -11.07102034168316 1.60899364162839
  endloop
 endfacet
 facet normal 0.23344205310525 0.00000000000000 0.97237071523262
  outer loop
   vertex -213.95025838723524 -6.50000023841859 1.54894316196442
   vertex -213.95025838723524 -11.00000023841859 1.54894316196442
   vertex -213.79767407288892 -11.00000023841859 1.51231145858765
  endloop
 endfacet
 facet normal 0.23344205310525 -0.00000000000000 0.97237071523262
  outer loop
   vertex -213.79767407288892 -11.00000023841859 1.51231145858765
   vertex -213.79767407288892 -6.50000023841859 1.51231145858765
   vertex -213.95025838723524 -6.50000023841859 1.54894316196442
  endloop
 endfacet
 facet normal 0.21630249083358 0.08960154690324 0.97220614853627
  outer loop
   vertex -213.91657446801321 -11.14028958484799 1.54894273024321
   vertex -213.78062356820442 -11.07102036476136 1.51231145858764
   vertex -213.79001869073252 -11.04834008216859 1.51231145858764
  endloop
 endfacet
 facet normal 0.21630249083361 0.08960154690319 0.97220614853627
  outer loop
   vertex -213.79001869073252 -11.04834008216859 1.51231145858764
   vertex -213.93513358941422 -11.09549164772035 1.54894316196442
   vertex -213.91657446801321 -11.14028958484799 1.54894273024321
  endloop
 endfacet
 facet normal 0.06710501104386 0.04112421715936 0.99689804707193
  outer loop
   vertex -213.78062356820442 -11.07102036476136 1.51231145858764
   vertex -213.76779736390455 -11.09194970130921 1.51231145858765
   vertex -213.64124001374589 -11.00000023841859 1.49999928474426
  endloop
 endfacet
 facet normal 0.22766099451911 0.05464800782394 0.97220577390563
  outer loop
   vertex -213.94645108094556 -11.04834008216859 1.54894316196442
   vertex -213.93513354667186 -11.09549163746042 1.54894334449187
   vertex -213.79001869073252 -11.04834008216859 1.51231145858764
  endloop
 endfacet
 facet normal 0.22766099451911 0.05464800782417 0.97220577390562
  outer loop
   vertex -213.79001869073252 -11.04834008216859 1.51231145858764
   vertex -213.79574812760694 -11.02447152137757 1.51231145858765
   vertex -213.94645108094556 -11.04834008216859 1.54894316196442
  endloop
 endfacet
 facet normal 0.07271184548321 0.03012029037843 0.99689806682225
  outer loop
   vertex -213.79001869073252 -11.04834008216859 1.51231145858764
   vertex -213.78062356820442 -11.07102036476136 1.51231145858764
   vertex -213.64124001374589 -11.00000023841859 1.49999928474426
  endloop
 endfacet
 facet normal 0.23340266439417 0.01836931725435 0.97220664698268
  outer loop
   vertex -213.94645123627654 -11.04834009439348 1.54894251495476
   vertex -213.79574812760694 -11.02447152137757 1.51231145858765
   vertex -213.79767407288892 -11.00000023841859 1.51231145858764
  endloop
 endfacet
 facet normal 0.23340266439422 0.01836931725420 0.97220664698268
  outer loop
   vertex -213.79767407288892 -11.00000023841859 1.51231145858764
   vertex -213.95025838723524 -11.00000023841859 1.54894316196441
   vertex -213.94645123627654 -11.04834009439348 1.54894251495476
  endloop
 endfacet
 facet normal 0.07846255626394 0.00000000000000 0.99691706137699
  outer loop
   vertex -213.79767407288892 -6.50000023841859 1.51231145858765
   vertex -213.79767407288892 -11.00000023841859 1.51231145858765
   vertex -213.64124001374589 -11.00000023841859 1.49999928474426
  endloop
 endfacet
 facet normal 0.07846255626394 -0.00000000000000 0.99691706137699
  outer loop
   vertex -213.64124001374589 -11.00000023841859 1.49999928474426
   vertex -213.64124001374589 -6.50000023841859 1.49999928474426
   vertex -213.79767407288892 -6.50000023841859 1.51231145858765
  endloop
 endfacet
 facet normal 0.07652956574377 0.01837024526920 0.99689806883945
  outer loop
   vertex -213.79574812760694 -11.02447152137757 1.51231145858765
   vertex -213.79001869073252 -11.04834008216859 1.51231145858764
   vertex -213.64124001374589 -11.00000023841859 1.49999928474426
  endloop
 endfacet
 facet normal 0.07846106030610 0.00617506279382 0.99689805427392
  outer loop
   vertex -213.64124001374589 -11.00000023841859 1.49999928474426
   vertex -213.79767407288892 -11.00000023841859 1.51231145858765
   vertex -213.79574812760694 -11.02447152137757 1.51231145858765
  endloop
 endfacet
 facet normal -0.00000000000000 0.00000000000000 1.00000000000000
  outer loop
   vertex -213.87589038720475 -12.48153138160707 13.80000019073487
   vertex -213.64124001374589 -12.50000023841859 13.80000019073487
   vertex -213.64124001374589 -12.00000023841859 13.80000019073487
  endloop
 endfacet
 facet normal 0.00000000000000 0.00000000000000 1.00000000000000
  outer loop
   vertex -151.34123839249949 -12.00000023841859 13.80000019073487
   vertex -213.64124001374589 -12.00000023841859 13.80000019073487
   vertex -213.64124001374589 -12.50000023841859 13.80000019073487
  endloop
 endfacet
 facet normal 0.00000000000000 0.00000000000000 1.00000000000000
  outer loop
   vertex -213.64124001374589 12.50000035762788 13.80000019073487
   vertex -213.64124001374589 12.00000023841859 13.80000019073487
   vertex -151.34123839249949 12.00000023841859 13.80000019073487
  endloop
 endfacet
 facet normal 0.00000000000000 0.00000000000000 1.00000000000000
  outer loop
   vertex -213.87589038720475 12.48153233528138 13.80000019073487
   vertex -213.79767407288892 11.98768830299379 13.80000019073487
   vertex -213.64124001374589 12.00000023841859 13.80000019073487
  endloop
 endfacet
 facet normal 0.00000000000000 0.00000000000000 1.00000000000000
  outer loop
   vertex -213.64124001374589 -12.50000023841859 13.80000019073487
   vertex -151.34123839249949 -12.50000023841859 13.80000019073487
   vertex -151.34123839249949 -12.00000023841859 13.80000019073487
  endloop
 endfacet
 facet normal 0.00000000000000 0.00000000000000 1.00000000000000
  outer loop
   vertex -151.10658873429637 -12.48153138160707 13.80000019073487
   vertex -151.18480528703074 -11.98768830299379 13.80000019073487
   vertex -151.34123839249949 -12.00000023841859 13.80000019073487
  endloop
 endfacet
 facet normal 0.00000000000000 0.00000000000000 1.00000000000000
  outer loop
   vertex -151.10658873429637 12.48153233528138 13.80000019073487
   vertex -151.34123839249949 12.50000035762788 13.80000019073487
   vertex -151.34123839249949 12.00000023841859 13.80000019073487
  endloop
 endfacet
 facet normal 0.00000000000000 -0.00000000000000 1.00000000000000
  outer loop
   vertex -213.64124001374589 12.00000023841859 13.80000019073487
   vertex -213.64124001374589 12.50000035762788 13.80000019073487
   vertex -213.87589038720475 12.48153233528138 13.80000019073487
  endloop
 endfacet
 facet normal 0.00000000000000 0.00000000000000 1.00000000000000
  outer loop
   vertex -215.12277115693433 11.23465156555177 13.80000019073487
   vertex -215.14124120583875 11.00000023841859 13.80000019073487
   vertex -214.64124001374586 11.00000023841859 13.80000019073487
  endloop
 endfacet
 facet normal 0.00000000000000 -0.00000000000000 1.00000000000000
  outer loop
   vertex -214.64124001374586 -11.00000023841859 13.80000019073487
   vertex -214.64124001374586 11.00000023841859 13.80000019073487
   vertex -215.14124120583875 11.00000023841859 13.80000019073487
  endloop
 endfacet
 facet normal -0.00000000000000 0.00000000000000 1.00000000000000
  outer loop
   vertex -214.70189894547804 -12.06065964698793 13.80000019073487
   vertex -214.52291740289073 -12.21352601051332 13.80000019073487
   vertex -214.22902549615247 -11.80901551246644 13.80000019073487
  endloop
 endfacet
 facet normal -0.00000000000000 0.00000000000000 1.00000000000000
  outer loop
   vertex -214.52291740289073 -12.21352601051332 13.80000019073487
   vertex -214.32222498765333 -12.33650994300843 13.80000019073487
   vertex -214.09523166528089 -11.89100670814515 13.80000019073487
  endloop
 endfacet
 facet normal 0.00000000000000 0.00000000000000 1.00000000000000
  outer loop
   vertex -214.10476483216624 -12.42658448219300 13.80000019073487
   vertex -213.95025838723527 -11.95105576515199 13.80000019073487
   vertex -214.09523166528089 -11.89100670814515 13.80000019073487
  endloop
 endfacet
 facet normal -0.00000000000000 0.00000000000000 1.00000000000000
  outer loop
   vertex -214.10476483216624 -12.42658448219300 13.80000019073487
   vertex -213.87589038720475 -12.48153138160707 13.80000019073487
   vertex -213.79767407288892 -11.98768830299379 13.80000019073487
  endloop
 endfacet
 facet normal 0.00000000000000 0.00000000000000 1.00000000000000
  outer loop
   vertex -151.34123839249949 -12.00000023841859 13.80000019073487
   vertex -151.34123839249949 -12.50000023841859 13.80000019073487
   vertex -151.10658873429637 -12.48153138160707 13.80000019073487
  endloop
 endfacet
 facet normal 0.00000000000000 0.00000000000000 1.00000000000000
  outer loop
   vertex -150.87771452775340 -12.42658448219300 13.80000019073487
   vertex -151.03221739640574 -11.95105576515199 13.80000019073487
   vertex -151.18480528703074 -11.98768830299379 13.80000019073487
  endloop
 endfacet
 facet normal 0.00000000000000 0.00000000000000 1.00000000000000
  outer loop
   vertex -150.45956267228465 -12.21352601051332 13.80000019073487
   vertex -150.75345457902293 -11.80901551246644 13.80000019073487
   vertex -150.88725127091746 -11.89100670814515 13.80000019073487
  endloop
 endfacet
 facet normal 0.00000000000000 -0.00000000000000 1.00000000000000
  outer loop
   vertex -150.45956267228465 -12.21352601051332 13.80000019073487
   vertex -150.28057707658152 -12.06065964698793 13.80000019073487
   vertex -150.63413084855421 -11.70710587501527 13.80000019073487
  endloop
 endfacet
 facet normal 0.00000000000000 0.00000000000000 1.00000000000000
  outer loop
   vertex -151.10658873429637 12.48153233528138 13.80000019073487
   vertex -151.18480528703074 11.98768830299379 13.80000019073487
   vertex -151.03221739640574 11.95105648040773 13.80000019073487
  endloop
 endfacet
 facet normal 0.00000000000000 -0.00000000000000 1.00000000000000
  outer loop
   vertex -151.34123839249949 12.00000023841859 13.80000019073487
   vertex -151.34123839249949 12.50000035762788 13.80000019073487
   vertex -213.64124001374589 12.50000035762788 13.80000019073487
  endloop
 endfacet
 facet normal 0.00000000000000 0.00000000000000 1.00000000000000
  outer loop
   vertex -214.85476626267771 11.88167762756349 13.80000019073487
   vertex -214.97774924149854 11.68098592758180 13.80000019073487
   vertex -214.53224552979808 11.45399093627931 13.80000019073487
  endloop
 endfacet
 facet normal 0.00000000000000 0.00000000000000 1.00000000000000
  outer loop
   vertex -214.97774924149854 11.68098592758180 13.80000019073487
   vertex -215.06782306542738 11.46352577209474 13.80000019073487
   vertex -214.59229720940928 11.30901765823366 13.80000019073487
  endloop
 endfacet
 facet normal 0.00000000000000 0.00000000000000 1.00000000000000
  outer loop
   vertex -215.14124120583875 11.00000023841859 13.80000019073487
   vertex -215.14124120583875 -11.00000023841859 13.80000019073487
   vertex -214.64124001374586 -11.00000023841859 13.80000019073487
  endloop
 endfacet
 facet normal 0.00000000000000 0.00000000000000 1.00000000000000
  outer loop
   vertex -215.12277115693433 -11.23465180397035 13.80000019073487
   vertex -214.62892807832105 -11.15643334388734 13.80000019073487
   vertex -214.64124001374586 -11.00000023841859 13.80000019073487
  endloop
 endfacet
 facet normal 0.00000000000000 0.00000000000000 1.00000000000000
  outer loop
   vertex -214.97774924149854 -11.68098473548890 13.80000019073487
   vertex -214.53224552979808 -11.45399117469789 13.80000019073487
   vertex -214.59229720940928 -11.30901741981507 13.80000019073487
  endloop
 endfacet
 facet normal 0.00000000000000 0.00000000000000 1.00000000000000
  outer loop
   vertex -214.85476626267771 -11.88167786598207 13.80000019073487
   vertex -214.45025576463084 -11.58778595924379 13.80000019073487
   vertex -214.53224552979808 -11.45399117469789 13.80000019073487
  endloop
 endfacet
 facet normal 0.00000000000000 0.00000000000000 1.00000000000000
  outer loop
   vertex -214.70189894547804 -12.06065964698793 13.80000019073487
   vertex -214.34834660401685 -11.70710587501527 13.80000019073487
   vertex -214.45025576463084 -11.58778595924379 13.80000019073487
  endloop
 endfacet
 facet normal 0.00000000000000 0.00000000000000 1.00000000000000
  outer loop
   vertex -214.09523166528089 -11.89100670814515 13.80000019073487
   vertex -214.22902549615247 -11.80901551246644 13.80000019073487
   vertex -214.52291740289073 -12.21352601051332 13.80000019073487
  endloop
 endfacet
 facet normal 0.00000000000000 0.00000000000000 1.00000000000000
  outer loop
   vertex -213.79767407288892 -11.98768830299379 13.80000019073487
   vertex -213.95025838723527 -11.95105576515199 13.80000019073487
   vertex -214.10476483216624 -12.42658448219300 13.80000019073487
  endloop
 endfacet
 facet normal 0.00000000000000 0.00000000000000 1.00000000000000
  outer loop
   vertex -151.18480528703074 -11.98768830299379 13.80000019073487
   vertex -151.10658873429637 -12.48153138160707 13.80000019073487
   vertex -150.87771452775340 -12.42658448219300 13.80000019073487
  endloop
 endfacet
 facet normal 0.00000000000000 0.00000000000000 1.00000000000000
  outer loop
   vertex -150.66025389542918 -12.33650994300843 13.80000019073487
   vertex -150.88725127091746 -11.89100670814515 13.80000019073487
   vertex -151.03221739640574 -11.95105576515199 13.80000019073487
  endloop
 endfacet
 facet normal 0.00000000000000 0.00000000000000 1.00000000000000
  outer loop
   vertex -150.63413084855421 -11.70710587501527 13.80000019073487
   vertex -150.75345457902293 -11.80901551246644 13.80000019073487
   vertex -150.45956267228465 -12.21352601051332 13.80000019073487
  endloop
 endfacet
 facet normal -0.00000000000000 0.00000000000000 1.00000000000000
  outer loop
   vertex -151.34123839249949 12.00000023841859 13.80000019073487
   vertex -151.18480528703074 11.98768830299379 13.80000019073487
   vertex -151.10658873429637 12.48153233528138 13.80000019073487
  endloop
 endfacet
 facet normal 0.00000000000000 0.00000000000000 1.00000000000000
  outer loop
   vertex -214.10476483216624 12.42658519744874 13.80000019073487
   vertex -213.95025838723527 11.95105648040773 13.80000019073487
   vertex -213.79767407288892 11.98768830299379 13.80000019073487
  endloop
 endfacet
 facet normal 0.00000000000000 0.00000000000000 1.00000000000000
  outer loop
   vertex -214.52291740289073 12.21352553367615 13.80000019073487
   vertex -214.22902549615245 11.80901670455933 13.80000019073487
   vertex -214.09523166528089 11.89100670814515 13.80000019073487
  endloop
 endfacet
 facet normal 0.00000000000000 0.00000000000000 1.00000000000000
  outer loop
   vertex -214.70189894547804 12.06066012382508 13.80000019073487
   vertex -214.34834660401685 11.70710682868958 13.80000019073487
   vertex -214.22902549615245 11.80901670455933 13.80000019073487
  endloop
 endfacet
 facet normal 0.00000000000000 0.00000000000000 1.00000000000000
  outer loop
   vertex -214.85476626267771 11.88167762756349 13.80000019073487
   vertex -214.45025576463084 11.58778572082521 13.80000019073487
   vertex -214.34834660401685 11.70710682868958 13.80000019073487
  endloop
 endfacet
 facet normal 0.00000000000000 -0.00000000000000 1.00000000000000
  outer loop
   vertex -214.59229720940928 11.30901765823366 13.80000019073487
   vertex -214.53224552979808 11.45399093627931 13.80000019073487
   vertex -214.97774924149854 11.68098592758180 13.80000019073487
  endloop
 endfacet
 facet normal 0.00000000000000 0.00000000000000 1.00000000000000
  outer loop
   vertex -214.64124001374586 -11.00000023841859 13.80000019073487
   vertex -215.14124120583875 -11.00000023841859 13.80000019073487
   vertex -215.12277115693433 -11.23465180397035 13.80000019073487
  endloop
 endfacet
 facet normal 0.00000000000000 0.00000000000000 1.00000000000000
  outer loop
   vertex -215.12277115693433 -11.23465180397035 13.80000019073487
   vertex -215.06782306542738 -11.46352601051332 13.80000019073487
   vertex -214.59229720940928 -11.30901741981507 13.80000019073487
  endloop
 endfacet
 facet normal 0.00000000000000 0.00000000000000 1.00000000000000
  outer loop
   vertex -214.53224552979808 -11.45399117469789 13.80000019073487
   vertex -214.97774924149854 -11.68098473548890 13.80000019073487
   vertex -214.85476626267771 -11.88167786598207 13.80000019073487
  endloop
 endfacet
 facet normal 0.00000000000000 0.00000000000000 1.00000000000000
  outer loop
   vertex -214.22902549615247 -11.80901551246644 13.80000019073487
   vertex -214.34834660401685 -11.70710587501527 13.80000019073487
   vertex -214.70189894547804 -12.06065964698793 13.80000019073487
  endloop
 endfacet
 facet normal 0.00000000000000 0.00000000000000 1.00000000000000
  outer loop
   vertex -213.64124001374589 -12.00000023841859 13.80000019073487
   vertex -213.79767407288892 -11.98768830299379 13.80000019073487
   vertex -213.87589038720475 -12.48153138160707 13.80000019073487
  endloop
 endfacet
 facet normal 0.00000000000000 0.00000000000000 1.00000000000000
  outer loop
   vertex -150.88725127091746 -11.89100670814515 13.80000019073487
   vertex -150.66025389542918 -12.33650994300843 13.80000019073487
   vertex -150.45956267228465 -12.21352601051332 13.80000019073487
  endloop
 endfacet
 facet normal 0.00000000000000 0.00000000000000 1.00000000000000
  outer loop
   vertex -213.79767407288892 11.98768830299379 13.80000019073487
   vertex -213.87589038720475 12.48153233528138 13.80000019073487
   vertex -214.10476483216624 12.42658519744874 13.80000019073487
  endloop
 endfacet
 facet normal 0.00000000000000 0.00000000000000 1.00000000000000
  outer loop
   vertex -214.32222498765333 12.33651041984560 13.80000019073487
   vertex -214.09523166528089 11.89100670814515 13.80000019073487
   vertex -213.95025838723527 11.95105648040773 13.80000019073487
  endloop
 endfacet
 facet normal 0.00000000000000 0.00000000000000 1.00000000000000
  outer loop
   vertex -214.22902549615245 11.80901670455933 13.80000019073487
   vertex -214.52291740289073 12.21352553367615 13.80000019073487
   vertex -214.70189894547804 12.06066012382508 13.80000019073487
  endloop
 endfacet
 facet normal 0.00000000000000 -0.00000000000000 1.00000000000000
  outer loop
   vertex -214.53224552979808 11.45399093627931 13.80000019073487
   vertex -214.45025576463084 11.58778572082521 13.80000019073487
   vertex -214.85476626267771 11.88167762756349 13.80000019073487
  endloop
 endfacet
 facet normal -0.00000000000000 0.00000000000000 1.00000000000000
  outer loop
   vertex -215.12277115693433 11.23465156555177 13.80000019073487
   vertex -214.62892807832105 11.15643429756166 13.80000019073487
   vertex -214.59229720940928 11.30901765823366 13.80000019073487
  endloop
 endfacet
 facet normal 0.00000000000000 0.00000000000000 1.00000000000000
  outer loop
   vertex -214.59229720940928 -11.30901741981507 13.80000019073487
   vertex -214.62892807832105 -11.15643334388734 13.80000019073487
   vertex -215.12277115693433 -11.23465180397035 13.80000019073487
  endloop
 endfacet
 facet normal 0.00000000000000 0.00000000000000 1.00000000000000
  outer loop
   vertex -214.45025576463084 -11.58778595924379 13.80000019073487
   vertex -214.85476626267771 -11.88167786598207 13.80000019073487
   vertex -214.70189894547804 -12.06065964698793 13.80000019073487
  endloop
 endfacet
 facet normal 0.00000000000000 0.00000000000000 1.00000000000000
  outer loop
   vertex -151.03221739640574 -11.95105576515199 13.80000019073487
   vertex -150.87771452775340 -12.42658448219300 13.80000019073487
   vertex -150.66025389542918 -12.33650994300843 13.80000019073487
  endloop
 endfacet
 facet normal 0.00000000000000 0.00000000000000 1.00000000000000
  outer loop
   vertex -150.66025389542918 12.33651041984560 13.80000019073487
   vertex -150.88725127091746 11.89100670814515 13.80000019073487
   vertex -150.75345457902293 11.80901670455933 13.80000019073487
  endloop
 endfacet
 facet normal 0.00000000000000 0.00000000000000 1.00000000000000
  outer loop
   vertex -150.66025389542918 12.33651041984560 13.80000019073487
   vertex -150.87771452775340 12.42658519744874 13.80000019073487
   vertex -151.03221739640574 11.95105648040773 13.80000019073487
  endloop
 endfacet
 facet normal 0.00000000000000 0.00000000000000 1.00000000000000
  outer loop
   vertex -213.95025838723527 11.95105648040773 13.80000019073487
   vertex -214.10476483216624 12.42658519744874 13.80000019073487
   vertex -214.32222498765333 12.33651041984560 13.80000019073487
  endloop
 endfacet
 facet normal 0.00000000000000 0.00000000000000 1.00000000000000
  outer loop
   vertex -214.34834660401685 11.70710682868958 13.80000019073487
   vertex -214.70189894547804 12.06066012382508 13.80000019073487
   vertex -214.85476626267771 11.88167762756349 13.80000019073487
  endloop
 endfacet
 facet normal 0.00000000000000 -0.00000000000000 1.00000000000000
  outer loop
   vertex -214.64124001374586 11.00000023841859 13.80000019073487
   vertex -214.62892807832105 11.15643429756166 13.80000019073487
   vertex -215.12277115693433 11.23465156555177 13.80000019073487
  endloop
 endfacet
 facet normal 0.00000000000000 0.00000000000000 1.00000000000000
  outer loop
   vertex -214.09523166528089 -11.89100670814515 13.80000019073487
   vertex -214.32222498765333 -12.33650994300843 13.80000019073487
   vertex -214.10476483216624 -12.42658448219300 13.80000019073487
  endloop
 endfacet
 facet normal 0.00000000000000 0.00000000000000 1.00000000000000
  outer loop
   vertex -150.45956267228465 12.21352553367615 13.80000019073487
   vertex -150.75345457902293 11.80901670455933 13.80000019073487
   vertex -150.63413084855421 11.70710682868958 13.80000019073487
  endloop
 endfacet
 facet normal -0.00000000000000 0.00000000000000 1.00000000000000
  outer loop
   vertex -151.03221739640574 11.95105648040773 13.80000019073487
   vertex -150.88725127091746 11.89100670814515 13.80000019073487
   vertex -150.66025389542918 12.33651041984560 13.80000019073487
  endloop
 endfacet
 facet normal 0.00000000000000 0.00000000000000 1.00000000000000
  outer loop
   vertex -214.09523166528089 11.89100670814515 13.80000019073487
   vertex -214.32222498765333 12.33651041984560 13.80000019073487
   vertex -214.52291740289073 12.21352553367615 13.80000019073487
  endloop
 endfacet
 facet normal 0.00000000000000 0.00000000000000 1.00000000000000
  outer loop
   vertex -214.59229720940928 -11.30901741981507 13.80000019073487
   vertex -215.06782306542738 -11.46352601051332 13.80000019073487
   vertex -214.97774924149854 -11.68098473548890 13.80000019073487
  endloop
 endfacet
 facet normal 0.00000000000000 0.00000000000000 1.00000000000000
  outer loop
   vertex -150.12771452775340 -11.88167786598207 13.80000019073487
   vertex -150.53222502580027 -11.58778595924379 13.80000019073487
   vertex -150.63413084855421 -11.70710587501527 13.80000019073487
  endloop
 endfacet
 facet normal 0.00000000000000 -0.00000000000000 1.00000000000000
  outer loop
   vertex -150.12771452775340 -11.88167786598207 13.80000019073487
   vertex -150.00472868790962 -11.68098473548890 13.80000019073487
   vertex -150.45023192277293 -11.45399117469789 13.80000019073487
  endloop
 endfacet
 facet normal 0.00000000000000 0.00000000000000 1.00000000000000
  outer loop
   vertex -150.12771452775340 11.88167762756349 13.80000019073487
   vertex -150.53222502580027 11.58778572082521 13.80000019073487
   vertex -150.45023192277293 11.45399093627931 13.80000019073487
  endloop
 endfacet
 facet normal 0.00000000000000 0.00000000000000 1.00000000000000
  outer loop
   vertex -150.12771452775340 11.88167762756349 13.80000019073487
   vertex -150.28057707658152 12.06066012382508 13.80000019073487
   vertex -150.63413084855421 11.70710682868958 13.80000019073487
  endloop
 endfacet
 facet normal 0.00000000000000 0.00000000000000 1.00000000000000
  outer loop
   vertex -150.75345457902293 11.80901670455933 13.80000019073487
   vertex -150.45956267228465 12.21352553367615 13.80000019073487
   vertex -150.66025389542918 12.33651041984560 13.80000019073487
  endloop
 endfacet
 facet normal 0.00000000000000 0.00000000000000 1.00000000000000
  outer loop
   vertex -214.59229720940928 11.30901765823366 13.80000019073487
   vertex -215.06782306542738 11.46352577209474 13.80000019073487
   vertex -215.12277115693433 11.23465156555177 13.80000019073487
  endloop
 endfacet
 facet normal 0.00000000000000 0.00000000000000 1.00000000000000
  outer loop
   vertex -150.45023192277293 -11.45399117469789 13.80000019073487
   vertex -150.53222502580027 -11.58778595924379 13.80000019073487
   vertex -150.12771452775340 -11.88167786598207 13.80000019073487
  endloop
 endfacet
 facet normal 0.00000000000000 -0.00000000000000 1.00000000000000
  outer loop
   vertex -150.00472868790962 -11.68098473548890 13.80000019073487
   vertex -149.91465605607371 -11.46352601051332 13.80000019073487
   vertex -150.39018095841746 -11.30901741981507 13.80000019073487
  endloop
 endfacet
 facet normal 0.00000000000000 -0.00000000000000 1.00000000000000
  outer loop
   vertex -149.85970915665965 -11.23465180397035 13.80000019073487
   vertex -149.84123839249949 -11.00000023841859 13.80000019073487
   vertex -150.34123839249949 -11.00000023841859 13.80000019073487
  endloop
 endfacet
 facet normal 0.00000000000000 0.00000000000000 1.00000000000000
  outer loop
   vertex -150.34123839249949 11.00000023841859 13.80000019073487
   vertex -150.34123839249949 -11.00000023841859 13.80000019073487
   vertex -149.84123839249949 -11.00000023841859 13.80000019073487
  endloop
 endfacet
 facet normal 0.00000000000000 0.00000000000000 1.00000000000000
  outer loop
   vertex -149.85970915665965 11.23465156555177 13.80000019073487
   vertex -150.35355223527293 11.15643429756166 13.80000019073487
   vertex -150.34123839249949 11.00000023841859 13.80000019073487
  endloop
 endfacet
 facet normal 0.00000000000000 0.00000000000000 1.00000000000000
  outer loop
   vertex -149.85970915665965 11.23465156555177 13.80000019073487
   vertex -149.91465605607371 11.46352577209474 13.80000019073487
   vertex -150.39018095841746 11.30901765823366 13.80000019073487
  endloop
 endfacet
 facet normal 0.00000000000000 0.00000000000000 1.00000000000000
  outer loop
   vertex -150.00472868790962 11.68098592758180 13.80000019073487
   vertex -150.45023192277293 11.45399093627931 13.80000019073487
   vertex -150.39018095841746 11.30901765823366 13.80000019073487
  endloop
 endfacet
 facet normal -0.00000000000000 0.00000000000000 1.00000000000000
  outer loop
   vertex -150.63413084855421 11.70710682868958 13.80000019073487
   vertex -150.53222502580027 11.58778572082521 13.80000019073487
   vertex -150.12771452775340 11.88167762756349 13.80000019073487
  endloop
 endfacet
 facet normal 0.00000000000000 -0.00000000000000 1.00000000000000
  outer loop
   vertex -151.03221739640574 11.95105648040773 13.80000019073487
   vertex -150.87771452775340 12.42658519744874 13.80000019073487
   vertex -151.10658873429637 12.48153233528138 13.80000019073487
  endloop
 endfacet
 facet normal 0.00000000000000 0.00000000000000 1.00000000000000
  outer loop
   vertex -150.39018095841746 -11.30901741981507 13.80000019073487
   vertex -150.45023192277293 -11.45399117469789 13.80000019073487
   vertex -150.00472868790962 -11.68098473548890 13.80000019073487
  endloop
 endfacet
 facet normal 0.00000000000000 0.00000000000000 1.00000000000000
  outer loop
   vertex -149.85970915665965 -11.23465180397035 13.80000019073487
   vertex -150.35355223527293 -11.15643334388734 13.80000019073487
   vertex -150.39018095841746 -11.30901741981507 13.80000019073487
  endloop
 endfacet
 facet normal 0.00000000000000 -0.00000000000000 1.00000000000000
  outer loop
   vertex -149.84123839249949 -11.00000023841859 13.80000019073487
   vertex -149.84123839249949 11.00000023841859 13.80000019073487
   vertex -150.34123839249949 11.00000023841859 13.80000019073487
  endloop
 endfacet
 facet normal 0.00000000000000 0.00000000000000 1.00000000000000
  outer loop
   vertex -150.39018095841746 11.30901765823366 13.80000019073487
   vertex -150.35355223527293 11.15643429756166 13.80000019073487
   vertex -149.85970915665965 11.23465156555177 13.80000019073487
  endloop
 endfacet
 facet normal 0.00000000000000 0.00000000000000 1.00000000000000
  outer loop
   vertex -150.45023192277293 11.45399093627931 13.80000019073487
   vertex -150.00472868790962 11.68098592758180 13.80000019073487
   vertex -150.12771452775340 11.88167762756349 13.80000019073487
  endloop
 endfacet
 facet normal 0.00000000000000 0.00000000000000 1.00000000000000
  outer loop
   vertex -150.63413084855421 -11.70710587501527 13.80000019073487
   vertex -150.28057707658152 -12.06065964698793 13.80000019073487
   vertex -150.12771452775340 -11.88167786598207 13.80000019073487
  endloop
 endfacet
 facet normal 0.00000000000000 0.00000000000000 1.00000000000000
  outer loop
   vertex -150.34123839249949 -11.00000023841859 13.80000019073487
   vertex -150.35355223527293 -11.15643334388734 13.80000019073487
   vertex -149.85970915665965 -11.23465180397035 13.80000019073487
  endloop
 endfacet
 facet normal 0.00000000000000 0.00000000000000 1.00000000000000
  outer loop
   vertex -150.39018095841746 11.30901765823366 13.80000019073487
   vertex -149.91465605607371 11.46352577209474 13.80000019073487
   vertex -150.00472868790962 11.68098592758180 13.80000019073487
  endloop
 endfacet
 facet normal -0.00000000000000 0.00000000000000 1.00000000000000
  outer loop
   vertex -150.39018095841746 -11.30901741981507 13.80000019073487
   vertex -149.91465605607371 -11.46352601051332 13.80000019073487
   vertex -149.85970915665965 -11.23465180397035 13.80000019073487
  endloop
 endfacet
 facet normal 0.00000000000000 0.00000000000000 1.00000000000000
  outer loop
   vertex -150.63413084855421 11.70710682868958 13.80000019073487
   vertex -150.28057707658152 12.06066012382508 13.80000019073487
   vertex -150.45956267228465 12.21352553367615 13.80000019073487
  endloop
 endfacet
 facet normal 0.00000000000000 0.00000000000000 1.00000000000000
  outer loop
   vertex -150.34123839249949 11.00000023841859 13.80000019073487
   vertex -149.84123839249949 11.00000023841859 13.80000019073487
   vertex -149.85970915665965 11.23465156555177 13.80000019073487
  endloop
 endfacet
 facet normal -0.00000000000000 0.00000000000000 1.00000000000000
  outer loop
   vertex -214.18875898232801 -14.45690941810609 15.50000000000001
   vertex -213.64124001374589 -14.50000023841859 15.50000000000001
   vertex -213.64124001374589 -12.50000023841859 15.50000000000001
  endloop
 endfacet
 facet normal 0.00000000000000 0.00000000000000 1.00000000000000
  outer loop
   vertex -151.34123839249949 -12.50000023841859 15.50000000000001
   vertex -213.64124001374589 -12.50000023841859 15.50000000000001
   vertex -213.64124001374589 -14.50000023841859 15.50000000000001
  endloop
 endfacet
 facet normal 0.00000000000000 0.00000000000000 1.00000000000000
  outer loop
   vertex -151.34123839249949 14.49999976158143 15.50000000000001
   vertex -213.64124001374589 14.49999976158143 15.50000000000001
   vertex -213.64124001374589 12.50000035762788 15.50000000000001
  endloop
 endfacet
 facet normal 0.00000000000000 0.00000000000000 1.00000000000000
  outer loop
   vertex -214.18875898232801 14.45690932869912 15.50000000000001
   vertex -213.87589038720475 12.48153233528138 15.50000000000001
   vertex -213.64124001374589 12.50000035762788 15.50000000000001
  endloop
 endfacet
 facet normal 0.00000000000000 0.00000000000000 1.00000000000000
  outer loop
   vertex -217.14124144425733 11.00000023841859 15.50000000000001
   vertex -217.14124144425733 -11.00000023841859 15.50000000000001
   vertex -215.14124120583875 -11.00000023841859 15.50000000000001
  endloop
 endfacet
 facet normal 0.00000000000000 0.00000000000000 1.00000000000000
  outer loop
   vertex -217.09814728608475 -11.54751992225648 15.50000000000001
   vertex -215.12277115693433 -11.23465180397035 15.50000000000001
   vertex -215.14124120583875 -11.00000023841859 15.50000000000001
  endloop
 endfacet
 facet normal 0.00000000000000 0.00000000000000 1.00000000000000
  outer loop
   vertex -213.64124001374589 -14.50000023841859 15.50000000000001
   vertex -151.34123839249949 -14.50000023841859 15.50000000000001
   vertex -151.34123839249949 -12.50000023841859 15.50000000000001
  endloop
 endfacet
 facet normal 0.00000000000000 0.00000000000000 1.00000000000000
  outer loop
   vertex -150.79372252335884 -14.45690941810609 15.50000000000001
   vertex -151.10658873429637 -12.48153138160707 15.50000000000001
   vertex -151.34123839249949 -12.50000023841859 15.50000000000001
  endloop
 endfacet
 facet normal 0.00000000000000 0.00000000000000 1.00000000000000
  outer loop
   vertex -150.79372252335884 14.45690932869912 15.50000000000001
   vertex -151.34123839249949 14.49999976158143 15.50000000000001
   vertex -151.34123839249949 12.50000035762788 15.50000000000001
  endloop
 endfacet
 facet normal 0.00000000000000 -0.00000000000000 1.00000000000000
  outer loop
   vertex -213.64124001374589 12.50000035762788 15.50000000000001
   vertex -213.64124001374589 14.49999976158143 15.50000000000001
   vertex -214.18875898232801 14.45690932869912 15.50000000000001
  endloop
 endfacet
 facet normal 0.00000000000000 0.00000000000000 1.00000000000000
  outer loop
   vertex -217.09814728608475 11.54752087593080 15.50000000000001
   vertex -217.14124144425733 11.00000023841859 15.50000000000001
   vertex -215.14124120583875 11.00000023841859 15.50000000000001
  endloop
 endfacet
 facet normal 0.00000000000000 0.00000000000000 1.00000000000000
  outer loop
   vertex -215.14124120583875 -11.00000023841859 15.50000000000001
   vertex -217.14124144425733 -11.00000023841859 15.50000000000001
   vertex -217.09814728608475 -11.54751992225648 15.50000000000001
  endloop
 endfacet
 facet normal 0.00000000000000 0.00000000000000 1.00000000000000
  outer loop
   vertex -151.34123839249949 -12.50000023841859 15.50000000000001
   vertex -151.34123839249949 -14.50000023841859 15.50000000000001
   vertex -150.79372252335884 -14.45690941810609 15.50000000000001
  endloop
 endfacet
 facet normal 0.00000000000000 -0.00000000000000 1.00000000000000
  outer loop
   vertex -150.79372252335884 -14.45690941810609 15.50000000000001
   vertex -150.25968016496043 -14.32869744300843 15.50000000000001
   vertex -150.87771452775340 -12.42658448219300 15.50000000000001
  endloop
 endfacet
 facet normal 0.00000000000000 0.00000000000000 1.00000000000000
  outer loop
   vertex -150.79372252335884 14.45690932869912 15.50000000000001
   vertex -151.10658873429637 12.48153233528138 15.50000000000001
   vertex -150.87771452775340 12.42658519744874 15.50000000000001
  endloop
 endfacet
 facet normal 0.00000000000000 0.00000000000000 1.00000000000000
  outer loop
   vertex -213.64124001374589 12.50000035762788 15.50000000000001
   vertex -151.34123839249949 12.50000035762788 15.50000000000001
   vertex -151.34123839249949 14.49999976158143 15.50000000000001
  endloop
 endfacet
 facet normal 0.00000000000000 0.00000000000000 1.00000000000000
  outer loop
   vertex -216.11611236443861 13.47487437725068 15.50000000000001
   vertex -214.70189894547804 12.06066012382508 15.50000000000001
   vertex -214.52291740289073 12.21352553367616 15.50000000000001
  endloop
 endfacet
 facet normal 0.00000000000000 0.00000000000000 1.00000000000000
  outer loop
   vertex -216.11611236443861 13.47487437725068 15.50000000000001
   vertex -216.47279770484312 13.05724883079530 15.50000000000001
   vertex -214.85476626267771 11.88167762756349 15.50000000000001
  endloop
 endfacet
 facet normal 0.00000000000000 0.00000000000000 1.00000000000000
  outer loop
   vertex -216.96993769517289 12.08155989646913 15.50000000000001
   vertex -217.09814728608475 11.54752087593080 15.50000000000001
   vertex -215.12277115693428 11.23465156555177 15.50000000000001
  endloop
 endfacet
 facet normal 0.00000000000000 -0.00000000000000 1.00000000000000
  outer loop
   vertex -215.14124120583875 -11.00000023841859 15.50000000000001
   vertex -215.14124120583875 11.00000023841859 15.50000000000001
   vertex -217.14124144425733 11.00000023841859 15.50000000000001
  endloop
 endfacet
 facet normal 0.00000000000000 0.00000000000000 1.00000000000000
  outer loop
   vertex -214.18875898232801 -14.45690941810609 15.50000000000001
   vertex -213.87589038720475 -12.48153138160706 15.50000000000001
   vertex -214.10476483216624 -12.42658448219300 15.50000000000001
  endloop
 endfacet
 facet normal 0.00000000000000 0.00000000000000 1.00000000000000
  outer loop
   vertex -150.87771452775340 -12.42658448219300 15.50000000000001
   vertex -151.10658873429637 -12.48153138160707 15.50000000000001
   vertex -150.79372252335884 -14.45690941810609 15.50000000000001
  endloop
 endfacet
 facet normal -0.00000000000000 0.00000000000000 1.00000000000000
  outer loop
   vertex -151.34123839249949 12.50000035762788 15.50000000000001
   vertex -151.10658873429637 12.48153233528138 15.50000000000001
   vertex -150.79372252335884 14.45690932869912 15.50000000000001
  endloop
 endfacet
 facet normal 0.00000000000000 0.00000000000000 1.00000000000000
  outer loop
   vertex -214.18875898232801 14.45690932869912 15.50000000000001
   vertex -214.72279776444776 14.32869787514211 15.50000000000001
   vertex -214.10476483216624 12.42658519744874 15.50000000000001
  endloop
 endfacet
 facet normal 0.00000000000000 0.00000000000000 1.00000000000000
  outer loop
   vertex -215.69848860612257 13.83155977725984 15.50000000000001
   vertex -214.52291740289073 12.21352553367616 15.50000000000001
   vertex -214.32222498765333 12.33651041984559 15.50000000000001
  endloop
 endfacet
 facet normal 0.00000000000000 -0.00000000000000 1.00000000000000
  outer loop
   vertex -214.85476626267771 11.88167762756349 15.50000000000001
   vertex -214.70189894547804 12.06066012382508 15.50000000000001
   vertex -216.11611236443861 13.47487437725068 15.50000000000001
  endloop
 endfacet
 facet normal 0.00000000000000 -0.00000000000000 1.00000000000000
  outer loop
   vertex -215.14124120583875 11.00000023841859 15.50000000000001
   vertex -215.12277115693428 11.23465156555177 15.50000000000001
   vertex -217.09814728608475 11.54752087593080 15.50000000000001
  endloop
 endfacet
 facet normal 0.00000000000000 0.00000000000000 1.00000000000000
  outer loop
   vertex -216.96993769517289 -12.08156037330629 15.50000000000001
   vertex -215.06782306542738 -11.46352601051332 15.50000000000001
   vertex -215.12277115693433 -11.23465180397035 15.50000000000001
  endloop
 endfacet
 facet normal 0.00000000000000 0.00000000000000 1.00000000000000
  outer loop
   vertex -215.23020471444471 -14.11852288246156 15.50000000000001
   vertex -214.32222498765333 -12.33650994300843 15.50000000000001
   vertex -214.52291740289073 -12.21352601051332 15.50000000000001
  endloop
 endfacet
 facet normal 0.00000000000000 0.00000000000000 1.00000000000000
  outer loop
   vertex -214.72279776444776 -14.32869744300843 15.50000000000001
   vertex -214.10476483216624 -12.42658448219300 15.50000000000001
   vertex -214.32222498765333 -12.33650994300843 15.50000000000001
  endloop
 endfacet
 facet normal 0.00000000000000 0.00000000000000 1.00000000000000
  outer loop
   vertex -213.64124001374589 -12.50000023841859 15.50000000000001
   vertex -213.87589038720475 -12.48153138160706 15.50000000000001
   vertex -214.18875898232801 -14.45690941810609 15.50000000000001
  endloop
 endfacet
 facet normal 0.00000000000000 -0.00000000000000 1.00000000000000
  outer loop
   vertex -150.25968016496043 -14.32869744300843 15.50000000000001
   vertex -149.75227202287059 -14.11852288246156 15.50000000000001
   vertex -150.66025389542918 -12.33650994300843 15.50000000000001
  endloop
 endfacet
 facet normal 0.00000000000000 -0.00000000000000 1.00000000000000
  outer loop
   vertex -147.88432921281199 -11.54751992225648 15.50000000000001
   vertex -147.84123839249949 -11.00000023841859 15.50000000000001
   vertex -149.84123839249949 -11.00000023841859 15.50000000000001
  endloop
 endfacet
 facet normal 0.00000000000000 0.00000000000000 1.00000000000000
  outer loop
   vertex -149.84123839249949 11.00000023841859 15.50000000000001
   vertex -149.84123839249949 -11.00000023841859 15.50000000000001
   vertex -147.84123839249949 -11.00000023841859 15.50000000000001
  endloop
 endfacet
 facet normal 0.00000000000000 0.00000000000000 1.00000000000000
  outer loop
   vertex -150.25968016496043 14.32869787514211 15.50000000000001
   vertex -150.87771452775340 12.42658519744874 15.50000000000001
   vertex -150.66025389542918 12.33651041984559 15.50000000000001
  endloop
 endfacet
 facet normal 0.00000000000000 -0.00000000000000 1.00000000000000
  outer loop
   vertex -214.10476483216624 12.42658519744874 15.50000000000001
   vertex -213.87589038720475 12.48153233528138 15.50000000000001
   vertex -214.18875898232801 14.45690932869912 15.50000000000001
  endloop
 endfacet
 facet normal 0.00000000000000 0.00000000000000 1.00000000000000
  outer loop
   vertex -214.72279776444776 14.32869787514211 15.50000000000001
   vertex -215.23020471444471 14.11852258443833 15.50000000000001
   vertex -214.32222498765333 12.33651041984559 15.50000000000001
  endloop
 endfacet
 facet normal 0.00000000000000 0.00000000000000 1.00000000000000
  outer loop
   vertex -214.52291740289073 12.21352553367616 15.50000000000001
   vertex -215.69848860612257 13.83155977725984 15.50000000000001
   vertex -216.11611236443861 13.47487437725068 15.50000000000001
  endloop
 endfacet
 facet normal 0.00000000000000 0.00000000000000 1.00000000000000
  outer loop
   vertex -216.96993769517289 12.08155989646913 15.50000000000001
   vertex -215.06782306542738 11.46352577209474 15.50000000000001
   vertex -214.97774924149851 11.68098592758180 15.50000000000001
  endloop
 endfacet
 facet normal 0.00000000000000 0.00000000000000 1.00000000000000
  outer loop
   vertex -215.12277115693433 -11.23465180397035 15.50000000000001
   vertex -217.09814728608475 -11.54751992225648 15.50000000000001
   vertex -216.96993769517289 -12.08156037330629 15.50000000000001
  endloop
 endfacet
 facet normal -0.00000000000000 0.00000000000000 1.00000000000000
  outer loop
   vertex -216.96993769517289 -12.08156037330629 15.50000000000001
   vertex -216.75976426711424 -12.58896660804750 15.50000000000001
   vertex -214.97774924149851 -11.68098473548890 15.50000000000001
  endloop
 endfacet
 facet normal -0.00000000000000 0.00000000000000 1.00000000000000
  outer loop
   vertex -216.75976426711424 -12.58896660804750 15.50000000000001
   vertex -216.47279770484312 -13.05724930763246 15.50000000000001
   vertex -214.85476626267771 -11.88167786598207 15.50000000000001
  endloop
 endfacet
 facet normal 0.00000000000000 0.00000000000000 1.00000000000000
  outer loop
   vertex -214.32222498765333 -12.33650994300843 15.50000000000001
   vertex -215.23020471444471 -14.11852288246156 15.50000000000001
   vertex -214.72279776444776 -14.32869744300843 15.50000000000001
  endloop
 endfacet
 facet normal 0.00000000000000 0.00000000000000 1.00000000000000
  outer loop
   vertex -150.66025389542918 -12.33650994300843 15.50000000000001
   vertex -150.87771452775340 -12.42658448219300 15.50000000000001
   vertex -150.25968016496043 -14.32869744300843 15.50000000000001
  endloop
 endfacet
 facet normal 0.00000000000000 -0.00000000000000 1.00000000000000
  outer loop
   vertex -149.75227202287059 -14.11852288246156 15.50000000000001
   vertex -149.28398741593699 -13.83155846595765 15.50000000000001
   vertex -150.45956267228465 -12.21352601051332 15.50000000000001
  endloop
 endfacet
 facet normal 0.00000000000000 -0.00000000000000 1.00000000000000
  outer loop
   vertex -149.28398741593699 -13.83155846595765 15.50000000000001
   vertex -148.86636961808543 -13.47487473487855 15.50000000000001
   vertex -150.28057707658152 -12.06065964698793 15.50000000000001
  endloop
 endfacet
 facet normal 0.00000000000000 0.00000000000000 1.00000000000000
  outer loop
   vertex -147.88432921281199 -11.54751992225648 15.50000000000001
   vertex -149.85970915665965 -11.23465180397035 15.50000000000001
   vertex -149.91465605607371 -11.46352601051332 15.50000000000001
  endloop
 endfacet
 facet normal 0.00000000000000 -0.00000000000000 1.00000000000000
  outer loop
   vertex -147.84123839249949 -11.00000023841859 15.50000000000001
   vertex -147.84123839249949 11.00000023841859 15.50000000000001
   vertex -149.84123839249949 11.00000023841859 15.50000000000001
  endloop
 endfacet
 facet normal 0.00000000000000 0.00000000000000 1.00000000000000
  outer loop
   vertex -149.28398741593699 13.83155977725984 15.50000000000001
   vertex -150.45956267228465 12.21352553367616 15.50000000000001
   vertex -150.28057707658152 12.06066012382508 15.50000000000001
  endloop
 endfacet
 facet normal 0.00000000000000 0.00000000000000 1.00000000000000
  outer loop
   vertex -149.28398741593699 13.83155977725984 15.50000000000001
   vertex -149.75227202287059 14.11852258443833 15.50000000000001
   vertex -150.66025389542918 12.33651041984559 15.50000000000001
  endloop
 endfacet
 facet normal 0.00000000000000 0.00000000000000 1.00000000000000
  outer loop
   vertex -150.87771452775340 12.42658519744874 15.50000000000001
   vertex -150.25968016496043 14.32869787514211 15.50000000000001
   vertex -150.79372252335884 14.45690932869912 15.50000000000001
  endloop
 endfacet
 facet normal 0.00000000000000 0.00000000000000 1.00000000000000
  outer loop
   vertex -214.32222498765333 12.33651041984559 15.50000000000001
   vertex -215.23020471444471 14.11852258443833 15.50000000000001
   vertex -215.69848860612257 13.83155977725984 15.50000000000001
  endloop
 endfacet
 facet normal 0.00000000000000 -0.00000000000000 1.00000000000000
  outer loop
   vertex -215.12277115693428 11.23465156555177 15.50000000000001
   vertex -215.06782306542738 11.46352577209474 15.50000000000001
   vertex -216.96993769517289 12.08155989646913 15.50000000000001
  endloop
 endfacet
 facet normal 0.00000000000000 0.00000000000000 1.00000000000000
  outer loop
   vertex -214.85476626267771 -11.88167786598207 15.50000000000001
   vertex -214.97774924149851 -11.68098473548890 15.50000000000001
   vertex -216.75976426711424 -12.58896660804750 15.50000000000001
  endloop
 endfacet
 facet normal 0.00000000000000 0.00000000000000 1.00000000000000
  outer loop
   vertex -216.11611236443861 -13.47487473487855 15.50000000000001
   vertex -214.70189894547804 -12.06065964698793 15.50000000000001
   vertex -214.85476626267771 -11.88167786598207 15.50000000000001
  endloop
 endfacet
 facet normal -0.00000000000000 0.00000000000000 1.00000000000000
  outer loop
   vertex -216.11611236443861 -13.47487473487855 15.50000000000001
   vertex -215.69848860612257 -13.83155846595765 15.50000000000001
   vertex -214.52291740289073 -12.21352601051332 15.50000000000001
  endloop
 endfacet
 facet normal 0.00000000000000 0.00000000000000 1.00000000000000
  outer loop
   vertex -214.10476483216624 -12.42658448219300 15.50000000000001
   vertex -214.72279776444776 -14.32869744300843 15.50000000000001
   vertex -214.18875898232801 -14.45690941810609 15.50000000000001
  endloop
 endfacet
 facet normal 0.00000000000000 0.00000000000000 1.00000000000000
  outer loop
   vertex -150.28057707658152 -12.06065964698793 15.50000000000001
   vertex -150.45956267228465 -12.21352601051332 15.50000000000001
   vertex -149.28398741593699 -13.83155846595765 15.50000000000001
  endloop
 endfacet
 facet normal 0.00000000000000 0.00000000000000 1.00000000000000
  outer loop
   vertex -148.50968016496043 -13.05724930763246 15.50000000000001
   vertex -150.12771452775340 -11.88167786598207 15.50000000000001
   vertex -150.28057707658152 -12.06065964698793 15.50000000000001
  endloop
 endfacet
 facet normal 0.00000000000000 -0.00000000000000 1.00000000000000
  outer loop
   vertex -148.50968016496043 -13.05724930763246 15.50000000000001
   vertex -148.22271574845649 -12.58896660804750 15.50000000000001
   vertex -150.00472868790962 -11.68098473548890 15.50000000000001
  endloop
 endfacet
 facet normal 0.00000000000000 0.00000000000000 1.00000000000000
  outer loop
   vertex -148.01254118790965 -12.08156037330629 15.50000000000001
   vertex -149.91465605607371 -11.46352601051332 15.50000000000001
   vertex -150.00472868790962 -11.68098473548890 15.50000000000001
  endloop
 endfacet
 facet normal 0.00000000000000 0.00000000000000 1.00000000000000
  outer loop
   vertex -149.84123839249949 -11.00000023841859 15.50000000000001
   vertex -149.85970915665965 -11.23465180397035 15.50000000000001
   vertex -147.88432921281199 -11.54751992225648 15.50000000000001
  endloop
 endfacet
 facet normal 0.00000000000000 0.00000000000000 1.00000000000000
  outer loop
   vertex -147.88432921281199 11.54752087593080 15.50000000000001
   vertex -149.85970915665965 11.23465156555177 15.50000000000001
   vertex -149.84123839249949 11.00000023841859 15.50000000000001
  endloop
 endfacet
 facet normal 0.00000000000000 0.00000000000000 1.00000000000000
  outer loop
   vertex -147.88432921281199 11.54752087593080 15.50000000000001
   vertex -148.01254118790965 12.08155989646913 15.50000000000001
   vertex -149.91465605607371 11.46352577209474 15.50000000000001
  endloop
 endfacet
 facet normal -0.00000000000000 0.00000000000000 1.00000000000000
  outer loop
   vertex -150.66025389542918 12.33651041984559 15.50000000000001
   vertex -150.45956267228465 12.21352553367616 15.50000000000001
   vertex -149.28398741593699 13.83155977725984 15.50000000000001
  endloop
 endfacet
 facet normal 0.00000000000000 -0.00000000000000 1.00000000000000
  outer loop
   vertex -214.32222498765333 12.33651041984559 15.50000000000001
   vertex -214.10476483216624 12.42658519744874 15.50000000000001
   vertex -214.72279776444776 14.32869787514211 15.50000000000001
  endloop
 endfacet
 facet normal 0.00000000000000 0.00000000000000 1.00000000000000
  outer loop
   vertex -216.75976426711424 12.58896684646608 15.50000000000001
   vertex -214.97774924149851 11.68098592758180 15.50000000000001
   vertex -214.85476626267771 11.88167762756349 15.50000000000001
  endloop
 endfacet
 facet normal 0.00000000000000 0.00000000000000 1.00000000000000
  outer loop
   vertex -214.97774924149851 -11.68098473548890 15.50000000000001
   vertex -215.06782306542738 -11.46352601051332 15.50000000000001
   vertex -216.96993769517289 -12.08156037330629 15.50000000000001
  endloop
 endfacet
 facet normal 0.00000000000000 0.00000000000000 1.00000000000000
  outer loop
   vertex -214.52291740289073 -12.21352601051332 15.50000000000001
   vertex -214.70189894547804 -12.06065964698793 15.50000000000001
   vertex -216.11611236443861 -13.47487473487855 15.50000000000001
  endloop
 endfacet
 facet normal 0.00000000000000 0.00000000000000 1.00000000000000
  outer loop
   vertex -150.45956267228465 -12.21352601051332 15.50000000000001
   vertex -150.66025389542918 -12.33650994300843 15.50000000000001
   vertex -149.75227202287059 -14.11852288246156 15.50000000000001
  endloop
 endfacet
 facet normal 0.00000000000000 0.00000000000000 1.00000000000000
  outer loop
   vertex -150.00472868790962 -11.68098473548890 15.50000000000001
   vertex -150.12771452775340 -11.88167786598207 15.50000000000001
   vertex -148.50968016496043 -13.05724930763246 15.50000000000001
  endloop
 endfacet
 facet normal 0.00000000000000 0.00000000000000 1.00000000000000
  outer loop
   vertex -149.91465605607371 -11.46352601051332 15.50000000000001
   vertex -148.01254118790965 -12.08156037330629 15.50000000000001
   vertex -147.88432921281199 -11.54751992225648 15.50000000000001
  endloop
 endfacet
 facet normal -0.00000000000000 0.00000000000000 1.00000000000000
  outer loop
   vertex -149.91465605607371 11.46352577209474 15.50000000000001
   vertex -149.85970915665965 11.23465156555177 15.50000000000001
   vertex -147.88432921281199 11.54752087593080 15.50000000000001
  endloop
 endfacet
 facet normal 0.00000000000000 0.00000000000000 1.00000000000000
  outer loop
   vertex -148.01254118790965 12.08155989646913 15.50000000000001
   vertex -148.22271574845649 12.58896684646608 15.50000000000001
   vertex -150.00472868790962 11.68098592758180 15.50000000000001
  endloop
 endfacet
 facet normal 0.00000000000000 0.00000000000000 1.00000000000000
  outer loop
   vertex -148.50968016496043 13.05724883079530 15.50000000000001
   vertex -150.12771452775340 11.88167762756349 15.50000000000001
   vertex -150.00472868790962 11.68098592758180 15.50000000000001
  endloop
 endfacet
 facet normal 0.00000000000000 0.00000000000000 1.00000000000000
  outer loop
   vertex -148.50968016496043 13.05724883079530 15.50000000000001
   vertex -148.86636961808543 13.47487437725068 15.50000000000001
   vertex -150.28057707658152 12.06066012382508 15.50000000000001
  endloop
 endfacet
 facet normal 0.00000000000000 0.00000000000000 1.00000000000000
  outer loop
   vertex -150.66025389542918 12.33651041984559 15.50000000000001
   vertex -149.75227202287059 14.11852258443833 15.50000000000001
   vertex -150.25968016496043 14.32869787514211 15.50000000000001
  endloop
 endfacet
 facet normal 0.00000000000000 0.00000000000000 1.00000000000000
  outer loop
   vertex -214.97774924149851 11.68098592758180 15.50000000000001
   vertex -216.75976426711424 12.58896684646608 15.50000000000001
   vertex -216.96993769517289 12.08155989646913 15.50000000000001
  endloop
 endfacet
 facet normal 0.00000000000000 0.00000000000000 1.00000000000000
  outer loop
   vertex -214.52291740289073 -12.21352601051332 15.50000000000001
   vertex -215.69848860612257 -13.83155846595765 15.50000000000001
   vertex -215.23020471444471 -14.11852288246156 15.50000000000001
  endloop
 endfacet
 facet normal 0.00000000000000 0.00000000000000 1.00000000000000
  outer loop
   vertex -150.00472868790962 -11.68098473548890 15.50000000000001
   vertex -148.22271574845649 -12.58896660804750 15.50000000000001
   vertex -148.01254118790965 -12.08156037330629 15.50000000000001
  endloop
 endfacet
 facet normal -0.00000000000000 0.00000000000000 1.00000000000000
  outer loop
   vertex -150.00472868790962 11.68098592758180 15.50000000000001
   vertex -149.91465605607371 11.46352577209474 15.50000000000001
   vertex -148.01254118790965 12.08155989646913 15.50000000000001
  endloop
 endfacet
 facet normal -0.00000000000000 0.00000000000000 1.00000000000000
  outer loop
   vertex -150.28057707658152 12.06066012382508 15.50000000000001
   vertex -150.12771452775340 11.88167762756349 15.50000000000001
   vertex -148.50968016496043 13.05724883079530 15.50000000000001
  endloop
 endfacet
 facet normal 0.00000000000000 0.00000000000000 1.00000000000000
  outer loop
   vertex -214.85476626267771 11.88167762756349 15.50000000000001
   vertex -216.47279770484312 13.05724883079530 15.50000000000001
   vertex -216.75976426711424 12.58896684646608 15.50000000000001
  endloop
 endfacet
 facet normal 0.00000000000000 0.00000000000000 1.00000000000000
  outer loop
   vertex -150.28057707658152 -12.06065964698793 15.50000000000001
   vertex -148.86636961808543 -13.47487473487855 15.50000000000001
   vertex -148.50968016496043 -13.05724930763246 15.50000000000001
  endloop
 endfacet
 facet normal 0.00000000000000 0.00000000000000 1.00000000000000
  outer loop
   vertex -150.00472868790962 11.68098592758180 15.50000000000001
   vertex -148.22271574845649 12.58896684646608 15.50000000000001
   vertex -148.50968016496043 13.05724883079530 15.50000000000001
  endloop
 endfacet
 facet normal 0.00000000000000 0.00000000000000 1.00000000000000
  outer loop
   vertex -214.85476626267771 -11.88167786598207 15.50000000000001
   vertex -216.47279770484312 -13.05724930763246 15.50000000000001
   vertex -216.11611236443861 -13.47487473487855 15.50000000000001
  endloop
 endfacet
 facet normal 0.00000000000000 0.00000000000000 1.00000000000000
  outer loop
   vertex -150.28057707658152 12.06066012382508 15.50000000000001
   vertex -148.86636961808543 13.47487437725068 15.50000000000001
   vertex -149.28398741593699 13.83155977725984 15.50000000000001
  endloop
 endfacet
 facet normal 0.00000000000000 0.00000000000000 1.00000000000000
  outer loop
   vertex -149.84123839249949 11.00000023841859 15.50000000000001
   vertex -147.84123839249949 11.00000023841859 15.50000000000001
   vertex -147.88432921281199 11.54752087593080 15.50000000000001
  endloop
 endfacet
 facet normal 0.38268282286955 -0.92387978497237 0.00000000000000
  outer loop
   vertex -214.10476483216624 12.42658519744875 15.50000000000001
   vertex -214.32222498765333 12.33651041984558 15.50000000000001
   vertex -214.32222498765333 12.33651041984558 13.80000019073487
  endloop
 endfacet
 facet normal 0.38268282286955 -0.92387978497237 0.00000000000000
  outer loop
   vertex -214.32222498765333 12.33651041984558 13.80000019073487
   vertex -214.10476483216624 12.42658519744875 13.80000019073487
   vertex -214.10476483216624 12.42658519744875 15.50000000000001
  endloop
 endfacet
 facet normal 0.23344233145578 -0.97237064840754 0.00000000000000
  outer loop
   vertex -214.10476483216624 12.42658519744875 15.50000000000001
   vertex -214.10476483216624 12.42658519744875 13.80000019073487
   vertex -213.87589038720475 12.48153233528138 13.80000019073487
  endloop
 endfacet
 facet normal 0.23344233145578 -0.97237064840754 0.00000000000000
  outer loop
   vertex -213.87589038720475 12.48153233528138 13.80000019073487
   vertex -213.87589038720475 12.48153233528138 15.50000000000001
   vertex -214.10476483216624 12.42658519744875 15.50000000000001
  endloop
 endfacet
 facet normal 0.52249984939501 -0.85263937710042 0.00000000000000
  outer loop
   vertex -214.32222498765333 12.33651041984558 15.50000000000001
   vertex -214.52291740289073 12.21352553367616 15.50000000000001
   vertex -214.52291740289073 12.21352553367616 13.80000019073487
  endloop
 endfacet
 facet normal 0.52249984939501 -0.85263937710042 0.00000000000000
  outer loop
   vertex -214.52291740289073 12.21352553367616 13.80000019073487
   vertex -214.32222498765333 12.33651041984558 13.80000019073487
   vertex -214.32222498765333 12.33651041984558 15.50000000000001
  endloop
 endfacet
 facet normal 0.07846178726876 -0.99691712190061 0.00000000000000
  outer loop
   vertex -213.87589038720475 12.48153233528138 15.50000000000001
   vertex -213.87589038720475 12.48153233528138 13.80000019073487
   vertex -213.64124001374589 12.50000035762788 13.80000019073487
  endloop
 endfacet
 facet normal 0.07846178726876 -0.99691712190061 0.00000000000000
  outer loop
   vertex -213.64124001374589 12.50000035762788 13.80000019073487
   vertex -213.64124001374589 12.50000035762788 15.50000000000001
   vertex -213.87589038720475 12.48153233528138 15.50000000000001
  endloop
 endfacet
 facet normal -0.00000000000000 -1.00000000000000 0.00000000000000
  outer loop
   vertex -151.34123839249949 12.50000035762788 15.50000000000001
   vertex -213.64124001374589 12.50000035762788 15.50000000000001
   vertex -213.64124001374589 12.50000035762788 13.80000019073487
  endloop
 endfacet
 facet normal 0.00000000000000 -1.00000000000000 0.00000000000000
  outer loop
   vertex -213.64124001374589 12.50000035762788 13.80000019073487
   vertex -151.34123839249949 12.50000035762788 13.80000019073487
   vertex -151.34123839249949 12.50000035762788 15.50000000000001
  endloop
 endfacet
 facet normal 0.64944984474409 -0.76040443131394 -0.00000000000000
  outer loop
   vertex -214.52291740289073 12.21352553367617 15.50000000000001
   vertex -214.70189894547804 12.06066012382508 15.50000000000001
   vertex -214.70189894547804 12.06066012382508 13.80000019073487
  endloop
 endfacet
 facet normal 0.64944984474409 -0.76040443131394 -0.00000000000000
  outer loop
   vertex -214.70189894547804 12.06066012382508 13.80000019073487
   vertex -214.52291740289073 12.21352553367617 13.80000019073487
   vertex -214.52291740289073 12.21352553367617 15.50000000000001
  endloop
 endfacet
 facet normal 0.76040213845943 -0.64945252930937 0.00000000000000
  outer loop
   vertex -214.70189894547804 12.06066012382508 13.80000019073487
   vertex -214.70189894547804 12.06066012382508 15.50000000000001
   vertex -214.85476626267771 11.88167762756349 15.50000000000001
  endloop
 endfacet
 facet normal 0.76040213845943 -0.64945252930936 0.00000000000000
  outer loop
   vertex -214.85476626267771 11.88167762756349 15.50000000000001
   vertex -214.85476626267771 11.88167762756349 13.80000019073487
   vertex -214.70189894547804 12.06066012382508 13.80000019073487
  endloop
 endfacet
 facet normal -0.07846202496249 -0.99691710319303 -0.00000000000000
  outer loop
   vertex -151.34123839249949 12.50000035762788 15.50000000000001
   vertex -151.34123839249949 12.50000035762788 13.80000019073487
   vertex -151.10658873429637 12.48153233528138 13.80000019073487
  endloop
 endfacet
 facet normal -0.07846202496249 -0.99691710319303 0.00000000000000
  outer loop
   vertex -151.10658873429637 12.48153233528138 13.80000019073487
   vertex -151.10658873429637 12.48153233528138 15.50000000000001
   vertex -151.34123839249949 12.50000035762788 15.50000000000001
  endloop
 endfacet
 facet normal 0.85264215758213 -0.52249531204948 0.00000000000000
  outer loop
   vertex -214.85476626267771 11.88167762756349 13.80000019073487
   vertex -214.85476626267771 11.88167762756349 15.50000000000001
   vertex -214.97774924149854 11.68098592758181 15.50000000000001
  endloop
 endfacet
 facet normal 0.85264215758215 -0.52249531204946 0.00000000000000
  outer loop
   vertex -214.97774924149854 11.68098592758181 15.50000000000001
   vertex -214.97774924149854 11.68098592758180 13.80000019073487
   vertex -214.85476626267771 11.88167762756349 13.80000019073487
  endloop
 endfacet
 facet normal -0.23344256138092 -0.97237059320812 0.00000000000000
  outer loop
   vertex -151.10658873429637 12.48153233528138 13.80000019073487
   vertex -150.87771452775340 12.42658519744874 13.80000019073487
   vertex -150.87771452775340 12.42658519744874 15.50000000000001
  endloop
 endfacet
 facet normal -0.23344256138090 -0.97237059320813 0.00000000000000
  outer loop
   vertex -150.87771452775340 12.42658519744874 15.50000000000001
   vertex -151.10658873429637 12.48153233528138 15.50000000000001
   vertex -151.10658873429637 12.48153233528138 13.80000019073487
  endloop
 endfacet
 facet normal 0.92388121745382 -0.38267936452866 -0.00000000000000
  outer loop
   vertex -215.06782306542738 11.46352577209474 15.50000000000001
   vertex -215.06782306542738 11.46352577209474 13.80000019073487
   vertex -214.97774924149854 11.68098592758180 13.80000019073487
  endloop
 endfacet
 facet normal 0.92388121745382 -0.38267936452864 0.00000000000000
  outer loop
   vertex -214.97774924149854 11.68098592758180 13.80000019073487
   vertex -214.97774924149854 11.68098592758181 15.50000000000001
   vertex -215.06782306542738 11.46352577209474 15.50000000000001
  endloop
 endfacet
 facet normal -0.38268210662791 -0.92388008164849 0.00000000000000
  outer loop
   vertex -150.87771452775340 12.42658519744874 13.80000019073487
   vertex -150.66025389542918 12.33651041984559 13.80000019073487
   vertex -150.66025389542918 12.33651041984560 15.50000000000001
  endloop
 endfacet
 facet normal -0.38268210662791 -0.92388008164849 0.00000000000000
  outer loop
   vertex -150.66025389542918 12.33651041984560 15.50000000000001
   vertex -150.87771452775340 12.42658519744875 15.50000000000001
   vertex -150.87771452775340 12.42658519744874 13.80000019073487
  endloop
 endfacet
 facet normal 0.97236967349992 -0.23344639225668 -0.00000000000000
  outer loop
   vertex -215.06782306542738 11.46352577209474 13.80000019073487
   vertex -215.06782306542738 11.46352577209474 15.50000000000001
   vertex -215.12277115693433 11.23465156555178 15.50000000000001
  endloop
 endfacet
 facet normal 0.97236967349992 -0.23344639225667 0.00000000000000
  outer loop
   vertex -215.12277115693433 11.23465156555178 15.50000000000001
   vertex -215.12277115693433 11.23465156555177 13.80000019073487
   vertex -215.06782306542738 11.46352577209474 13.80000019073487
  endloop
 endfacet
 facet normal -0.52250210569897 -0.85263799442679 0.00000000000000
  outer loop
   vertex -150.45956267228465 12.21352553367616 15.50000000000001
   vertex -150.66025389542918 12.33651041984560 15.50000000000001
   vertex -150.66025389542918 12.33651041984559 13.80000019073487
  endloop
 endfacet
 facet normal -0.52250210569895 -0.85263799442681 0.00000000000000
  outer loop
   vertex -150.66025389542918 12.33651041984559 13.80000019073487
   vertex -150.45956267228465 12.21352553367616 13.80000019073487
   vertex -150.45956267228465 12.21352553367616 15.50000000000001
  endloop
 endfacet
 facet normal 0.99691647334941 -0.07847002717327 0.00000000000000
  outer loop
   vertex -215.14124120583875 11.00000023841859 15.50000000000001
   vertex -215.14124120583875 11.00000023841859 13.80000019073487
   vertex -215.12277115693433 11.23465156555177 13.80000019073487
  endloop
 endfacet
 facet normal 0.99691647334941 -0.07847002717327 0.00000000000000
  outer loop
   vertex -215.12277115693433 11.23465156555177 13.80000019073487
   vertex -215.12277115693433 11.23465156555177 15.50000000000001
   vertex -215.14124120583875 11.00000023841859 15.50000000000001
  endloop
 endfacet
 facet normal -0.64944134096341 -0.76041169418128 -0.00000000000000
  outer loop
   vertex -150.45956267228465 12.21352553367616 15.50000000000001
   vertex -150.45956267228465 12.21352553367616 13.80000019073487
   vertex -150.28057707658152 12.06066012382508 13.80000019073487
  endloop
 endfacet
 facet normal -0.64944134096341 -0.76041169418128 0.00000000000000
  outer loop
   vertex -150.28057707658152 12.06066012382508 13.80000019073487
   vertex -150.28057707658152 12.06066012382508 15.50000000000001
   vertex -150.45956267228465 12.21352553367616 15.50000000000001
  endloop
 endfacet
 facet normal 1.00000000000000 0.00000000000000 0.00000000000000
  outer loop
   vertex -215.14124120583875 11.00000023841859 15.50000000000001
   vertex -215.14124120583875 -11.00000023841859 15.50000000000001
   vertex -215.14124120583875 -11.00000023841859 13.80000019073487
  endloop
 endfacet
 facet normal 1.00000000000000 0.00000000000000 0.00000000000000
  outer loop
   vertex -215.14124120583875 -11.00000023841859 13.80000019073487
   vertex -215.14124120583875 11.00000023841859 13.80000019073487
   vertex -215.14124120583875 11.00000023841859 15.50000000000001
  endloop
 endfacet
 facet normal -0.76041214295963 -0.64944081550172 -0.00000000000000
  outer loop
   vertex -150.28057707658152 12.06066012382508 15.50000000000001
   vertex -150.28057707658152 12.06066012382508 13.80000019073487
   vertex -150.12771452775340 11.88167762756349 13.80000019073487
  endloop
 endfacet
 facet normal -0.76041214295963 -0.64944081550172 0.00000000000000
  outer loop
   vertex -150.12771452775340 11.88167762756349 13.80000019073487
   vertex -150.12771452775340 11.88167762756349 15.50000000000001
   vertex -150.28057707658152 12.06066012382508 15.50000000000001
  endloop
 endfacet
 facet normal -0.85263674245272 -0.52250414871044 -0.00000000000000
  outer loop
   vertex -150.12771452775340 11.88167762756348 15.50000000000001
   vertex -150.12771452775340 11.88167762756348 13.80000019073487
   vertex -150.00472868790965 11.68098592758179 13.80000019073487
  endloop
 endfacet
 facet normal -0.85263674245272 -0.52250414871044 0.00000000000000
  outer loop
   vertex -150.00472868790965 11.68098592758179 13.80000019073487
   vertex -150.00472868790965 11.68098592758179 15.50000000000001
   vertex -150.12771452775340 11.88167762756348 15.50000000000001
  endloop
 endfacet
 facet normal -0.92388300804368 -0.38267504157987 -0.00000000000000
  outer loop
   vertex -150.00472868790962 11.68098592758179 15.50000000000001
   vertex -150.00472868790962 11.68098592758179 13.80000019073487
   vertex -149.91465605607371 11.46352577209474 13.80000019073487
  endloop
 endfacet
 facet normal -0.92388300804369 -0.38267504157986 -0.00000000000000
  outer loop
   vertex -149.91465605607371 11.46352577209474 13.80000019073487
   vertex -149.91465605607371 11.46352577209474 15.50000000000001
   vertex -150.00472868790962 11.68098592758179 15.50000000000001
  endloop
 endfacet
 facet normal -0.97237082313309 -0.23344160366027 0.00000000000000
  outer loop
   vertex -149.85970915665965 11.23465156555177 13.80000019073487
   vertex -149.85970915665965 11.23465156555177 15.50000000000001
   vertex -149.91465605607371 11.46352577209474 15.50000000000001
  endloop
 endfacet
 facet normal -0.97237082313309 -0.23344160366027 -0.00000000000000
  outer loop
   vertex -149.91465605607371 11.46352577209474 15.50000000000001
   vertex -149.91465605607371 11.46352577209474 13.80000019073487
   vertex -149.85970915665965 11.23465156555177 13.80000019073487
  endloop
 endfacet
 facet normal -0.99691623562820 -0.07847304722580 -0.00000000000000
  outer loop
   vertex -149.84123839249949 11.00000023841859 15.50000000000001
   vertex -149.85970915665965 11.23465156555177 15.50000000000001
   vertex -149.85970915665965 11.23465156555177 13.80000019073487
  endloop
 endfacet
 facet normal -0.99691623562820 -0.07847304722580 -0.00000000000000
  outer loop
   vertex -149.85970915665965 11.23465156555177 13.80000019073487
   vertex -149.84123839249949 11.00000023841859 13.80000019073487
   vertex -149.84123839249949 11.00000023841859 15.50000000000001
  endloop
 endfacet
 facet normal -1.00000000000000 0.00000000000000 0.00000000000000
  outer loop
   vertex -149.84123839249949 -11.00000023841859 15.50000000000001
   vertex -149.84123839249949 11.00000023841859 15.50000000000001
   vertex -149.84123839249949 11.00000023841859 13.80000019073487
  endloop
 endfacet
 facet normal -1.00000000000000 0.00000000000000 0.00000000000000
  outer loop
   vertex -149.84123839249949 11.00000023841859 13.80000019073487
   vertex -149.84123839249949 -11.00000023841859 13.80000019073487
   vertex -149.84123839249949 -11.00000023841859 15.50000000000001
  endloop
 endfacet
 facet normal 0.99691647958651 0.07846994793445 0.00000000000000
  outer loop
   vertex -215.14124120583875 -11.00000023841859 15.50000000000001
   vertex -215.12277115693433 -11.23465180397035 15.50000000000001
   vertex -215.12277115693433 -11.23465180397035 13.80000019073487
  endloop
 endfacet
 facet normal 0.99691647958651 0.07846994793445 0.00000000000000
  outer loop
   vertex -215.12277115693433 -11.23465180397035 13.80000019073487
   vertex -215.14124120583875 -11.00000023841859 13.80000019073487
   vertex -215.14124120583875 -11.00000023841859 15.50000000000001
  endloop
 endfacet
 facet normal 0.97236967349992 0.23344639225667 0.00000000000000
  outer loop
   vertex -215.12277115693433 -11.23465180397035 15.50000000000001
   vertex -215.06782306542738 -11.46352601051332 15.50000000000001
   vertex -215.06782306542738 -11.46352601051332 13.80000019073487
  endloop
 endfacet
 facet normal 0.97236967349992 0.23344639225667 0.00000000000000
  outer loop
   vertex -215.06782306542738 -11.46352601051332 13.80000019073487
   vertex -215.12277115693433 -11.23465180397035 13.80000019073487
   vertex -215.12277115693433 -11.23465180397035 15.50000000000001
  endloop
 endfacet
 facet normal -0.99691624186578 0.07847296798397 0.00000000000000
  outer loop
   vertex -149.84123839249949 -11.00000023841859 15.50000000000001
   vertex -149.84123839249949 -11.00000023841859 13.80000019073487
   vertex -149.85970915665965 -11.23465180397035 13.80000019073487
  endloop
 endfacet
 facet normal -0.99691624186578 0.07847296798397 0.00000000000000
  outer loop
   vertex -149.85970915665965 -11.23465180397035 13.80000019073487
   vertex -149.85970915665965 -11.23465180397035 15.50000000000001
   vertex -149.84123839249949 -11.00000023841859 15.50000000000001
  endloop
 endfacet
 facet normal 0.92388032743020 0.38268151325544 0.00000000000000
  outer loop
   vertex -215.06782306542738 -11.46352601051332 15.50000000000001
   vertex -214.97774924149854 -11.68098473548891 15.50000000000001
   vertex -214.97774924149854 -11.68098473548890 13.80000019073487
  endloop
 endfacet
 facet normal 0.92388032743019 0.38268151325546 0.00000000000000
  outer loop
   vertex -214.97774924149854 -11.68098473548890 13.80000019073487
   vertex -215.06782306542738 -11.46352601051332 13.80000019073487
   vertex -215.06782306542738 -11.46352601051332 15.50000000000001
  endloop
 endfacet
 facet normal -0.97237082313309 0.23344160366027 0.00000000000000
  outer loop
   vertex -149.85970915665965 -11.23465180397035 15.50000000000001
   vertex -149.85970915665965 -11.23465180397035 13.80000019073487
   vertex -149.91465605607371 -11.46352601051332 13.80000019073487
  endloop
 endfacet
 facet normal -0.97237082313309 0.23344160366026 0.00000000000000
  outer loop
   vertex -149.91465605607371 -11.46352601051332 13.80000019073487
   vertex -149.91465605607371 -11.46352601051332 15.50000000000001
   vertex -149.85970915665965 -11.23465180397035 15.50000000000001
  endloop
 endfacet
 facet normal 0.85264381674936 0.52249260450181 0.00000000000000
  outer loop
   vertex -214.85476626267771 -11.88167786598207 13.80000019073487
   vertex -214.97774924149854 -11.68098473548890 13.80000019073487
   vertex -214.97774924149854 -11.68098473548891 15.50000000000001
  endloop
 endfacet
 facet normal 0.85264381674934 0.52249260450184 0.00000000000000
  outer loop
   vertex -214.97774924149854 -11.68098473548891 15.50000000000001
   vertex -214.85476626267771 -11.88167786598207 15.50000000000001
   vertex -214.85476626267771 -11.88167786598207 13.80000019073487
  endloop
 endfacet
 facet normal -0.92388211803840 0.38267719029083 0.00000000000000
  outer loop
   vertex -150.00472868790965 -11.68098473548890 13.80000019073487
   vertex -150.00472868790965 -11.68098473548890 15.50000000000001
   vertex -149.91465605607371 -11.46352601051332 15.50000000000001
  endloop
 endfacet
 facet normal -0.92388211803840 0.38267719029082 0.00000000000000
  outer loop
   vertex -149.91465605607371 -11.46352601051332 15.50000000000001
   vertex -149.91465605607371 -11.46352601051332 13.80000019073487
   vertex -150.00472868790965 -11.68098473548890 13.80000019073487
  endloop
 endfacet
 facet normal 0.76040085674744 0.64945402998038 -0.00000000000000
  outer loop
   vertex -214.85476626267771 -11.88167786598207 15.50000000000001
   vertex -214.70189894547804 -12.06065964698793 15.50000000000001
   vertex -214.70189894547804 -12.06065964698793 13.80000019073487
  endloop
 endfacet
 facet normal 0.76040085674744 0.64945402998038 -0.00000000000000
  outer loop
   vertex -214.70189894547804 -12.06065964698793 13.80000019073487
   vertex -214.85476626267771 -11.88167786598207 13.80000019073487
   vertex -214.85476626267771 -11.88167786598207 15.50000000000001
  endloop
 endfacet
 facet normal -0.85263840166546 0.52250144115148 0.00000000000000
  outer loop
   vertex -150.00472868790962 -11.68098473548890 15.50000000000001
   vertex -150.00472868790962 -11.68098473548890 13.80000019073487
   vertex -150.12771452775340 -11.88167786598207 13.80000019073487
  endloop
 endfacet
 facet normal -0.85263840166546 0.52250144115148 0.00000000000000
  outer loop
   vertex -150.12771452775340 -11.88167786598207 13.80000019073487
   vertex -150.12771452775340 -11.88167786598207 15.50000000000001
   vertex -150.00472868790962 -11.68098473548890 15.50000000000001
  endloop
 endfacet
 facet normal 0.64945218748382 0.76040243040937 0.00000000000000
  outer loop
   vertex -214.70189894547804 -12.06065964698792 15.50000000000001
   vertex -214.52291740289073 -12.21352601051332 15.50000000000001
   vertex -214.52291740289073 -12.21352601051332 13.80000019073487
  endloop
 endfacet
 facet normal 0.64945218748382 0.76040243040937 0.00000000000000
  outer loop
   vertex -214.52291740289073 -12.21352601051332 13.80000019073487
   vertex -214.70189894547804 -12.06065964698792 13.80000019073487
   vertex -214.70189894547804 -12.06065964698792 15.50000000000001
  endloop
 endfacet
 facet normal -0.76041086127701 0.64944231618517 0.00000000000000
  outer loop
   vertex -150.12771452775340 -11.88167786598207 15.50000000000001
   vertex -150.12771452775340 -11.88167786598207 13.80000019073487
   vertex -150.28057707658152 -12.06065964698793 13.80000019073487
  endloop
 endfacet
 facet normal -0.76041086127701 0.64944231618517 0.00000000000000
  outer loop
   vertex -150.28057707658152 -12.06065964698793 13.80000019073487
   vertex -150.28057707658152 -12.06065964698793 15.50000000000001
   vertex -150.12771452775340 -11.88167786598207 15.50000000000001
  endloop
 endfacet
 facet normal 0.52249690384321 0.85264118213599 0.00000000000000
  outer loop
   vertex -214.52291740289073 -12.21352601051332 15.50000000000001
   vertex -214.32222498765333 -12.33650994300842 15.50000000000001
   vertex -214.32222498765333 -12.33650994300842 13.80000019073487
  endloop
 endfacet
 facet normal 0.52249690384321 0.85264118213599 0.00000000000000
  outer loop
   vertex -214.32222498765333 -12.33650994300842 13.80000019073487
   vertex -214.52291740289073 -12.21352601051332 13.80000019073487
   vertex -214.52291740289073 -12.21352601051332 15.50000000000001
  endloop
 endfacet
 facet normal -0.64944368371722 0.76040969331000 0.00000000000000
  outer loop
   vertex -150.28057707658152 -12.06065964698793 15.50000000000001
   vertex -150.28057707658152 -12.06065964698793 13.80000019073487
   vertex -150.45956267228465 -12.21352601051332 13.80000019073487
  endloop
 endfacet
 facet normal -0.64944368371722 0.76040969331000 0.00000000000000
  outer loop
   vertex -150.45956267228465 -12.21352601051332 13.80000019073487
   vertex -150.45956267228465 -12.21352601051332 15.50000000000001
   vertex -150.28057707658152 -12.06065964698793 15.50000000000001
  endloop
 endfacet
 facet normal 0.38268195828583 0.92388014309353 0.00000000000000
  outer loop
   vertex -214.32222498765333 -12.33650994300843 15.50000000000001
   vertex -214.10476483216624 -12.42658448219302 15.50000000000001
   vertex -214.10476483216624 -12.42658448219302 13.80000019073487
  endloop
 endfacet
 facet normal 0.38268195828583 0.92388014309353 0.00000000000000
  outer loop
   vertex -214.10476483216624 -12.42658448219302 13.80000019073487
   vertex -214.32222498765333 -12.33650994300843 13.80000019073487
   vertex -214.32222498765333 -12.33650994300843 15.50000000000001
  endloop
 endfacet
 facet normal -0.52249916014399 0.85263979947504 0.00000000000000
  outer loop
   vertex -150.45956267228465 -12.21352601051332 15.50000000000001
   vertex -150.45956267228465 -12.21352601051332 13.80000019073487
   vertex -150.66025389542918 -12.33650994300843 13.80000019073487
  endloop
 endfacet
 facet normal -0.52249916014401 0.85263979947502 0.00000000000000
  outer loop
   vertex -150.66025389542918 -12.33650994300843 13.80000019073487
   vertex -150.66025389542918 -12.33650994300844 15.50000000000001
   vertex -150.45956267228465 -12.21352601051332 15.50000000000001
  endloop
 endfacet
 facet normal 0.23344137373596 0.97237087833206 -0.00000000000000
  outer loop
   vertex -214.10476483216624 -12.42658448219301 15.50000000000001
   vertex -213.87589038720475 -12.48153138160707 15.50000000000001
   vertex -213.87589038720475 -12.48153138160707 13.80000019073487
  endloop
 endfacet
 facet normal 0.23344137373596 0.97237087833206 -0.00000000000000
  outer loop
   vertex -213.87589038720475 -12.48153138160707 13.80000019073487
   vertex -214.10476483216624 -12.42658448219301 13.80000019073487
   vertex -214.10476483216624 -12.42658448219301 15.50000000000001
  endloop
 endfacet
 facet normal -0.38268124204524 0.92388043976843 0.00000000000000
  outer loop
   vertex -150.87771452775340 -12.42658448219300 13.80000019073487
   vertex -150.87771452775340 -12.42658448219300 15.50000000000001
   vertex -150.66025389542918 -12.33650994300844 15.50000000000001
  endloop
 endfacet
 facet normal -0.38268124204526 0.92388043976843 0.00000000000000
  outer loop
   vertex -150.66025389542918 -12.33650994300844 15.50000000000001
   vertex -150.66025389542918 -12.33650994300843 13.80000019073487
   vertex -150.87771452775340 -12.42658448219300 13.80000019073487
  endloop
 endfacet
 facet normal 0.07846531068438 0.99691684458595 0.00000000000000
  outer loop
   vertex -213.87589038720475 -12.48153138160707 15.50000000000001
   vertex -213.64124001374589 -12.50000023841859 15.50000000000001
   vertex -213.64124001374589 -12.50000023841859 13.80000019073487
  endloop
 endfacet
 facet normal 0.07846531068438 0.99691684458595 0.00000000000000
  outer loop
   vertex -213.64124001374589 -12.50000023841859 13.80000019073487
   vertex -213.87589038720475 -12.48153138160707 13.80000019073487
   vertex -213.87589038720475 -12.48153138160707 15.50000000000001
  endloop
 endfacet
 facet normal -0.23344160366027 0.97237082313309 0.00000000000000
  outer loop
   vertex -150.87771452775340 -12.42658448219300 15.50000000000001
   vertex -150.87771452775340 -12.42658448219300 13.80000019073487
   vertex -151.10658873429637 -12.48153138160707 13.80000019073487
  endloop
 endfacet
 facet normal -0.23344160366027 0.97237082313309 0.00000000000000
  outer loop
   vertex -151.10658873429637 -12.48153138160707 13.80000019073487
   vertex -151.10658873429637 -12.48153138160707 15.50000000000001
   vertex -150.87771452775340 -12.42658448219300 15.50000000000001
  endloop
 endfacet
 facet normal -0.07846554838865 0.99691682587670 0.00000000000000
  outer loop
   vertex -151.10658873429637 -12.48153138160707 15.50000000000001
   vertex -151.10658873429637 -12.48153138160707 13.80000019073487
   vertex -151.34123839249949 -12.50000023841859 13.80000019073487
  endloop
 endfacet
 facet normal -0.07846554838865 0.99691682587670 0.00000000000000
  outer loop
   vertex -151.34123839249949 -12.50000023841859 13.80000019073487
   vertex -151.34123839249949 -12.50000023841859 15.50000000000001
   vertex -151.10658873429637 -12.48153138160707 15.50000000000001
  endloop
 endfacet
 facet normal -0.00000000000000 1.00000000000000 0.00000000000000
  outer loop
   vertex -213.64124001374589 -12.50000023841859 15.50000000000001
   vertex -151.34123839249949 -12.50000023841859 15.50000000000001
   vertex -151.34123839249949 -12.50000023841859 13.80000019073487
  endloop
 endfacet
 facet normal 0.00000000000000 1.00000000000000 0.00000000000000
  outer loop
   vertex -151.34123839249949 -12.50000023841859 13.80000019073487
   vertex -213.64124001374589 -12.50000023841859 13.80000019073487
   vertex -213.64124001374589 -12.50000023841859 15.50000000000001
  endloop
 endfacet
endsolid STL file created by Vectorworks 2026 Update 2 (Build 841021)
